event_id,user_id,region,category,amount,ts
1,913,us-east,marketplace,61.98,1700000001
2,1144,us-east,compute,22.65,1700000002
3,3457,us-east,ads,24.33,1700000003
4,1906,ap-northeast,compute,7.61,1700000004
5,1629,ap-northeast,storage,55.89,1700000005
6,4828,eu-central,ads,189.94,1700000006
7,1308,ap-south,marketplace,70.19,1700000007
8,1764,eu-central,ads,24.09,1700000008
9,793,eu-central,marketplace,151.33,1700000009
10,356,ap-south,compute,32.08,1700000010
11,3101,us-east,compute,74.0,1700000011
12,2963,ap-northeast,subscription,176.44,1700000012
13,376,us-west,marketplace,246.32,1700000013
14,1908,us-east,storage,70.22,1700000014
15,2989,us-west,marketplace,89.46,1700000015
16,2188,us-east,compute,159.11,1700000016
17,4376,us-west,subscription,116.1,1700000017
18,2212,ap-northeast,subscription,171.47,1700000018
19,459,us-west,ads,201.46,1700000019
20,3287,eu-central,ads,53.53,1700000020
21,4647,eu-central,subscription,164.2,1700000021
22,3242,ap-south,subscription,66.96,1700000022
23,2021,ap-northeast,compute,66.42,1700000023
24,4789,ap-south,compute,100.45,1700000024
25,1797,us-west,compute,123.89,1700000025
26,386,us-east,subscription,157.23,1700000026
27,3459,ap-northeast,ads,96.81,1700000027
28,4882,ap-south,compute,63.6,1700000028
29,4533,us-east,ads,170.75,1700000029
30,4399,eu-central,marketplace,28.78,1700000030
31,3562,us-west,storage,1.81,1700000031
32,2158,ap-northeast,subscription,127.41,1700000032
33,872,eu-central,compute,152.63,1700000033
34,1253,eu-central,subscription,135.31,1700000034
35,4345,us-east,compute,81.71,1700000035
36,160,us-east,marketplace,219.8,1700000036
37,2520,us-west,ads,60.98,1700000037
38,4648,us-east,ads,183.24,1700000038
39,567,ap-northeast,subscription,32.97,1700000039
40,3894,ap-northeast,subscription,67.0,1700000040
41,4970,ap-south,subscription,232.3,1700000041
42,1648,eu-central,storage,248.79,1700000042
43,3060,ap-south,compute,113.42,1700000043
44,2031,us-west,ads,85.18,1700000044
45,4820,ap-northeast,subscription,147.52,1700000045
46,59,us-east,ads,58.01,1700000046
47,258,eu-central,ads,129.02,1700000047
48,2282,ap-south,subscription,135.27,1700000048
49,4678,ap-northeast,storage,61.51,1700000049
50,3875,ap-south,subscription,24.49,1700000050
51,3532,eu-central,storage,103.36,1700000051
52,444,us-east,ads,101.25,1700000052
53,2780,us-east,subscription,48.71,1700000053
54,4394,ap-south,subscription,106.05,1700000054
55,2282,ap-south,subscription,218.75,1700000055
56,618,ap-south,compute,25.38,1700000056
57,4429,us-east,ads,231.67,1700000057
58,1937,us-west,storage,121.92,1700000058
59,1752,ap-south,ads,41.99,1700000059
60,18,ap-south,marketplace,231.7,1700000060
61,3728,eu-central,storage,174.45,1700000061
62,4553,ap-south,subscription,48.28,1700000062
63,1784,us-east,compute,184.2,1700000063
64,500,eu-central,ads,13.49,1700000064
65,3906,ap-northeast,compute,40.2,1700000065
66,4161,us-east,subscription,18.06,1700000066
67,557,us-west,storage,30.85,1700000067
68,4667,us-west,compute,149.04,1700000068
69,672,ap-south,compute,141.74,1700000069
70,2592,eu-central,subscription,167.76,1700000070
71,2574,us-west,marketplace,99.55,1700000071
72,2458,ap-south,marketplace,232.33,1700000072
73,595,us-east,storage,155.67,1700000073
74,4613,us-east,ads,134.87,1700000074
75,4145,eu-central,subscription,233.38,1700000075
76,564,us-west,marketplace,71.96,1700000076
77,3590,ap-northeast,marketplace,153.31,1700000077
78,4334,us-east,compute,75.55,1700000078
79,849,us-west,marketplace,29.74,1700000079
80,877,ap-northeast,subscription,68.81,1700000080
81,4955,us-west,marketplace,51.7,1700000081
82,2163,ap-northeast,storage,63.53,1700000082
83,417,us-east,storage,207.51,1700000083
84,362,us-east,marketplace,193.01,1700000084
85,2146,us-west,storage,138.37,1700000085
86,3504,ap-northeast,ads,28.86,1700000086
87,1222,ap-northeast,ads,208.81,1700000087
88,4772,ap-northeast,subscription,108.02,1700000088
89,343,eu-central,marketplace,224.85,1700000089
90,327,eu-central,subscription,170.83,1700000090
91,843,eu-central,compute,221.15,1700000091
92,3330,ap-northeast,subscription,231.52,1700000092
93,1940,us-west,subscription,220.47,1700000093
94,204,us-west,marketplace,195.81,1700000094
95,3373,us-west,marketplace,40.64,1700000095
96,886,ap-south,ads,214.79,1700000096
97,1823,us-west,storage,88.06,1700000097
98,1865,us-west,ads,165.35,1700000098
99,3265,eu-central,marketplace,216.22,1700000099
100,2287,eu-central,compute,100.52,1700000100
101,4393,eu-central,ads,29.72,1700000101
102,2140,us-west,compute,240.67,1700000102
103,2175,us-east,ads,149.55,1700000103
104,2832,eu-central,storage,151.95,1700000104
105,4190,us-east,storage,224.98,1700000105
106,1558,eu-central,ads,177.49,1700000106
107,14,ap-northeast,compute,172.03,1700000107
108,1615,eu-central,storage,18.42,1700000108
109,2705,ap-northeast,marketplace,166.18,1700000109
110,1021,eu-central,compute,78.01,1700000110
111,3346,eu-central,storage,174.6,1700000111
112,4542,us-west,subscription,105.69,1700000112
113,3106,us-west,compute,142.71,1700000113
114,3327,ap-northeast,ads,76.66,1700000114
115,1722,ap-south,compute,152.06,1700000115
116,2640,ap-south,storage,111.1,1700000116
117,1751,ap-northeast,storage,198.64,1700000117
118,1391,us-east,marketplace,129.35,1700000118
119,2746,us-east,subscription,168.53,1700000119
120,1841,us-west,subscription,7.08,1700000120
121,2006,ap-south,compute,212.58,1700000121
122,597,ap-south,storage,221.65,1700000122
123,4716,us-west,storage,124.1,1700000123
124,1999,us-west,ads,223.27,1700000124
125,874,ap-south,subscription,44.8,1700000125
126,4244,ap-south,ads,139.79,1700000126
127,995,ap-south,subscription,200.55,1700000127
128,4352,ap-northeast,compute,80.01,1700000128
129,3626,ap-northeast,compute,107.26,1700000129
130,4489,ap-south,subscription,186.17,1700000130
131,3889,ap-south,marketplace,188.19,1700000131
132,2272,ap-northeast,storage,157.06,1700000132
133,2250,ap-south,ads,178.67,1700000133
134,1921,eu-central,marketplace,80.61,1700000134
135,4425,us-east,subscription,38.56,1700000135
136,3138,us-west,subscription,16.99,1700000136
137,3340,eu-central,compute,117.02,1700000137
138,511,us-west,storage,97.98,1700000138
139,4785,us-east,compute,95.71,1700000139
140,49,eu-central,marketplace,188.62,1700000140
141,3433,ap-northeast,compute,200.17,1700000141
142,1807,ap-south,subscription,68.96,1700000142
143,3979,us-east,storage,84.7,1700000143
144,3313,us-west,storage,229.97,1700000144
145,4376,us-east,storage,148.38,1700000145
146,223,us-east,storage,34.79,1700000146
147,3783,us-west,ads,65.78,1700000147
148,2682,us-west,storage,82.38,1700000148
149,3106,eu-central,storage,63.82,1700000149
150,671,ap-south,ads,187.51,1700000150
151,427,eu-central,subscription,162.89,1700000151
152,330,us-east,subscription,50.64,1700000152
153,167,ap-northeast,subscription,60.4,1700000153
154,3880,us-east,compute,236.99,1700000154
155,3810,eu-central,marketplace,42.78,1700000155
156,4975,us-east,subscription,241.22,1700000156
157,886,ap-northeast,ads,232.29,1700000157
158,4717,ap-south,storage,235.43,1700000158
159,1625,us-east,compute,172.96,1700000159
160,1990,us-east,marketplace,212.72,1700000160
161,4919,us-east,compute,195.88,1700000161
162,2845,ap-northeast,storage,165.72,1700000162
163,565,ap-northeast,marketplace,4.15,1700000163
164,3442,ap-south,ads,108.95,1700000164
165,2968,ap-south,subscription,109.44,1700000165
166,4275,eu-central,compute,202.24,1700000166
167,4409,ap-south,storage,109.46,1700000167
168,4854,eu-central,marketplace,213.08,1700000168
169,710,eu-central,storage,61.72,1700000169
170,3807,ap-northeast,compute,167.38,1700000170
171,2756,us-east,storage,212.89,1700000171
172,1490,ap-south,subscription,89.35,1700000172
173,2117,eu-central,marketplace,220.2,1700000173
174,2264,ap-northeast,ads,129.64,1700000174
175,1566,us-east,subscription,180.3,1700000175
176,4003,ap-northeast,subscription,172.96,1700000176
177,4021,ap-south,ads,24.17,1700000177
178,1816,ap-south,subscription,77.25,1700000178
179,4765,eu-central,storage,138.81,1700000179
180,2817,ap-south,compute,83.37,1700000180
181,3718,eu-central,marketplace,63.6,1700000181
182,989,us-west,marketplace,30.77,1700000182
183,4390,us-west,subscription,54.88,1700000183
184,3967,eu-central,compute,244.18,1700000184
185,4298,ap-northeast,marketplace,245.15,1700000185
186,1591,eu-central,subscription,90.86,1700000186
187,2477,us-east,compute,32.52,1700000187
188,373,us-east,compute,73.74,1700000188
189,1035,ap-south,ads,218.31,1700000189
190,4703,eu-central,storage,120.2,1700000190
191,2792,us-west,ads,63.87,1700000191
192,3914,us-east,ads,100.78,1700000192
193,607,ap-northeast,ads,38.78,1700000193
194,4611,eu-central,ads,248.49,1700000194
195,971,ap-northeast,storage,151.97,1700000195
196,1849,ap-northeast,storage,113.18,1700000196
197,3627,eu-central,compute,247.52,1700000197
198,2502,ap-northeast,compute,16.0,1700000198
199,813,us-west,subscription,66.9,1700000199
200,666,us-west,subscription,44.28,1700000200
201,615,us-west,ads,102.72,1700000201
202,4865,ap-south,marketplace,9.13,1700000202
203,2361,eu-central,storage,18.72,1700000203
204,1913,eu-central,compute,165.63,1700000204
205,1621,ap-south,ads,136.6,1700000205
206,1221,eu-central,subscription,18.78,1700000206
207,1360,eu-central,compute,187.49,1700000207
208,4663,eu-central,storage,31.96,1700000208
209,2492,ap-south,marketplace,125.62,1700000209
210,4046,ap-south,ads,149.91,1700000210
211,3540,eu-central,compute,63.34,1700000211
212,749,us-west,compute,147.19,1700000212
213,170,eu-central,compute,11.02,1700000213
214,1436,ap-south,compute,163.23,1700000214
215,2279,us-west,compute,109.54,1700000215
216,4029,us-east,storage,87.64,1700000216
217,2731,eu-central,ads,214.58,1700000217
218,2702,ap-south,storage,72.77,1700000218
219,3281,ap-northeast,ads,114.25,1700000219
220,2577,eu-central,marketplace,29.86,1700000220
221,3312,ap-northeast,ads,164.76,1700000221
222,4445,ap-south,storage,14.5,1700000222
223,4248,eu-central,compute,189.35,1700000223
224,3622,us-east,subscription,67.5,1700000224
225,1074,eu-central,storage,220.33,1700000225
226,3971,us-east,ads,243.31,1700000226
227,4988,us-west,subscription,78.38,1700000227
228,113,ap-northeast,storage,24.21,1700000228
229,930,ap-south,ads,162.28,1700000229
230,1262,ap-south,marketplace,127.71,1700000230
231,2240,ap-south,storage,245.08,1700000231
232,1997,ap-south,compute,37.02,1700000232
233,1562,ap-northeast,compute,186.83,1700000233
234,1119,us-east,marketplace,193.4,1700000234
235,3400,eu-central,compute,67.53,1700000235
236,22,eu-central,marketplace,209.53,1700000236
237,4751,ap-south,subscription,112.19,1700000237
238,3968,eu-central,marketplace,138.43,1700000238
239,4452,ap-south,storage,233.28,1700000239
240,1546,us-west,compute,96.36,1700000240
241,3366,us-east,marketplace,186.43,1700000241
242,3124,ap-south,subscription,124.34,1700000242
243,304,us-west,compute,241.37,1700000243
244,2720,us-east,storage,25.83,1700000244
245,3744,us-east,subscription,103.08,1700000245
246,1265,us-east,storage,195.6,1700000246
247,2172,eu-central,compute,173.48,1700000247
248,658,eu-central,compute,95.62,1700000248
249,2595,ap-south,compute,9.94,1700000249
250,561,us-west,marketplace,249.36,1700000250
251,741,ap-south,ads,190.33,1700000251
252,824,ap-south,subscription,173.81,1700000252
253,238,us-east,marketplace,199.24,1700000253
254,2404,eu-central,marketplace,108.24,1700000254
255,2001,ap-northeast,storage,141.92,1700000255
256,1476,us-west,subscription,20.66,1700000256
257,3134,ap-northeast,subscription,124.92,1700000257
258,4778,us-west,subscription,115.83,1700000258
259,2081,ap-south,marketplace,167.04,1700000259
260,3812,eu-central,compute,40.34,1700000260
261,3619,eu-central,compute,75.49,1700000261
262,3476,eu-central,storage,211.48,1700000262
263,1632,ap-south,storage,27.56,1700000263
264,3125,ap-northeast,marketplace,144.13,1700000264
265,2419,us-east,storage,69.35,1700000265
266,4637,us-east,compute,186.55,1700000266
267,2345,us-west,compute,200.68,1700000267
268,1795,us-west,compute,63.41,1700000268
269,1121,us-east,ads,77.92,1700000269
270,3612,us-east,compute,91.85,1700000270
271,1077,us-east,marketplace,82.35,1700000271
272,3404,us-west,subscription,33.91,1700000272
273,4419,eu-central,compute,125.95,1700000273
274,2233,us-west,marketplace,228.6,1700000274
275,3948,eu-central,marketplace,201.25,1700000275
276,3837,us-east,subscription,188.78,1700000276
277,1849,ap-south,compute,92.08,1700000277
278,3233,us-east,marketplace,134.61,1700000278
279,3726,eu-central,marketplace,146.56,1700000279
280,3044,us-east,subscription,118.4,1700000280
281,4600,eu-central,compute,56.12,1700000281
282,518,ap-south,marketplace,162.66,1700000282
283,956,us-west,ads,236.62,1700000283
284,2494,ap-south,ads,25.2,1700000284
285,4404,us-west,storage,113.96,1700000285
286,4426,ap-south,compute,185.82,1700000286
287,1266,ap-south,ads,208.59,1700000287
288,3344,eu-central,ads,172.88,1700000288
289,1780,ap-south,storage,237.69,1700000289
290,2972,us-east,marketplace,136.57,1700000290
291,2939,us-east,storage,69.69,1700000291
292,1001,ap-south,ads,166.03,1700000292
293,4892,us-east,ads,196.91,1700000293
294,1996,us-west,compute,52.1,1700000294
295,4541,us-west,compute,54.77,1700000295
296,1909,eu-central,subscription,197.37,1700000296
297,4883,us-east,marketplace,214.74,1700000297
298,1186,us-west,compute,63.41,1700000298
299,1430,us-east,ads,33.82,1700000299
300,2935,us-west,compute,81.62,1700000300
301,1428,eu-central,ads,32.56,1700000301
302,3449,ap-northeast,ads,186.67,1700000302
303,3902,ap-south,marketplace,128.8,1700000303
304,894,ap-south,compute,56.17,1700000304
305,356,ap-northeast,marketplace,115.05,1700000305
306,256,us-east,storage,211.98,1700000306
307,3493,us-east,storage,178.39,1700000307
308,3634,us-east,ads,81.21,1700000308
309,1216,us-east,subscription,69.48,1700000309
310,4796,ap-northeast,marketplace,95.85,1700000310
311,4894,ap-northeast,marketplace,113.98,1700000311
312,4960,ap-south,ads,198.48,1700000312
313,938,ap-northeast,subscription,108.09,1700000313
314,1872,ap-south,marketplace,207.03,1700000314
315,3267,ap-south,ads,78.82,1700000315
316,2561,eu-central,marketplace,238.44,1700000316
317,3886,us-east,ads,208.11,1700000317
318,764,ap-south,ads,186.4,1700000318
319,3053,us-west,compute,15.94,1700000319
320,4601,ap-northeast,marketplace,167.83,1700000320
321,3366,eu-central,storage,217.15,1700000321
322,422,eu-central,compute,78.8,1700000322
323,849,ap-northeast,compute,53.97,1700000323
324,3951,us-west,ads,88.18,1700000324
325,4557,eu-central,ads,190.89,1700000325
326,4704,us-west,storage,211.44,1700000326
327,4561,us-east,compute,232.34,1700000327
328,2191,us-east,subscription,69.04,1700000328
329,2532,eu-central,marketplace,2.52,1700000329
330,1174,ap-northeast,storage,18.33,1700000330
331,252,us-east,compute,54.57,1700000331
332,3440,ap-south,marketplace,40.19,1700000332
333,2553,eu-central,compute,149.46,1700000333
334,431,us-west,subscription,188.85,1700000334
335,408,us-east,marketplace,111.34,1700000335
336,3474,ap-south,compute,111.07,1700000336
337,2238,us-west,compute,29.34,1700000337
338,3522,us-east,marketplace,169.88,1700000338
339,4859,ap-south,compute,167.12,1700000339
340,373,us-west,storage,246.13,1700000340
341,449,us-east,subscription,76.05,1700000341
342,1731,us-west,marketplace,73.07,1700000342
343,983,us-east,storage,187.01,1700000343
344,1440,us-west,storage,133.61,1700000344
345,1886,ap-northeast,compute,208.51,1700000345
346,2902,us-east,storage,215.58,1700000346
347,347,ap-south,ads,115.48,1700000347
348,638,eu-central,compute,107.89,1700000348
349,3314,ap-south,marketplace,29.68,1700000349
350,171,eu-central,subscription,200.53,1700000350
351,3770,eu-central,ads,109.74,1700000351
352,868,us-west,storage,147.63,1700000352
353,4293,us-east,storage,217.76,1700000353
354,2782,us-west,marketplace,195.0,1700000354
355,626,ap-northeast,ads,133.12,1700000355
356,1589,eu-central,marketplace,182.12,1700000356
357,1210,us-west,ads,37.46,1700000357
358,1617,us-west,compute,39.06,1700000358
359,618,us-west,storage,116.52,1700000359
360,4619,ap-northeast,storage,170.6,1700000360
361,4625,ap-northeast,marketplace,216.2,1700000361
362,2590,us-west,storage,18.0,1700000362
363,3623,eu-central,marketplace,148.26,1700000363
364,2884,ap-northeast,ads,78.29,1700000364
365,3703,us-east,ads,92.82,1700000365
366,2352,us-east,ads,154.14,1700000366
367,4154,ap-south,storage,145.5,1700000367
368,337,ap-south,compute,163.31,1700000368
369,2634,ap-northeast,storage,125.84,1700000369
370,507,ap-south,ads,202.93,1700000370
371,2814,us-east,compute,161.89,1700000371
372,321,us-west,storage,247.76,1700000372
373,4294,ap-northeast,compute,40.53,1700000373
374,3055,eu-central,storage,102.78,1700000374
375,2772,ap-northeast,ads,197.52,1700000375
376,2742,us-east,marketplace,24.53,1700000376
377,3167,eu-central,marketplace,181.21,1700000377
378,4938,us-west,marketplace,21.29,1700000378
379,1159,eu-central,marketplace,241.96,1700000379
380,3211,us-west,compute,177.5,1700000380
381,695,eu-central,compute,94.79,1700000381
382,2691,us-west,compute,24.27,1700000382
383,3469,ap-northeast,marketplace,5.54,1700000383
384,2531,us-west,subscription,86.09,1700000384
385,3984,us-west,subscription,249.99,1700000385
386,1270,us-east,marketplace,211.26,1700000386
387,829,ap-northeast,compute,208.94,1700000387
388,4314,us-east,marketplace,219.22,1700000388
389,1074,ap-northeast,storage,39.41,1700000389
390,1482,ap-northeast,subscription,180.57,1700000390
391,358,ap-south,marketplace,169.41,1700000391
392,1946,ap-south,compute,71.95,1700000392
393,3678,us-west,compute,60.55,1700000393
394,3843,us-west,marketplace,169.9,1700000394
395,4673,ap-south,storage,192.59,1700000395
396,3129,ap-northeast,compute,105.25,1700000396
397,1328,us-west,compute,35.46,1700000397
398,2049,us-east,storage,218.66,1700000398
399,4543,us-east,compute,212.94,1700000399
400,2336,us-east,subscription,68.93,1700000400
401,4206,us-west,storage,23.84,1700000401
402,1819,ap-south,marketplace,232.69,1700000402
403,3399,us-east,storage,126.0,1700000403
404,1932,ap-south,ads,94.35,1700000404
405,231,eu-central,ads,209.95,1700000405
406,2747,us-west,subscription,10.54,1700000406
407,3871,us-west,storage,112.7,1700000407
408,44,us-east,ads,64.73,1700000408
409,1225,ap-northeast,compute,132.42,1700000409
410,911,eu-central,subscription,75.99,1700000410
411,392,us-west,storage,160.1,1700000411
412,3745,us-east,ads,209.34,1700000412
413,4095,ap-northeast,compute,5.09,1700000413
414,4222,ap-northeast,subscription,179.92,1700000414
415,2387,ap-south,ads,154.09,1700000415
416,1971,ap-northeast,storage,47.64,1700000416
417,702,ap-northeast,marketplace,17.85,1700000417
418,4310,ap-northeast,compute,196.82,1700000418
419,4159,ap-northeast,ads,98.22,1700000419
420,3852,us-east,storage,245.28,1700000420
421,2078,us-east,marketplace,197.34,1700000421
422,2825,us-west,ads,193.1,1700000422
423,2724,us-west,ads,88.72,1700000423
424,2774,us-west,storage,245.22,1700000424
425,3921,us-west,subscription,16.71,1700000425
426,3750,us-east,marketplace,51.2,1700000426
427,1635,us-east,marketplace,233.41,1700000427
428,4223,ap-south,compute,118.88,1700000428
429,300,us-west,marketplace,89.89,1700000429
430,392,eu-central,marketplace,31.99,1700000430
431,3015,ap-south,storage,186.08,1700000431
432,3168,eu-central,subscription,124.55,1700000432
433,4076,eu-central,compute,67.41,1700000433
434,677,ap-south,ads,108.22,1700000434
435,1479,ap-northeast,marketplace,80.98,1700000435
436,656,eu-central,marketplace,77.32,1700000436
437,4937,ap-south,subscription,172.75,1700000437
438,2880,ap-south,ads,181.98,1700000438
439,2889,ap-northeast,storage,69.36,1700000439
440,470,us-east,storage,91.46,1700000440
441,1311,us-east,subscription,212.32,1700000441
442,3590,us-east,subscription,17.74,1700000442
443,3001,eu-central,storage,237.42,1700000443
444,266,ap-northeast,subscription,170.09,1700000444
445,3039,eu-central,storage,191.01,1700000445
446,4702,us-west,compute,92.37,1700000446
447,2576,eu-central,subscription,240.17,1700000447
448,213,us-west,storage,129.92,1700000448
449,4602,us-east,marketplace,193.97,1700000449
450,3656,us-west,compute,72.11,1700000450
451,4024,us-west,ads,34.8,1700000451
452,607,ap-south,subscription,224.77,1700000452
453,3647,us-east,marketplace,167.29,1700000453
454,532,ap-northeast,compute,73.3,1700000454
455,2458,us-west,subscription,198.63,1700000455
456,4168,us-west,ads,246.3,1700000456
457,1138,us-west,storage,7.54,1700000457
458,4539,ap-northeast,marketplace,117.38,1700000458
459,4520,us-west,compute,221.18,1700000459
460,539,eu-central,storage,249.9,1700000460
461,3922,ap-northeast,storage,192.52,1700000461
462,4710,us-east,subscription,243.12,1700000462
463,608,ap-south,storage,170.35,1700000463
464,2823,us-west,compute,160.31,1700000464
465,1491,us-west,storage,126.21,1700000465
466,454,us-east,compute,39.1,1700000466
467,1349,us-west,marketplace,233.75,1700000467
468,1848,eu-central,compute,223.84,1700000468
469,647,eu-central,subscription,159.13,1700000469
470,4513,eu-central,subscription,156.63,1700000470
471,4371,us-east,compute,160.61,1700000471
472,4849,ap-northeast,subscription,43.63,1700000472
473,4958,eu-central,compute,11.26,1700000473
474,233,us-east,ads,237.19,1700000474
475,4725,eu-central,subscription,191.97,1700000475
476,3413,ap-northeast,ads,125.01,1700000476
477,4470,eu-central,marketplace,121.25,1700000477
478,3327,eu-central,storage,19.17,1700000478
479,491,us-west,storage,104.49,1700000479
480,3805,us-west,marketplace,152.06,1700000480
481,2561,eu-central,marketplace,243.87,1700000481
482,1072,eu-central,compute,140.85,1700000482
483,2615,us-west,storage,31.51,1700000483
484,3684,us-west,subscription,25.11,1700000484
485,2378,ap-south,compute,105.12,1700000485
486,1309,eu-central,compute,180.56,1700000486
487,1556,us-west,storage,249.0,1700000487
488,3825,ap-south,marketplace,124.85,1700000488
489,738,ap-south,compute,114.85,1700000489
490,1973,us-west,compute,88.87,1700000490
491,415,eu-central,storage,149.78,1700000491
492,3856,eu-central,compute,3.04,1700000492
493,881,ap-south,subscription,220.73,1700000493
494,2997,ap-south,marketplace,12.27,1700000494
495,420,ap-northeast,compute,49.47,1700000495
496,4533,eu-central,ads,97.2,1700000496
497,3690,ap-northeast,marketplace,206.5,1700000497
498,974,us-west,ads,99.08,1700000498
499,2778,ap-northeast,marketplace,188.99,1700000499
500,1631,ap-northeast,compute,100.95,1700000500
501,330,us-east,ads,35.12,1700000501
502,2729,ap-south,compute,114.79,1700000502
503,4967,ap-northeast,subscription,82.66,1700000503
504,2610,us-west,storage,247.66,1700000504
505,2452,ap-northeast,marketplace,127.32,1700000505
506,4176,ap-northeast,storage,177.48,1700000506
507,2456,ap-south,ads,92.72,1700000507
508,898,ap-south,compute,77.61,1700000508
509,219,ap-northeast,storage,67.12,1700000509
510,4739,ap-northeast,subscription,180.63,1700000510
511,4781,ap-south,subscription,131.53,1700000511
512,3115,us-west,subscription,8.86,1700000512
513,901,us-west,ads,110.82,1700000513
514,3431,us-west,storage,172.93,1700000514
515,3362,ap-northeast,compute,230.21,1700000515
516,511,us-west,compute,52.63,1700000516
517,2663,ap-south,compute,94.83,1700000517
518,1419,ap-south,compute,86.24,1700000518
519,2903,eu-central,compute,121.56,1700000519
520,2020,eu-central,compute,75.33,1700000520
521,2439,eu-central,subscription,172.87,1700000521
522,4006,eu-central,storage,87.85,1700000522
523,2241,eu-central,ads,143.8,1700000523
524,4450,ap-south,storage,204.78,1700000524
525,1200,eu-central,ads,72.62,1700000525
526,648,eu-central,storage,164.34,1700000526
527,3925,us-west,subscription,207.16,1700000527
528,2222,ap-northeast,marketplace,35.18,1700000528
529,4808,us-west,subscription,13.64,1700000529
530,4351,us-west,subscription,14.07,1700000530
531,3386,eu-central,storage,26.04,1700000531
532,1127,us-east,compute,244.5,1700000532
533,1294,ap-south,storage,119.88,1700000533
534,1634,eu-central,marketplace,72.07,1700000534
535,485,us-east,compute,58.82,1700000535
536,306,us-west,storage,220.68,1700000536
537,1441,us-east,storage,197.2,1700000537
538,1527,eu-central,ads,3.31,1700000538
539,4653,ap-northeast,ads,232.19,1700000539
540,2745,eu-central,storage,247.29,1700000540
541,4451,ap-northeast,storage,222.43,1700000541
542,1100,ap-northeast,storage,68.94,1700000542
543,923,eu-central,subscription,183.05,1700000543
544,2108,us-west,ads,184.42,1700000544
545,2417,ap-northeast,subscription,44.7,1700000545
546,3322,ap-south,compute,82.65,1700000546
547,3284,us-east,subscription,245.44,1700000547
548,3912,eu-central,subscription,2.7,1700000548
549,3143,us-west,storage,188.69,1700000549
550,2701,eu-central,compute,181.0,1700000550
551,94,eu-central,marketplace,173.5,1700000551
552,509,us-east,storage,77.39,1700000552
553,3322,ap-northeast,marketplace,172.88,1700000553
554,2417,eu-central,compute,55.99,1700000554
555,1095,ap-south,subscription,114.29,1700000555
556,4963,eu-central,storage,175.78,1700000556
557,3858,ap-northeast,subscription,190.7,1700000557
558,4881,us-east,compute,112.24,1700000558
559,2964,us-east,compute,28.94,1700000559
560,4487,ap-northeast,subscription,143.6,1700000560
561,1228,us-west,marketplace,213.77,1700000561
562,3620,us-east,subscription,179.51,1700000562
563,4005,us-east,compute,111.93,1700000563
564,456,ap-south,subscription,128.8,1700000564
565,3743,ap-northeast,ads,140.14,1700000565
566,2525,us-east,storage,64.36,1700000566
567,25,us-west,compute,19.18,1700000567
568,3471,eu-central,ads,135.75,1700000568
569,494,us-east,storage,8.9,1700000569
570,3350,us-west,subscription,191.69,1700000570
571,3444,eu-central,storage,112.69,1700000571
572,3093,ap-south,ads,171.0,1700000572
573,4418,us-west,marketplace,30.54,1700000573
574,4402,ap-south,compute,32.71,1700000574
575,1825,us-east,ads,244.64,1700000575
576,3793,ap-northeast,storage,133.45,1700000576
577,1882,us-west,storage,87.19,1700000577
578,2259,us-west,ads,9.02,1700000578
579,3435,ap-northeast,ads,60.93,1700000579
580,552,us-east,compute,9.36,1700000580
581,4898,us-east,subscription,185.39,1700000581
582,3296,ap-south,subscription,135.4,1700000582
583,463,us-west,compute,248.38,1700000583
584,1919,ap-northeast,marketplace,144.79,1700000584
585,2627,us-west,marketplace,219.19,1700000585
586,4271,us-west,storage,75.82,1700000586
587,500,ap-northeast,compute,220.05,1700000587
588,1435,ap-south,compute,124.41,1700000588
589,2822,ap-south,compute,80.36,1700000589
590,3411,ap-south,subscription,75.67,1700000590
591,1507,ap-northeast,storage,61.0,1700000591
592,1847,eu-central,subscription,201.64,1700000592
593,473,ap-northeast,storage,241.98,1700000593
594,4566,ap-northeast,subscription,97.72,1700000594
595,2089,us-west,marketplace,162.03,1700000595
596,3685,eu-central,ads,134.37,1700000596
597,1561,us-east,marketplace,94.91,1700000597
598,4956,ap-northeast,ads,218.53,1700000598
599,1542,ap-northeast,compute,55.04,1700000599
600,1712,eu-central,marketplace,239.3,1700000600
601,126,us-west,subscription,240.56,1700000601
602,962,ap-south,subscription,174.21,1700000602
603,1676,ap-south,subscription,138.47,1700000603
604,2319,ap-south,storage,133.88,1700000604
605,2944,eu-central,marketplace,90.55,1700000605
606,4074,ap-south,ads,200.9,1700000606
607,3847,eu-central,subscription,93.31,1700000607
608,3391,us-east,compute,216.16,1700000608
609,1196,us-east,marketplace,138.77,1700000609
610,4785,ap-northeast,storage,74.5,1700000610
611,1608,eu-central,subscription,95.58,1700000611
612,2014,ap-south,compute,164.0,1700000612
613,2766,eu-central,storage,241.66,1700000613
614,4019,ap-south,subscription,183.46,1700000614
615,2886,us-west,subscription,180.36,1700000615
616,4001,us-west,compute,247.59,1700000616
617,482,ap-northeast,ads,209.93,1700000617
618,609,us-east,ads,103.69,1700000618
619,1896,us-east,subscription,3.28,1700000619
620,4143,ap-south,marketplace,16.05,1700000620
621,3959,ap-south,ads,2.65,1700000621
622,4520,ap-south,ads,5.16,1700000622
623,2251,ap-northeast,marketplace,5.27,1700000623
624,3528,us-west,ads,229.59,1700000624
625,4296,us-west,subscription,48.79,1700000625
626,4313,eu-central,marketplace,67.56,1700000626
627,3252,us-east,marketplace,239.87,1700000627
628,3761,ap-northeast,subscription,247.57,1700000628
629,1851,eu-central,ads,163.78,1700000629
630,260,us-east,storage,95.44,1700000630
631,4528,ap-south,ads,159.55,1700000631
632,1404,us-east,storage,211.49,1700000632
633,2714,ap-northeast,ads,223.8,1700000633
634,349,us-west,subscription,225.42,1700000634
635,4644,ap-south,marketplace,12.59,1700000635
636,610,eu-central,compute,141.31,1700000636
637,270,us-west,marketplace,4.9,1700000637
638,1698,ap-northeast,subscription,188.31,1700000638
639,3263,us-east,marketplace,41.45,1700000639
640,1970,ap-northeast,storage,169.58,1700000640
641,4429,eu-central,storage,189.15,1700000641
642,1147,us-east,compute,186.62,1700000642
643,2834,us-east,ads,109.83,1700000643
644,623,eu-central,compute,192.48,1700000644
645,4880,ap-south,marketplace,8.38,1700000645
646,2240,ap-south,storage,57.81,1700000646
647,4531,ap-south,storage,47.25,1700000647
648,4800,ap-south,ads,193.27,1700000648
649,2420,us-west,ads,21.43,1700000649
650,1264,ap-south,subscription,185.17,1700000650
651,2595,eu-central,ads,23.79,1700000651
652,2526,ap-south,marketplace,190.58,1700000652
653,838,us-west,ads,47.66,1700000653
654,3677,ap-northeast,compute,128.6,1700000654
655,847,us-east,ads,89.12,1700000655
656,763,ap-northeast,compute,196.33,1700000656
657,3156,us-east,marketplace,104.04,1700000657
658,694,ap-northeast,subscription,143.42,1700000658
659,1390,ap-south,subscription,35.57,1700000659
660,2467,eu-central,storage,37.34,1700000660
661,1370,ap-south,marketplace,105.85,1700000661
662,3967,us-east,marketplace,63.67,1700000662
663,2021,ap-south,compute,154.55,1700000663
664,3751,us-east,subscription,76.86,1700000664
665,3242,eu-central,compute,95.59,1700000665
666,2700,ap-south,marketplace,108.22,1700000666
667,4870,us-west,marketplace,80.85,1700000667
668,1646,ap-south,marketplace,45.23,1700000668
669,3263,eu-central,marketplace,183.98,1700000669
670,4023,ap-northeast,subscription,82.15,1700000670
671,2297,ap-south,marketplace,29.36,1700000671
672,4620,us-west,compute,249.32,1700000672
673,1474,ap-northeast,ads,238.3,1700000673
674,3782,us-west,storage,199.62,1700000674
675,567,ap-south,storage,35.66,1700000675
676,2481,us-west,marketplace,165.01,1700000676
677,3467,ap-south,ads,112.82,1700000677
678,4899,ap-south,compute,100.8,1700000678
679,4151,ap-south,compute,10.15,1700000679
680,2946,ap-northeast,compute,159.91,1700000680
681,697,us-east,subscription,164.74,1700000681
682,2909,us-west,compute,12.03,1700000682
683,3274,eu-central,storage,27.38,1700000683
684,808,eu-central,subscription,128.16,1700000684
685,4250,ap-northeast,compute,172.23,1700000685
686,1811,ap-south,marketplace,98.39,1700000686
687,4822,ap-northeast,subscription,86.9,1700000687
688,202,ap-south,ads,74.56,1700000688
689,704,us-east,subscription,87.73,1700000689
690,2811,ap-south,subscription,130.76,1700000690
691,2854,ap-south,ads,110.1,1700000691
692,3707,eu-central,ads,75.77,1700000692
693,943,us-east,marketplace,162.34,1700000693
694,1347,us-west,compute,44.44,1700000694
695,1312,eu-central,compute,107.17,1700000695
696,3786,us-west,storage,157.81,1700000696
697,1527,ap-south,storage,8.27,1700000697
698,1617,ap-south,compute,107.96,1700000698
699,37,us-west,subscription,70.31,1700000699
700,513,ap-northeast,ads,200.08,1700000700
701,4399,us-west,marketplace,82.17,1700000701
702,3749,us-east,marketplace,168.0,1700000702
703,4010,ap-northeast,marketplace,149.65,1700000703
704,3216,ap-northeast,ads,87.63,1700000704
705,3751,ap-northeast,subscription,203.62,1700000705
706,2437,ap-northeast,compute,22.1,1700000706
707,1098,eu-central,ads,60.4,1700000707
708,959,us-west,marketplace,173.67,1700000708
709,4185,ap-south,storage,149.51,1700000709
710,4709,ap-south,storage,47.25,1700000710
711,4403,us-west,compute,42.55,1700000711
712,2367,us-west,subscription,79.33,1700000712
713,3695,ap-northeast,ads,216.52,1700000713
714,79,ap-south,subscription,49.59,1700000714
715,3146,ap-northeast,compute,163.61,1700000715
716,3352,ap-south,storage,177.83,1700000716
717,3637,ap-south,subscription,21.58,1700000717
718,253,us-west,marketplace,9.14,1700000718
719,1842,ap-northeast,marketplace,42.88,1700000719
720,3747,ap-northeast,storage,137.88,1700000720
721,928,ap-northeast,ads,67.7,1700000721
722,4450,eu-central,compute,205.83,1700000722
723,341,ap-south,compute,55.42,1700000723
724,3483,us-east,subscription,75.13,1700000724
725,265,ap-south,marketplace,87.8,1700000725
726,713,ap-south,ads,194.13,1700000726
727,1942,us-west,compute,172.59,1700000727
728,5000,ap-south,subscription,154.42,1700000728
729,1693,us-west,ads,142.95,1700000729
730,4361,eu-central,compute,135.15,1700000730
731,2652,eu-central,marketplace,143.61,1700000731
732,4215,us-east,subscription,240.73,1700000732
733,3372,us-east,marketplace,216.89,1700000733
734,1040,us-west,subscription,37.41,1700000734
735,2639,us-west,storage,122.88,1700000735
736,4731,eu-central,storage,94.42,1700000736
737,619,us-east,storage,129.39,1700000737
738,2280,eu-central,storage,237.61,1700000738
739,2682,ap-northeast,ads,217.36,1700000739
740,764,ap-south,marketplace,212.68,1700000740
741,4379,ap-south,subscription,242.06,1700000741
742,1736,ap-south,marketplace,81.39,1700000742
743,2324,eu-central,compute,144.91,1700000743
744,4638,ap-south,marketplace,223.64,1700000744
745,397,us-east,ads,156.92,1700000745
746,3765,us-east,ads,232.43,1700000746
747,1295,ap-south,storage,1.17,1700000747
748,3505,us-west,subscription,220.65,1700000748
749,2473,us-west,marketplace,24.24,1700000749
750,2953,eu-central,ads,93.59,1700000750
751,1356,us-east,storage,156.78,1700000751
752,1919,ap-south,ads,176.22,1700000752
753,9,us-west,storage,20.41,1700000753
754,4864,us-west,compute,170.32,1700000754
755,77,us-east,marketplace,204.46,1700000755
756,3460,us-west,storage,18.64,1700000756
757,3139,us-east,ads,26.7,1700000757
758,3012,eu-central,subscription,96.3,1700000758
759,1091,us-west,ads,133.1,1700000759
760,70,ap-northeast,subscription,110.58,1700000760
761,1746,us-west,storage,154.4,1700000761
762,3625,us-west,ads,224.25,1700000762
763,1147,us-east,compute,182.77,1700000763
764,2880,ap-south,marketplace,197.98,1700000764
765,2030,eu-central,ads,62.79,1700000765
766,4924,ap-northeast,compute,71.95,1700000766
767,220,eu-central,subscription,129.92,1700000767
768,4175,us-west,storage,74.59,1700000768
769,448,us-west,storage,97.09,1700000769
770,1975,ap-south,compute,18.68,1700000770
771,99,eu-central,marketplace,33.86,1700000771
772,4657,ap-south,marketplace,137.04,1700000772
773,1416,ap-south,ads,5.16,1700000773
774,554,us-east,marketplace,54.72,1700000774
775,496,ap-south,compute,72.34,1700000775
776,4105,ap-south,storage,175.75,1700000776
777,676,ap-northeast,compute,154.4,1700000777
778,2274,us-east,marketplace,20.68,1700000778
779,1665,us-west,compute,82.36,1700000779
780,4805,us-east,marketplace,174.97,1700000780
781,1955,us-east,subscription,22.47,1700000781
782,3560,us-east,storage,153.46,1700000782
783,451,eu-central,subscription,30.74,1700000783
784,1125,us-east,subscription,124.61,1700000784
785,2841,ap-northeast,compute,195.96,1700000785
786,2124,us-west,marketplace,32.61,1700000786
787,2202,us-east,ads,84.42,1700000787
788,3518,eu-central,compute,16.9,1700000788
789,4724,us-east,storage,114.34,1700000789
790,2951,us-east,storage,214.98,1700000790
791,1368,eu-central,subscription,64.52,1700000791
792,843,ap-northeast,ads,57.87,1700000792
793,4169,us-east,ads,214.81,1700000793
794,101,us-west,ads,118.47,1700000794
795,3138,us-west,subscription,232.86,1700000795
796,290,ap-northeast,storage,56.9,1700000796
797,2034,ap-south,marketplace,68.54,1700000797
798,639,ap-northeast,marketplace,30.73,1700000798
799,432,us-west,subscription,201.28,1700000799
800,377,ap-south,ads,219.37,1700000800
801,2313,eu-central,marketplace,22.51,1700000801
802,3742,us-east,marketplace,50.97,1700000802
803,4619,eu-central,compute,61.4,1700000803
804,3017,ap-northeast,storage,249.45,1700000804
805,1601,ap-northeast,subscription,38.49,1700000805
806,3360,us-east,subscription,135.84,1700000806
807,79,eu-central,ads,189.97,1700000807
808,3083,eu-central,ads,52.09,1700000808
809,1952,ap-south,storage,240.34,1700000809
810,1167,eu-central,ads,11.93,1700000810
811,1897,ap-northeast,storage,175.51,1700000811
812,3052,ap-south,ads,145.61,1700000812
813,4141,us-west,storage,19.63,1700000813
814,4652,us-east,storage,165.95,1700000814
815,1071,us-west,marketplace,65.99,1700000815
816,2581,ap-south,marketplace,80.2,1700000816
817,2228,us-west,ads,235.95,1700000817
818,1116,ap-northeast,ads,39.7,1700000818
819,1347,ap-south,storage,79.19,1700000819
820,990,ap-northeast,marketplace,241.19,1700000820
821,1701,ap-south,marketplace,116.37,1700000821
822,983,us-east,subscription,202.09,1700000822
823,2493,ap-northeast,ads,54.54,1700000823
824,2686,us-west,ads,178.08,1700000824
825,2915,ap-south,compute,13.19,1700000825
826,2449,eu-central,subscription,8.74,1700000826
827,3313,ap-south,compute,187.27,1700000827
828,2047,us-east,storage,26.37,1700000828
829,1146,us-east,ads,16.36,1700000829
830,1821,us-west,subscription,206.09,1700000830
831,3050,us-east,compute,146.94,1700000831
832,615,us-east,ads,50.24,1700000832
833,3633,us-west,ads,226.36,1700000833
834,2717,us-east,ads,235.63,1700000834
835,415,us-west,compute,108.86,1700000835
836,3236,ap-south,ads,96.3,1700000836
837,3496,us-west,marketplace,54.46,1700000837
838,1534,eu-central,marketplace,112.06,1700000838
839,1218,us-east,compute,155.17,1700000839
840,2014,eu-central,storage,103.59,1700000840
841,4512,ap-south,ads,22.84,1700000841
842,3138,us-west,storage,50.66,1700000842
843,4308,us-west,compute,198.92,1700000843
844,3134,eu-central,storage,136.58,1700000844
845,3971,eu-central,compute,126.1,1700000845
846,3182,eu-central,subscription,7.49,1700000846
847,4892,us-west,ads,224.05,1700000847
848,2302,us-east,storage,132.83,1700000848
849,4785,us-west,subscription,25.93,1700000849
850,1976,eu-central,compute,204.26,1700000850
851,459,us-west,compute,211.78,1700000851
852,3182,eu-central,subscription,44.85,1700000852
853,4854,eu-central,marketplace,228.58,1700000853
854,232,eu-central,compute,141.34,1700000854
855,4613,us-west,storage,135.99,1700000855
856,1439,ap-south,ads,23.47,1700000856
857,1906,ap-northeast,subscription,5.96,1700000857
858,3916,us-east,marketplace,229.56,1700000858
859,1651,us-west,marketplace,179.52,1700000859
860,2651,us-east,ads,37.78,1700000860
861,1161,us-east,compute,215.31,1700000861
862,595,eu-central,storage,146.92,1700000862
863,2758,eu-central,marketplace,34.98,1700000863
864,1291,ap-south,storage,162.65,1700000864
865,1428,ap-northeast,compute,196.96,1700000865
866,1829,ap-northeast,subscription,95.22,1700000866
867,2413,us-west,subscription,182.48,1700000867
868,4693,ap-south,compute,9.06,1700000868
869,4935,eu-central,compute,56.0,1700000869
870,4633,us-east,storage,36.02,1700000870
871,638,us-west,marketplace,245.61,1700000871
872,1376,us-east,marketplace,112.21,1700000872
873,2173,us-west,subscription,173.6,1700000873
874,2872,eu-central,ads,180.38,1700000874
875,395,ap-south,storage,183.41,1700000875
876,1363,ap-south,storage,220.56,1700000876
877,2878,ap-northeast,storage,26.26,1700000877
878,3928,ap-northeast,subscription,41.5,1700000878
879,604,us-east,marketplace,6.0,1700000879
880,2140,us-east,ads,86.11,1700000880
881,3076,us-west,ads,137.21,1700000881
882,763,eu-central,compute,246.33,1700000882
883,3955,us-east,storage,235.67,1700000883
884,1352,ap-northeast,storage,40.12,1700000884
885,830,eu-central,subscription,243.63,1700000885
886,3353,ap-northeast,compute,67.05,1700000886
887,2307,eu-central,subscription,24.88,1700000887
888,3219,ap-northeast,compute,210.12,1700000888
889,1259,us-east,marketplace,1.95,1700000889
890,718,eu-central,compute,120.6,1700000890
891,795,us-east,subscription,43.54,1700000891
892,2391,us-east,storage,211.1,1700000892
893,2527,ap-south,storage,122.79,1700000893
894,2171,us-east,compute,97.49,1700000894
895,3040,ap-south,marketplace,47.46,1700000895
896,366,eu-central,storage,116.8,1700000896
897,1854,eu-central,compute,16.35,1700000897
898,793,us-east,marketplace,202.24,1700000898
899,3392,ap-northeast,subscription,138.85,1700000899
900,3172,ap-northeast,storage,241.44,1700000900
901,3890,ap-northeast,subscription,119.59,1700000901
902,647,ap-south,ads,126.02,1700000902
903,4234,ap-northeast,compute,37.71,1700000903
904,3679,us-west,subscription,243.07,1700000904
905,1579,us-west,ads,106.42,1700000905
906,3567,us-west,subscription,208.69,1700000906
907,2113,eu-central,ads,22.67,1700000907
908,4558,ap-south,compute,82.21,1700000908
909,2263,ap-northeast,storage,229.37,1700000909
910,102,ap-northeast,compute,131.12,1700000910
911,3438,us-east,storage,38.26,1700000911
912,4642,ap-northeast,compute,189.84,1700000912
913,821,us-east,compute,195.11,1700000913
914,2344,ap-northeast,marketplace,219.6,1700000914
915,2164,ap-south,storage,143.43,1700000915
916,3876,us-east,subscription,69.58,1700000916
917,1179,ap-northeast,compute,170.52,1700000917
918,3291,us-east,storage,222.5,1700000918
919,2716,us-west,ads,186.69,1700000919
920,2201,eu-central,ads,85.13,1700000920
921,2483,eu-central,marketplace,210.87,1700000921
922,805,us-west,subscription,75.82,1700000922
923,3630,eu-central,marketplace,182.47,1700000923
924,4956,us-east,subscription,110.99,1700000924
925,3336,ap-south,compute,216.93,1700000925
926,461,ap-northeast,subscription,17.34,1700000926
927,4152,ap-south,subscription,195.35,1700000927
928,4295,ap-northeast,ads,44.26,1700000928
929,1645,us-east,subscription,9.23,1700000929
930,415,eu-central,subscription,69.22,1700000930
931,3803,ap-northeast,storage,159.22,1700000931
932,1015,us-east,subscription,93.74,1700000932
933,4867,ap-south,subscription,240.17,1700000933
934,3888,ap-northeast,compute,88.09,1700000934
935,1340,eu-central,ads,71.98,1700000935
936,3167,us-east,subscription,213.6,1700000936
937,1756,us-west,subscription,169.75,1700000937
938,2205,ap-south,compute,5.99,1700000938
939,73,ap-south,subscription,162.2,1700000939
940,4925,us-east,subscription,63.85,1700000940
941,2503,eu-central,storage,223.98,1700000941
942,2857,ap-south,marketplace,55.33,1700000942
943,2476,ap-northeast,compute,99.89,1700000943
944,839,us-east,compute,249.86,1700000944
945,3066,ap-northeast,compute,152.65,1700000945
946,2446,us-east,storage,16.9,1700000946
947,2265,eu-central,marketplace,66.03,1700000947
948,2448,us-west,subscription,129.81,1700000948
949,1969,us-east,compute,101.62,1700000949
950,2619,us-west,ads,164.19,1700000950
951,2422,eu-central,storage,101.75,1700000951
952,290,ap-northeast,compute,204.19,1700000952
953,2812,us-west,compute,159.94,1700000953
954,3898,eu-central,compute,75.75,1700000954
955,1393,ap-northeast,subscription,74.15,1700000955
956,3857,us-west,marketplace,181.57,1700000956
957,4580,us-west,marketplace,163.95,1700000957
958,1821,eu-central,subscription,186.31,1700000958
959,2516,ap-south,marketplace,93.55,1700000959
960,4797,eu-central,storage,212.95,1700000960
961,3855,us-east,compute,145.5,1700000961
962,584,ap-south,subscription,125.62,1700000962
963,3127,ap-northeast,marketplace,103.86,1700000963
964,1236,us-west,subscription,86.32,1700000964
965,4665,ap-south,subscription,79.78,1700000965
966,1478,us-east,storage,83.82,1700000966
967,1449,eu-central,ads,2.17,1700000967
968,2241,us-west,subscription,144.49,1700000968
969,1298,ap-south,ads,33.22,1700000969
970,3553,ap-south,storage,107.83,1700000970
971,3911,ap-south,ads,10.39,1700000971
972,1634,eu-central,ads,223.11,1700000972
973,4351,us-west,ads,169.51,1700000973
974,2039,us-west,marketplace,78.71,1700000974
975,842,ap-south,compute,147.58,1700000975
976,1369,us-east,ads,75.25,1700000976
977,2383,ap-south,compute,149.5,1700000977
978,2768,ap-south,subscription,86.34,1700000978
979,4016,eu-central,subscription,42.06,1700000979
980,3305,us-east,subscription,56.86,1700000980
981,1075,us-west,ads,147.83,1700000981
982,1385,us-east,marketplace,178.07,1700000982
983,307,ap-south,marketplace,193.04,1700000983
984,399,ap-northeast,ads,165.83,1700000984
985,162,us-east,ads,104.78,1700000985
986,3116,us-east,compute,63.93,1700000986
987,1255,us-west,ads,75.98,1700000987
988,828,ap-northeast,marketplace,156.08,1700000988
989,1124,ap-south,ads,128.38,1700000989
990,965,eu-central,ads,196.41,1700000990
991,4078,us-west,compute,50.74,1700000991
992,2155,ap-northeast,subscription,90.12,1700000992
993,3357,eu-central,subscription,10.81,1700000993
994,4067,us-west,storage,83.32,1700000994
995,23,us-east,ads,226.81,1700000995
996,4704,ap-south,subscription,237.41,1700000996
997,4192,us-east,ads,226.29,1700000997
998,1894,ap-south,marketplace,66.77,1700000998
999,411,us-east,subscription,218.66,1700000999
1000,2381,eu-central,marketplace,107.07,1700001000
1001,950,us-east,ads,3.41,1700001001
1002,1134,us-west,marketplace,90.02,1700001002
1003,3586,ap-northeast,marketplace,219.74,1700001003
1004,762,eu-central,marketplace,46.53,1700001004
1005,3284,ap-south,storage,68.69,1700001005
1006,3160,ap-south,storage,162.56,1700001006
1007,1367,us-east,subscription,174.35,1700001007
1008,481,us-west,ads,104.59,1700001008
1009,4840,ap-south,compute,169.92,1700001009
1010,1485,ap-northeast,storage,195.01,1700001010
1011,237,us-west,storage,230.18,1700001011
1012,926,ap-south,storage,12.45,1700001012
1013,2144,eu-central,ads,176.44,1700001013
1014,4300,ap-northeast,compute,56.77,1700001014
1015,2772,ap-northeast,compute,172.37,1700001015
1016,781,ap-south,subscription,121.0,1700001016
1017,3153,us-west,compute,223.12,1700001017
1018,448,us-east,subscription,126.89,1700001018
1019,3845,ap-south,subscription,19.64,1700001019
1020,4028,eu-central,subscription,83.39,1700001020
1021,2279,us-east,compute,56.45,1700001021
1022,3102,ap-south,subscription,20.63,1700001022
1023,3639,ap-northeast,storage,22.92,1700001023
1024,4084,ap-south,marketplace,30.56,1700001024
1025,4075,us-east,ads,101.46,1700001025
1026,294,ap-northeast,compute,1.04,1700001026
1027,745,ap-northeast,compute,159.75,1700001027
1028,4165,ap-northeast,subscription,163.99,1700001028
1029,3738,eu-central,marketplace,206.5,1700001029
1030,1827,ap-south,marketplace,140.48,1700001030
1031,4915,ap-south,marketplace,179.26,1700001031
1032,935,us-east,subscription,1.55,1700001032
1033,2910,eu-central,compute,130.97,1700001033
1034,871,us-east,subscription,123.61,1700001034
1035,3353,us-east,marketplace,153.1,1700001035
1036,1537,us-east,storage,54.68,1700001036
1037,1562,eu-central,ads,189.53,1700001037
1038,381,ap-northeast,ads,193.26,1700001038
1039,3691,ap-south,compute,239.09,1700001039
1040,1103,ap-south,ads,133.06,1700001040
1041,398,ap-northeast,storage,209.87,1700001041
1042,3957,ap-northeast,subscription,173.26,1700001042
1043,1423,us-west,ads,97.46,1700001043
1044,4920,ap-northeast,marketplace,126.52,1700001044
1045,3152,ap-south,compute,229.06,1700001045
1046,2034,eu-central,storage,240.93,1700001046
1047,2410,ap-south,subscription,35.41,1700001047
1048,4936,ap-northeast,marketplace,210.93,1700001048
1049,4488,eu-central,compute,158.51,1700001049
1050,1646,us-west,compute,178.88,1700001050
1051,2829,us-west,subscription,126.47,1700001051
1052,2641,us-east,marketplace,141.01,1700001052
1053,4775,ap-northeast,storage,168.89,1700001053
1054,4374,eu-central,storage,202.27,1700001054
1055,4283,us-east,ads,95.84,1700001055
1056,435,us-east,subscription,67.48,1700001056
1057,1319,eu-central,marketplace,37.46,1700001057
1058,509,eu-central,subscription,188.64,1700001058
1059,265,eu-central,storage,26.52,1700001059
1060,4603,us-west,compute,97.83,1700001060
1061,4186,eu-central,ads,231.69,1700001061
1062,3175,ap-south,marketplace,241.49,1700001062
1063,441,us-east,marketplace,51.57,1700001063
1064,3630,us-west,marketplace,189.02,1700001064
1065,4478,ap-northeast,subscription,194.26,1700001065
1066,1586,eu-central,storage,45.18,1700001066
1067,611,us-west,subscription,184.03,1700001067
1068,978,ap-south,ads,107.7,1700001068
1069,4560,eu-central,subscription,41.07,1700001069
1070,2090,us-east,marketplace,117.12,1700001070
1071,1269,us-east,subscription,232.23,1700001071
1072,4890,us-east,compute,210.94,1700001072
1073,2468,ap-south,compute,137.99,1700001073
1074,598,eu-central,compute,55.77,1700001074
1075,1507,ap-northeast,ads,196.78,1700001075
1076,1306,ap-south,compute,134.72,1700001076
1077,754,eu-central,subscription,220.97,1700001077
1078,2719,eu-central,marketplace,74.1,1700001078
1079,4346,ap-south,compute,206.1,1700001079
1080,73,us-east,marketplace,111.97,1700001080
1081,1998,us-east,marketplace,95.96,1700001081
1082,929,ap-south,marketplace,135.52,1700001082
1083,2317,us-east,compute,205.71,1700001083
1084,3072,ap-northeast,compute,111.94,1700001084
1085,360,eu-central,subscription,80.76,1700001085
1086,675,us-east,subscription,242.94,1700001086
1087,4408,ap-northeast,ads,157.11,1700001087
1088,1727,us-west,storage,209.08,1700001088
1089,1685,ap-northeast,storage,161.99,1700001089
1090,591,us-west,ads,115.35,1700001090
1091,2718,us-east,ads,19.24,1700001091
1092,1459,eu-central,compute,18.54,1700001092
1093,1865,eu-central,storage,97.62,1700001093
1094,3314,ap-south,marketplace,5.21,1700001094
1095,970,ap-northeast,ads,160.71,1700001095
1096,519,ap-northeast,ads,175.52,1700001096
1097,595,eu-central,compute,27.43,1700001097
1098,2469,ap-northeast,ads,71.1,1700001098
1099,3586,ap-south,storage,205.71,1700001099
1100,253,ap-south,subscription,133.83,1700001100
1101,1118,ap-south,compute,74.45,1700001101
1102,1181,eu-central,marketplace,239.39,1700001102
1103,92,ap-northeast,compute,36.2,1700001103
1104,343,us-east,compute,149.57,1700001104
1105,4401,ap-northeast,ads,76.87,1700001105
1106,2817,us-west,storage,226.5,1700001106
1107,4199,us-west,subscription,46.81,1700001107
1108,2071,us-west,ads,46.16,1700001108
1109,4648,us-east,compute,115.86,1700001109
1110,4503,us-east,marketplace,168.25,1700001110
1111,2054,us-east,subscription,181.67,1700001111
1112,3992,eu-central,marketplace,32.93,1700001112
1113,1922,us-east,marketplace,155.26,1700001113
1114,1586,eu-central,storage,113.21,1700001114
1115,2505,ap-northeast,subscription,141.82,1700001115
1116,2986,eu-central,storage,42.99,1700001116
1117,2566,us-west,subscription,178.34,1700001117
1118,3573,eu-central,marketplace,34.44,1700001118
1119,2717,ap-south,storage,111.89,1700001119
1120,2503,ap-south,compute,28.1,1700001120
1121,4970,us-east,marketplace,214.82,1700001121
1122,1147,ap-northeast,subscription,66.55,1700001122
1123,627,us-east,ads,212.55,1700001123
1124,256,ap-northeast,compute,101.88,1700001124
1125,4834,us-west,ads,138.35,1700001125
1126,4453,ap-northeast,storage,163.82,1700001126
1127,1218,eu-central,storage,56.6,1700001127
1128,4831,eu-central,subscription,116.71,1700001128
1129,4182,us-east,storage,91.6,1700001129
1130,87,us-west,compute,171.36,1700001130
1131,4212,us-west,storage,40.65,1700001131
1132,4640,ap-northeast,subscription,184.24,1700001132
1133,3961,eu-central,ads,55.49,1700001133
1134,3995,us-west,ads,66.82,1700001134
1135,1918,us-east,subscription,129.95,1700001135
1136,2960,ap-south,storage,229.56,1700001136
1137,381,us-east,marketplace,26.7,1700001137
1138,4272,eu-central,marketplace,145.08,1700001138
1139,4671,us-west,storage,163.77,1700001139
1140,2993,ap-northeast,ads,129.65,1700001140
1141,3083,us-west,compute,102.05,1700001141
1142,2827,ap-south,storage,221.91,1700001142
1143,55,ap-northeast,subscription,110.53,1700001143
1144,1885,us-east,compute,161.23,1700001144
1145,1733,us-west,subscription,40.18,1700001145
1146,4932,us-east,subscription,104.24,1700001146
1147,2706,us-east,storage,169.13,1700001147
1148,3925,us-west,compute,41.15,1700001148
1149,3367,us-east,subscription,11.74,1700001149
1150,4699,ap-northeast,subscription,34.55,1700001150
1151,4200,us-east,compute,37.57,1700001151
1152,1363,eu-central,subscription,129.64,1700001152
1153,3322,ap-northeast,compute,159.77,1700001153
1154,2323,us-east,subscription,112.85,1700001154
1155,3862,ap-south,subscription,55.62,1700001155
1156,3366,ap-northeast,subscription,198.86,1700001156
1157,1490,ap-northeast,compute,66.87,1700001157
1158,2808,ap-south,compute,148.06,1700001158
1159,1883,ap-south,storage,33.92,1700001159
1160,136,us-west,compute,215.04,1700001160
1161,4132,ap-south,subscription,151.77,1700001161
1162,1454,ap-south,compute,150.35,1700001162
1163,4354,ap-northeast,ads,24.2,1700001163
1164,1068,ap-northeast,compute,207.05,1700001164
1165,3535,ap-northeast,storage,93.22,1700001165
1166,356,ap-northeast,storage,58.14,1700001166
1167,3950,ap-south,marketplace,147.67,1700001167
1168,4720,us-east,storage,34.34,1700001168
1169,3909,us-west,ads,71.53,1700001169
1170,4455,ap-south,marketplace,48.07,1700001170
1171,59,ap-northeast,compute,30.34,1700001171
1172,59,ap-south,subscription,172.25,1700001172
1173,2588,ap-south,marketplace,27.54,1700001173
1174,3491,ap-northeast,marketplace,66.06,1700001174
1175,4392,ap-south,compute,92.05,1700001175
1176,2258,ap-south,subscription,103.89,1700001176
1177,4568,ap-south,subscription,93.18,1700001177
1178,4546,ap-south,marketplace,247.14,1700001178
1179,4733,eu-central,storage,184.21,1700001179
1180,976,us-west,storage,195.99,1700001180
1181,1326,us-east,subscription,127.58,1700001181
1182,2773,ap-northeast,compute,174.57,1700001182
1183,427,us-west,storage,241.18,1700001183
1184,44,us-east,subscription,118.45,1700001184
1185,4918,ap-south,ads,16.96,1700001185
1186,1817,eu-central,ads,152.65,1700001186
1187,3149,ap-south,compute,164.39,1700001187
1188,2347,ap-northeast,ads,236.48,1700001188
1189,1436,ap-south,storage,3.67,1700001189
1190,4245,eu-central,subscription,9.37,1700001190
1191,4912,ap-northeast,compute,174.91,1700001191
1192,1389,us-east,marketplace,60.57,1700001192
1193,3,us-west,ads,249.21,1700001193
1194,3273,eu-central,storage,101.96,1700001194
1195,1641,ap-northeast,ads,184.49,1700001195
1196,563,us-east,compute,71.84,1700001196
1197,4581,ap-northeast,marketplace,87.52,1700001197
1198,2266,us-west,compute,240.8,1700001198
1199,3726,ap-south,compute,2.16,1700001199
1200,1434,ap-south,compute,27.51,1700001200
1201,593,ap-northeast,marketplace,85.65,1700001201
1202,959,ap-northeast,marketplace,219.15,1700001202
1203,4710,eu-central,storage,241.55,1700001203
1204,4614,ap-south,subscription,189.61,1700001204
1205,3759,ap-south,compute,215.64,1700001205
1206,3949,us-east,marketplace,17.82,1700001206
1207,1806,us-west,marketplace,103.69,1700001207
1208,2893,ap-northeast,compute,3.42,1700001208
1209,2158,us-west,marketplace,24.16,1700001209
1210,2802,us-east,compute,232.92,1700001210
1211,3904,eu-central,marketplace,55.42,1700001211
1212,4700,eu-central,subscription,236.83,1700001212
1213,1558,ap-south,subscription,59.48,1700001213
1214,1983,eu-central,subscription,58.07,1700001214
1215,2046,ap-northeast,marketplace,39.84,1700001215
1216,874,us-east,ads,169.28,1700001216
1217,4036,ap-northeast,ads,191.3,1700001217
1218,4436,us-east,storage,93.43,1700001218
1219,2584,ap-south,compute,217.32,1700001219
1220,4021,us-west,compute,70.79,1700001220
1221,1820,ap-northeast,subscription,14.48,1700001221
1222,3467,ap-south,compute,9.11,1700001222
1223,2845,ap-south,subscription,114.84,1700001223
1224,987,ap-northeast,storage,79.6,1700001224
1225,69,us-east,subscription,95.48,1700001225
1226,826,eu-central,marketplace,153.58,1700001226
1227,2128,us-west,compute,66.45,1700001227
1228,2207,ap-south,compute,86.43,1700001228
1229,1507,ap-south,storage,53.42,1700001229
1230,3050,eu-central,storage,70.63,1700001230
1231,1474,ap-northeast,subscription,244.84,1700001231
1232,1873,us-east,marketplace,201.22,1700001232
1233,4550,ap-south,storage,49.82,1700001233
1234,1226,ap-south,ads,44.98,1700001234
1235,4093,us-west,compute,133.96,1700001235
1236,2587,ap-south,marketplace,63.49,1700001236
1237,4652,us-east,storage,25.64,1700001237
1238,1339,us-east,subscription,203.64,1700001238
1239,3904,us-east,storage,186.4,1700001239
1240,2129,eu-central,marketplace,140.53,1700001240
1241,2112,eu-central,ads,103.53,1700001241
1242,2877,ap-northeast,subscription,144.64,1700001242
1243,4411,us-west,marketplace,89.42,1700001243
1244,4182,ap-south,storage,222.52,1700001244
1245,3122,ap-northeast,marketplace,116.47,1700001245
1246,1187,us-west,marketplace,106.03,1700001246
1247,4683,ap-south,ads,20.7,1700001247
1248,2815,us-west,marketplace,79.9,1700001248
1249,2387,eu-central,compute,161.52,1700001249
1250,2223,ap-south,marketplace,187.23,1700001250
1251,4268,ap-south,storage,42.66,1700001251
1252,190,us-west,subscription,165.84,1700001252
1253,656,us-west,subscription,99.86,1700001253
1254,783,us-east,storage,137.56,1700001254
1255,216,ap-south,compute,191.48,1700001255
1256,682,us-east,marketplace,154.91,1700001256
1257,691,ap-south,marketplace,58.11,1700001257
1258,2328,ap-south,subscription,33.69,1700001258
1259,1398,us-east,ads,166.22,1700001259
1260,2665,ap-south,storage,243.77,1700001260
1261,4429,eu-central,compute,111.77,1700001261
1262,4418,us-west,compute,149.8,1700001262
1263,4621,ap-south,compute,160.31,1700001263
1264,4373,eu-central,marketplace,120.93,1700001264
1265,1861,us-east,storage,77.66,1700001265
1266,3377,eu-central,subscription,76.59,1700001266
1267,1,ap-northeast,subscription,86.63,1700001267
1268,3844,ap-northeast,ads,172.25,1700001268
1269,4030,ap-south,marketplace,3.27,1700001269
1270,3527,eu-central,compute,58.57,1700001270
1271,60,ap-northeast,marketplace,47.95,1700001271
1272,4593,ap-south,storage,63.22,1700001272
1273,3193,ap-south,subscription,66.48,1700001273
1274,3459,us-west,compute,191.37,1700001274
1275,2228,eu-central,compute,202.39,1700001275
1276,3383,us-west,ads,46.42,1700001276
1277,2373,us-east,storage,154.81,1700001277
1278,2230,ap-northeast,storage,47.76,1700001278
1279,159,us-west,ads,242.46,1700001279
1280,182,us-west,ads,71.25,1700001280
1281,1025,ap-south,ads,58.97,1700001281
1282,1235,us-east,storage,55.08,1700001282
1283,3443,eu-central,storage,249.49,1700001283
1284,3799,us-east,marketplace,20.98,1700001284
1285,1197,us-east,marketplace,194.14,1700001285
1286,585,ap-northeast,storage,46.22,1700001286
1287,2049,ap-south,ads,31.37,1700001287
1288,2040,ap-south,storage,62.54,1700001288
1289,275,us-west,storage,184.1,1700001289
1290,770,ap-northeast,subscription,118.73,1700001290
1291,2557,eu-central,subscription,157.66,1700001291
1292,346,ap-northeast,compute,31.41,1700001292
1293,3943,eu-central,subscription,90.75,1700001293
1294,427,us-west,ads,59.76,1700001294
1295,3557,eu-central,ads,42.67,1700001295
1296,2262,ap-northeast,ads,99.56,1700001296
1297,1992,us-east,ads,145.69,1700001297
1298,3894,ap-northeast,subscription,93.48,1700001298
1299,734,us-west,subscription,125.48,1700001299
1300,2773,us-east,ads,89.52,1700001300
1301,1261,ap-northeast,ads,32.33,1700001301
1302,1907,eu-central,compute,197.35,1700001302
1303,2846,ap-south,subscription,6.32,1700001303
1304,3095,eu-central,subscription,63.42,1700001304
1305,324,ap-south,storage,140.2,1700001305
1306,4447,ap-south,subscription,142.11,1700001306
1307,4454,eu-central,marketplace,183.37,1700001307
1308,2256,ap-northeast,compute,40.93,1700001308
1309,4352,us-west,storage,74.62,1700001309
1310,2158,ap-northeast,marketplace,114.07,1700001310
1311,4145,ap-south,subscription,220.85,1700001311
1312,2983,ap-northeast,subscription,80.85,1700001312
1313,519,ap-northeast,storage,48.28,1700001313
1314,4076,ap-northeast,subscription,153.65,1700001314
1315,2643,ap-south,marketplace,28.51,1700001315
1316,4287,us-east,ads,208.96,1700001316
1317,1064,us-west,ads,51.32,1700001317
1318,3977,us-west,ads,8.92,1700001318
1319,3184,ap-south,compute,156.37,1700001319
1320,4836,eu-central,ads,92.22,1700001320
1321,4964,us-east,ads,232.62,1700001321
1322,1710,ap-south,ads,117.55,1700001322
1323,498,eu-central,compute,186.13,1700001323
1324,3408,eu-central,ads,206.09,1700001324
1325,2178,ap-northeast,ads,183.84,1700001325
1326,2490,us-east,subscription,240.19,1700001326
1327,796,us-east,subscription,133.38,1700001327
1328,1553,us-west,compute,164.56,1700001328
1329,4670,us-west,compute,187.55,1700001329
1330,3402,us-east,compute,90.13,1700001330
1331,3758,ap-south,ads,42.54,1700001331
1332,1478,ap-northeast,storage,126.67,1700001332
1333,1296,ap-northeast,compute,111.31,1700001333
1334,2887,eu-central,compute,247.87,1700001334
1335,2660,eu-central,storage,191.28,1700001335
1336,3528,eu-central,compute,60.94,1700001336
1337,4470,us-west,storage,191.66,1700001337
1338,2082,eu-central,storage,112.43,1700001338
1339,3253,us-east,ads,245.76,1700001339
1340,4881,us-east,compute,34.64,1700001340
1341,2473,us-east,marketplace,246.11,1700001341
1342,1760,eu-central,ads,193.11,1700001342
1343,2261,ap-northeast,compute,139.52,1700001343
1344,4683,us-west,ads,10.4,1700001344
1345,2914,us-west,subscription,66.98,1700001345
1346,4770,us-west,subscription,64.8,1700001346
1347,2461,us-east,compute,100.55,1700001347
1348,1782,us-east,marketplace,198.43,1700001348
1349,1417,ap-south,compute,205.06,1700001349
1350,782,ap-northeast,marketplace,10.31,1700001350
1351,4721,ap-south,ads,195.25,1700001351
1352,2740,eu-central,storage,104.71,1700001352
1353,988,us-west,compute,232.23,1700001353
1354,3134,us-east,marketplace,131.57,1700001354
1355,2616,ap-northeast,compute,38.25,1700001355
1356,4116,us-west,subscription,13.58,1700001356
1357,3219,ap-south,compute,144.24,1700001357
1358,738,us-west,storage,73.16,1700001358
1359,3231,us-west,subscription,84.71,1700001359
1360,3899,ap-northeast,ads,137.49,1700001360
1361,2151,us-east,storage,125.95,1700001361
1362,1069,us-west,storage,140.26,1700001362
1363,3997,ap-south,compute,49.83,1700001363
1364,4295,us-west,subscription,18.84,1700001364
1365,3524,eu-central,compute,23.31,1700001365
1366,3389,ap-south,marketplace,87.73,1700001366
1367,2628,eu-central,compute,164.2,1700001367
1368,2498,us-west,marketplace,154.44,1700001368
1369,3623,ap-northeast,subscription,110.68,1700001369
1370,1913,us-west,marketplace,39.84,1700001370
1371,703,us-east,ads,61.52,1700001371
1372,1210,eu-central,ads,86.47,1700001372
1373,912,eu-central,storage,118.33,1700001373
1374,2719,us-west,compute,53.76,1700001374
1375,4477,ap-northeast,marketplace,137.65,1700001375
1376,1158,us-east,storage,146.17,1700001376
1377,4316,us-east,marketplace,43.41,1700001377
1378,2327,us-west,compute,68.55,1700001378
1379,3809,us-east,ads,97.77,1700001379
1380,2223,eu-central,ads,5.75,1700001380
1381,3167,us-west,storage,127.63,1700001381
1382,816,eu-central,storage,216.83,1700001382
1383,4355,us-east,subscription,50.52,1700001383
1384,3752,ap-northeast,ads,10.9,1700001384
1385,4337,eu-central,marketplace,122.99,1700001385
1386,1287,us-east,marketplace,171.39,1700001386
1387,2912,eu-central,subscription,249.0,1700001387
1388,4107,eu-central,ads,156.82,1700001388
1389,3172,us-east,compute,237.33,1700001389
1390,1848,us-west,marketplace,224.4,1700001390
1391,1125,us-east,storage,130.66,1700001391
1392,1864,ap-south,subscription,143.65,1700001392
1393,3494,eu-central,compute,82.99,1700001393
1394,4442,us-west,subscription,163.47,1700001394
1395,4760,ap-northeast,subscription,215.78,1700001395
1396,2532,ap-northeast,subscription,108.09,1700001396
1397,1190,ap-northeast,subscription,80.06,1700001397
1398,4566,ap-northeast,ads,46.85,1700001398
1399,1193,us-east,marketplace,220.15,1700001399
1400,3392,ap-south,marketplace,111.31,1700001400
1401,2243,us-west,subscription,27.59,1700001401
1402,1514,us-east,compute,154.62,1700001402
1403,4962,ap-northeast,compute,58.5,1700001403
1404,1903,us-west,ads,90.46,1700001404
1405,3905,us-west,compute,211.69,1700001405
1406,3841,eu-central,subscription,213.18,1700001406
1407,4026,ap-south,subscription,41.78,1700001407
1408,1854,us-east,storage,191.37,1700001408
1409,123,eu-central,storage,56.42,1700001409
1410,1662,us-west,ads,45.09,1700001410
1411,3599,ap-northeast,storage,172.28,1700001411
1412,3749,us-west,storage,101.81,1700001412
1413,343,ap-northeast,storage,180.33,1700001413
1414,3229,ap-northeast,compute,148.86,1700001414
1415,4303,us-east,compute,28.22,1700001415
1416,3743,us-east,subscription,130.16,1700001416
1417,3241,us-east,compute,97.46,1700001417
1418,404,us-west,marketplace,110.45,1700001418
1419,2495,eu-central,storage,42.46,1700001419
1420,2412,ap-northeast,ads,172.8,1700001420
1421,1166,ap-south,storage,23.52,1700001421
1422,4102,us-east,subscription,194.9,1700001422
1423,4477,us-west,storage,103.98,1700001423
1424,3694,us-east,subscription,113.97,1700001424
1425,1655,ap-south,ads,63.27,1700001425
1426,1344,us-east,ads,29.43,1700001426
1427,3682,eu-central,ads,131.43,1700001427
1428,3147,ap-northeast,compute,237.49,1700001428
1429,3103,ap-northeast,storage,11.93,1700001429
1430,1400,eu-central,compute,217.96,1700001430
1431,1230,us-west,subscription,45.54,1700001431
1432,421,ap-south,marketplace,78.07,1700001432
1433,3656,eu-central,subscription,30.27,1700001433
1434,1078,us-west,ads,156.02,1700001434
1435,2074,us-east,storage,124.91,1700001435
1436,4085,ap-northeast,ads,152.39,1700001436
1437,4043,us-west,subscription,147.63,1700001437
1438,3898,ap-south,storage,111.03,1700001438
1439,4926,ap-northeast,ads,61.93,1700001439
1440,4484,eu-central,compute,157.53,1700001440
1441,1701,us-east,subscription,37.92,1700001441
1442,2860,us-east,subscription,213.6,1700001442
1443,4736,ap-northeast,marketplace,83.45,1700001443
1444,719,us-east,ads,104.82,1700001444
1445,1461,us-west,marketplace,153.16,1700001445
1446,4874,ap-northeast,compute,45.18,1700001446
1447,3731,ap-northeast,marketplace,232.94,1700001447
1448,763,eu-central,marketplace,92.77,1700001448
1449,3105,us-east,storage,210.98,1700001449
1450,532,eu-central,storage,34.5,1700001450
1451,2249,eu-central,compute,104.03,1700001451
1452,1720,us-west,compute,15.49,1700001452
1453,4681,ap-northeast,ads,121.43,1700001453
1454,4955,eu-central,storage,152.6,1700001454
1455,2593,eu-central,compute,144.21,1700001455
1456,2899,us-west,compute,141.1,1700001456
1457,4258,ap-south,storage,202.19,1700001457
1458,4993,us-west,marketplace,244.84,1700001458
1459,13,us-east,ads,116.76,1700001459
1460,967,us-west,compute,249.75,1700001460
1461,3392,us-east,marketplace,88.06,1700001461
1462,1740,us-east,subscription,172.81,1700001462
1463,2085,us-east,marketplace,75.77,1700001463
1464,4506,eu-central,ads,29.35,1700001464
1465,2731,eu-central,storage,181.37,1700001465
1466,239,us-west,subscription,83.3,1700001466
1467,2769,ap-south,storage,199.52,1700001467
1468,1113,ap-south,subscription,157.17,1700001468
1469,4399,eu-central,storage,196.21,1700001469
1470,3392,us-east,compute,75.54,1700001470
1471,2585,ap-northeast,compute,5.66,1700001471
1472,4731,eu-central,marketplace,17.49,1700001472
1473,1224,eu-central,ads,85.45,1700001473
1474,3074,ap-northeast,subscription,143.17,1700001474
1475,3192,us-west,compute,30.09,1700001475
1476,2526,eu-central,ads,68.6,1700001476
1477,712,ap-south,subscription,93.52,1700001477
1478,2480,us-west,compute,76.28,1700001478
1479,920,eu-central,ads,194.67,1700001479
1480,759,ap-south,compute,7.21,1700001480
1481,3954,ap-northeast,subscription,48.36,1700001481
1482,3961,ap-northeast,marketplace,194.11,1700001482
1483,1174,us-east,compute,169.5,1700001483
1484,1088,us-west,ads,115.38,1700001484
1485,4280,us-east,ads,78.43,1700001485
1486,361,ap-northeast,ads,83.99,1700001486
1487,378,us-east,compute,191.78,1700001487
1488,2560,us-east,compute,189.86,1700001488
1489,1720,eu-central,subscription,48.94,1700001489
1490,2267,ap-northeast,marketplace,193.42,1700001490
1491,964,eu-central,subscription,40.22,1700001491
1492,938,us-east,compute,140.35,1700001492
1493,839,us-west,compute,88.23,1700001493
1494,2610,eu-central,subscription,235.88,1700001494
1495,2321,ap-northeast,subscription,43.65,1700001495
1496,2551,ap-northeast,marketplace,135.6,1700001496
1497,416,us-west,ads,118.21,1700001497
1498,414,us-east,storage,14.4,1700001498
1499,3494,ap-south,subscription,176.46,1700001499
1500,4856,ap-south,compute,89.55,1700001500
1501,2723,us-west,compute,20.56,1700001501
1502,3815,ap-northeast,subscription,24.14,1700001502
1503,3837,us-east,storage,78.29,1700001503
1504,3813,ap-south,subscription,236.91,1700001504
1505,1178,ap-northeast,marketplace,228.3,1700001505
1506,3212,us-west,marketplace,197.41,1700001506
1507,2661,ap-south,storage,8.54,1700001507
1508,3894,us-east,marketplace,120.18,1700001508
1509,1400,eu-central,marketplace,151.51,1700001509
1510,1044,ap-northeast,ads,102.02,1700001510
1511,877,eu-central,compute,162.71,1700001511
1512,2475,ap-northeast,storage,100.8,1700001512
1513,3387,us-west,compute,61.68,1700001513
1514,1303,ap-south,storage,17.45,1700001514
1515,1706,ap-northeast,storage,196.29,1700001515
1516,3567,ap-northeast,marketplace,136.59,1700001516
1517,1935,us-west,ads,185.1,1700001517
1518,4704,ap-south,ads,148.45,1700001518
1519,3793,eu-central,compute,25.32,1700001519
1520,3648,us-west,marketplace,239.01,1700001520
1521,571,ap-northeast,ads,171.69,1700001521
1522,4886,ap-south,marketplace,124.08,1700001522
1523,504,us-east,subscription,204.44,1700001523
1524,4758,us-east,subscription,165.56,1700001524
1525,3711,ap-northeast,marketplace,98.11,1700001525
1526,4735,ap-south,subscription,52.21,1700001526
1527,2594,eu-central,compute,198.79,1700001527
1528,2495,ap-south,marketplace,247.58,1700001528
1529,4774,us-east,compute,246.62,1700001529
1530,3312,us-west,marketplace,16.54,1700001530
1531,4497,us-east,ads,176.14,1700001531
1532,2943,us-east,marketplace,216.55,1700001532
1533,1928,ap-south,compute,99.17,1700001533
1534,2607,ap-south,storage,96.01,1700001534
1535,4466,us-west,subscription,119.24,1700001535
1536,1542,ap-northeast,storage,210.99,1700001536
1537,2952,ap-south,subscription,72.83,1700001537
1538,1029,us-west,ads,18.86,1700001538
1539,129,us-west,storage,164.82,1700001539
1540,1113,us-east,subscription,160.92,1700001540
1541,3407,ap-south,compute,232.65,1700001541
1542,1473,ap-south,compute,106.61,1700001542
1543,3687,ap-south,marketplace,57.21,1700001543
1544,3480,ap-northeast,ads,144.91,1700001544
1545,1940,ap-northeast,marketplace,103.3,1700001545
1546,4475,ap-northeast,marketplace,9.33,1700001546
1547,311,ap-northeast,storage,176.52,1700001547
1548,928,ap-northeast,storage,240.47,1700001548
1549,656,us-west,compute,245.91,1700001549
1550,2290,ap-south,compute,20.48,1700001550
1551,4998,us-east,subscription,118.64,1700001551
1552,640,ap-northeast,compute,78.81,1700001552
1553,433,eu-central,compute,194.85,1700001553
1554,3841,ap-south,compute,226.61,1700001554
1555,4702,eu-central,storage,88.88,1700001555
1556,2414,eu-central,subscription,9.8,1700001556
1557,4896,eu-central,compute,65.85,1700001557
1558,3877,ap-northeast,subscription,143.64,1700001558
1559,2391,ap-northeast,ads,72.42,1700001559
1560,676,us-west,compute,20.14,1700001560
1561,2277,eu-central,subscription,154.33,1700001561
1562,2255,eu-central,ads,185.62,1700001562
1563,4947,us-west,compute,185.0,1700001563
1564,3659,eu-central,subscription,66.05,1700001564
1565,1935,ap-south,subscription,200.04,1700001565
1566,272,eu-central,ads,241.87,1700001566
1567,4879,us-west,storage,188.44,1700001567
1568,3383,ap-south,subscription,165.51,1700001568
1569,1371,us-west,compute,183.86,1700001569
1570,2827,us-east,marketplace,189.12,1700001570
1571,951,us-east,subscription,116.54,1700001571
1572,3902,eu-central,storage,186.79,1700001572
1573,4363,us-west,storage,171.19,1700001573
1574,3196,ap-south,marketplace,37.14,1700001574
1575,3562,us-east,marketplace,231.88,1700001575
1576,3677,ap-south,marketplace,240.48,1700001576
1577,337,us-east,compute,159.72,1700001577
1578,3538,ap-northeast,marketplace,84.41,1700001578
1579,2188,us-east,marketplace,163.93,1700001579
1580,3205,ap-south,subscription,183.84,1700001580
1581,4823,us-west,compute,85.01,1700001581
1582,1474,eu-central,compute,3.63,1700001582
1583,70,us-east,ads,103.4,1700001583
1584,4303,us-east,storage,88.53,1700001584
1585,2321,eu-central,subscription,9.48,1700001585
1586,754,us-east,compute,164.49,1700001586
1587,1777,ap-northeast,ads,177.31,1700001587
1588,983,us-east,compute,33.35,1700001588
1589,4638,us-west,ads,174.22,1700001589
1590,2076,eu-central,storage,165.46,1700001590
1591,621,ap-south,marketplace,192.57,1700001591
1592,2650,eu-central,subscription,195.4,1700001592
1593,2272,us-east,storage,97.76,1700001593
1594,493,eu-central,marketplace,45.3,1700001594
1595,569,ap-south,subscription,152.97,1700001595
1596,1462,ap-south,ads,36.82,1700001596
1597,3533,us-west,compute,161.19,1700001597
1598,3618,eu-central,ads,9.68,1700001598
1599,577,ap-northeast,marketplace,194.53,1700001599
1600,154,ap-south,subscription,163.56,1700001600
1601,8,us-east,storage,67.34,1700001601
1602,2702,ap-south,compute,1.92,1700001602
1603,4020,ap-south,storage,101.57,1700001603
1604,575,ap-northeast,subscription,1.82,1700001604
1605,3950,us-east,compute,134.29,1700001605
1606,2941,eu-central,marketplace,100.75,1700001606
1607,743,eu-central,compute,213.48,1700001607
1608,2786,us-east,storage,190.35,1700001608
1609,2376,us-west,subscription,139.06,1700001609
1610,3148,us-west,marketplace,174.27,1700001610
1611,875,eu-central,storage,22.13,1700001611
1612,3588,us-west,subscription,9.89,1700001612
1613,208,ap-northeast,subscription,122.82,1700001613
1614,517,ap-northeast,marketplace,125.42,1700001614
1615,3681,us-east,ads,85.48,1700001615
1616,2767,us-east,storage,30.43,1700001616
1617,4286,ap-south,compute,38.09,1700001617
1618,4747,us-west,ads,10.18,1700001618
1619,1160,ap-south,ads,118.33,1700001619
1620,376,us-west,subscription,4.58,1700001620
1621,410,eu-central,ads,114.59,1700001621
1622,1399,ap-northeast,ads,204.63,1700001622
1623,872,us-east,storage,149.15,1700001623
1624,1807,us-east,subscription,107.13,1700001624
1625,3294,eu-central,ads,243.99,1700001625
1626,4719,ap-northeast,subscription,81.08,1700001626
1627,1747,us-east,compute,44.19,1700001627
1628,518,us-east,marketplace,36.17,1700001628
1629,3401,us-west,marketplace,138.8,1700001629
1630,3594,us-west,compute,11.13,1700001630
1631,819,ap-northeast,storage,194.64,1700001631
1632,129,ap-south,ads,2.58,1700001632
1633,1470,us-east,compute,221.84,1700001633
1634,3410,ap-south,subscription,52.33,1700001634
1635,2220,ap-northeast,storage,103.6,1700001635
1636,1430,ap-northeast,ads,149.47,1700001636
1637,4096,ap-northeast,ads,157.17,1700001637
1638,2468,eu-central,storage,2.14,1700001638
1639,1931,us-west,ads,246.66,1700001639
1640,784,ap-northeast,marketplace,215.82,1700001640
1641,4422,ap-northeast,subscription,116.59,1700001641
1642,1705,eu-central,ads,49.24,1700001642
1643,1223,ap-south,storage,44.9,1700001643
1644,354,us-east,marketplace,71.98,1700001644
1645,3561,eu-central,marketplace,154.59,1700001645
1646,3713,us-east,ads,185.36,1700001646
1647,4403,us-west,subscription,196.59,1700001647
1648,3974,ap-northeast,ads,18.64,1700001648
1649,1928,ap-south,compute,145.36,1700001649
1650,3433,us-west,marketplace,58.29,1700001650
1651,903,eu-central,subscription,25.42,1700001651
1652,3380,us-west,storage,222.95,1700001652
1653,603,ap-south,compute,121.62,1700001653
1654,3571,us-west,subscription,232.04,1700001654
1655,3728,us-west,storage,94.0,1700001655
1656,3750,us-west,marketplace,243.91,1700001656
1657,1657,eu-central,subscription,8.99,1700001657
1658,4659,us-east,marketplace,34.99,1700001658
1659,3814,ap-south,storage,43.63,1700001659
1660,2815,us-west,marketplace,151.31,1700001660
1661,1393,ap-northeast,compute,213.9,1700001661
1662,709,ap-south,compute,122.81,1700001662
1663,1774,ap-northeast,storage,209.41,1700001663
1664,2287,us-east,storage,184.31,1700001664
1665,2021,us-west,marketplace,109.13,1700001665
1666,1822,ap-northeast,subscription,228.52,1700001666
1667,42,ap-south,ads,10.97,1700001667
1668,3856,ap-northeast,ads,107.0,1700001668
1669,3231,ap-south,ads,113.66,1700001669
1670,1971,us-east,compute,188.52,1700001670
1671,3332,us-west,subscription,90.24,1700001671
1672,1959,us-east,ads,120.47,1700001672
1673,2498,us-west,storage,214.62,1700001673
1674,4782,us-east,storage,116.48,1700001674
1675,1136,ap-south,subscription,197.67,1700001675
1676,3035,ap-south,ads,215.24,1700001676
1677,580,ap-south,marketplace,133.2,1700001677
1678,2430,ap-south,marketplace,174.82,1700001678
1679,4444,ap-northeast,subscription,197.14,1700001679
1680,664,ap-northeast,marketplace,184.2,1700001680
1681,450,ap-northeast,marketplace,222.11,1700001681
1682,910,ap-south,marketplace,116.87,1700001682
1683,335,eu-central,marketplace,44.64,1700001683
1684,4578,us-east,compute,177.62,1700001684
1685,1678,us-west,marketplace,60.42,1700001685
1686,931,ap-south,compute,217.91,1700001686
1687,1719,us-west,marketplace,88.83,1700001687
1688,2191,ap-northeast,storage,70.01,1700001688
1689,520,eu-central,marketplace,113.65,1700001689
1690,4108,ap-northeast,ads,118.07,1700001690
1691,4358,ap-northeast,marketplace,113.54,1700001691
1692,3016,us-east,subscription,223.08,1700001692
1693,3751,us-east,ads,98.28,1700001693
1694,1465,eu-central,ads,28.23,1700001694
1695,2261,us-east,subscription,124.59,1700001695
1696,1674,ap-northeast,ads,74.0,1700001696
1697,4436,us-west,storage,87.33,1700001697
1698,3637,us-east,marketplace,48.08,1700001698
1699,181,us-west,compute,161.52,1700001699
1700,3373,ap-northeast,marketplace,164.28,1700001700
1701,2674,ap-south,compute,166.8,1700001701
1702,4344,ap-northeast,storage,115.04,1700001702
1703,4647,us-west,marketplace,43.76,1700001703
1704,2130,us-west,storage,93.6,1700001704
1705,2361,us-east,subscription,88.93,1700001705
1706,3735,us-west,compute,231.11,1700001706
1707,4386,eu-central,subscription,243.33,1700001707
1708,1258,us-west,subscription,30.11,1700001708
1709,2594,ap-northeast,subscription,110.78,1700001709
1710,3029,us-west,subscription,141.06,1700001710
1711,285,eu-central,marketplace,37.84,1700001711
1712,3674,ap-northeast,subscription,133.88,1700001712
1713,996,us-east,storage,232.84,1700001713
1714,1191,ap-south,marketplace,39.86,1700001714
1715,4475,ap-northeast,marketplace,162.16,1700001715
1716,2422,ap-south,marketplace,242.43,1700001716
1717,4700,us-west,compute,182.41,1700001717
1718,3622,eu-central,ads,183.18,1700001718
1719,329,us-west,compute,30.1,1700001719
1720,204,ap-south,compute,210.38,1700001720
1721,3654,eu-central,ads,82.27,1700001721
1722,4982,us-west,compute,132.08,1700001722
1723,2277,us-west,ads,21.81,1700001723
1724,3650,us-east,compute,99.21,1700001724
1725,4018,eu-central,compute,151.66,1700001725
1726,460,eu-central,storage,37.84,1700001726
1727,3504,eu-central,storage,93.83,1700001727
1728,2332,eu-central,marketplace,77.71,1700001728
1729,3651,ap-northeast,ads,54.71,1700001729
1730,3640,ap-south,storage,72.87,1700001730
1731,3473,ap-south,subscription,209.04,1700001731
1732,4899,us-east,subscription,52.74,1700001732
1733,3889,ap-northeast,marketplace,17.46,1700001733
1734,4839,ap-south,ads,2.65,1700001734
1735,2240,ap-south,subscription,139.4,1700001735
1736,4653,us-west,subscription,47.32,1700001736
1737,3128,eu-central,compute,123.16,1700001737
1738,2474,ap-northeast,marketplace,124.03,1700001738
1739,3797,us-west,ads,198.01,1700001739
1740,1262,eu-central,marketplace,239.05,1700001740
1741,3872,us-east,marketplace,104.87,1700001741
1742,4030,us-west,ads,30.72,1700001742
1743,2271,ap-south,ads,150.12,1700001743
1744,2964,ap-northeast,storage,141.83,1700001744
1745,2113,ap-south,ads,93.93,1700001745
1746,4713,us-east,marketplace,41.55,1700001746
1747,480,us-west,marketplace,115.8,1700001747
1748,1110,eu-central,subscription,14.17,1700001748
1749,2959,ap-south,marketplace,13.13,1700001749
1750,2390,ap-northeast,ads,128.95,1700001750
1751,1502,us-east,compute,188.4,1700001751
1752,4455,eu-central,marketplace,206.88,1700001752
1753,2467,eu-central,marketplace,24.86,1700001753
1754,4752,eu-central,subscription,4.21,1700001754
1755,4245,eu-central,marketplace,194.92,1700001755
1756,3376,eu-central,subscription,26.5,1700001756
1757,1267,ap-northeast,subscription,208.06,1700001757
1758,4577,ap-northeast,compute,211.67,1700001758
1759,4515,us-east,storage,115.66,1700001759
1760,626,us-east,subscription,230.93,1700001760
1761,3929,eu-central,marketplace,173.07,1700001761
1762,1139,ap-south,compute,131.26,1700001762
1763,2803,us-west,marketplace,8.16,1700001763
1764,972,us-west,subscription,214.35,1700001764
1765,1167,us-west,marketplace,32.21,1700001765
1766,1067,us-east,storage,173.01,1700001766
1767,916,us-east,ads,193.9,1700001767
1768,3533,us-east,subscription,27.85,1700001768
1769,4207,ap-northeast,ads,117.8,1700001769
1770,2073,us-east,ads,76.11,1700001770
1771,85,us-east,ads,230.1,1700001771
1772,1683,ap-northeast,subscription,47.01,1700001772
1773,2880,us-east,ads,37.24,1700001773
1774,2273,ap-northeast,marketplace,88.7,1700001774
1775,4102,ap-northeast,subscription,126.72,1700001775
1776,560,us-east,compute,191.05,1700001776
1777,4333,us-west,subscription,241.1,1700001777
1778,1408,ap-northeast,ads,243.42,1700001778
1779,809,us-west,compute,212.97,1700001779
1780,3889,eu-central,compute,47.1,1700001780
1781,880,us-west,marketplace,245.34,1700001781
1782,3475,us-west,compute,57.66,1700001782
1783,925,eu-central,ads,117.01,1700001783
1784,4258,us-west,storage,190.81,1700001784
1785,2362,ap-northeast,ads,21.48,1700001785
1786,4045,us-east,storage,71.62,1700001786
1787,4919,eu-central,storage,57.24,1700001787
1788,3337,eu-central,storage,48.01,1700001788
1789,571,ap-south,marketplace,45.65,1700001789
1790,4028,us-east,storage,110.08,1700001790
1791,697,us-east,subscription,99.31,1700001791
1792,4838,us-east,subscription,17.11,1700001792
1793,1631,eu-central,subscription,149.15,1700001793
1794,3312,us-east,subscription,209.69,1700001794
1795,4089,eu-central,compute,148.82,1700001795
1796,3279,eu-central,storage,167.0,1700001796
1797,3314,ap-south,compute,70.44,1700001797
1798,3725,us-east,ads,63.42,1700001798
1799,4074,us-west,subscription,8.4,1700001799
1800,433,us-east,storage,169.85,1700001800
1801,1468,ap-south,compute,170.12,1700001801
1802,1252,eu-central,compute,156.18,1700001802
1803,627,ap-northeast,storage,198.39,1700001803
1804,1655,eu-central,storage,123.07,1700001804
1805,2144,ap-northeast,marketplace,202.56,1700001805
1806,4429,ap-northeast,ads,238.19,1700001806
1807,259,ap-south,ads,96.52,1700001807
1808,2577,ap-south,storage,115.45,1700001808
1809,270,us-west,compute,165.19,1700001809
1810,2483,us-west,storage,108.24,1700001810
1811,2560,ap-south,storage,191.24,1700001811
1812,4661,ap-south,compute,171.66,1700001812
1813,4688,ap-south,storage,141.0,1700001813
1814,1281,ap-northeast,ads,98.45,1700001814
1815,4053,ap-northeast,storage,154.62,1700001815
1816,2890,eu-central,marketplace,16.29,1700001816
1817,4838,us-east,subscription,209.4,1700001817
1818,2858,ap-northeast,ads,191.53,1700001818
1819,2796,ap-south,ads,107.61,1700001819
1820,2928,ap-south,marketplace,15.06,1700001820
1821,2001,us-west,subscription,162.37,1700001821
1822,4855,us-east,ads,217.37,1700001822
1823,938,eu-central,subscription,5.91,1700001823
1824,2672,us-east,storage,164.78,1700001824
1825,3461,ap-northeast,compute,225.45,1700001825
1826,2185,us-east,storage,147.41,1700001826
1827,2593,ap-south,compute,98.18,1700001827
1828,4691,us-east,storage,25.91,1700001828
1829,1687,eu-central,storage,126.19,1700001829
1830,2782,us-west,compute,75.58,1700001830
1831,3572,us-west,storage,159.23,1700001831
1832,618,ap-northeast,subscription,72.55,1700001832
1833,390,eu-central,compute,101.1,1700001833
1834,1851,ap-northeast,ads,179.71,1700001834
1835,4737,us-east,compute,84.87,1700001835
1836,552,ap-northeast,compute,119.34,1700001836
1837,1719,eu-central,ads,163.23,1700001837
1838,2473,ap-northeast,marketplace,108.79,1700001838
1839,4424,eu-central,subscription,104.16,1700001839
1840,2059,ap-northeast,compute,113.85,1700001840
1841,4486,us-west,ads,157.33,1700001841
1842,4229,us-west,compute,125.3,1700001842
1843,3829,eu-central,compute,202.42,1700001843
1844,3554,ap-northeast,ads,131.05,1700001844
1845,2985,ap-south,subscription,60.85,1700001845
1846,2460,ap-south,storage,80.34,1700001846
1847,528,us-west,storage,67.47,1700001847
1848,2352,us-west,marketplace,172.03,1700001848
1849,1935,ap-south,subscription,29.28,1700001849
1850,1573,us-east,subscription,199.46,1700001850
1851,2544,ap-south,storage,140.4,1700001851
1852,3573,ap-south,ads,51.3,1700001852
1853,2235,us-west,ads,65.34,1700001853
1854,2276,ap-northeast,subscription,161.43,1700001854
1855,346,ap-south,ads,14.78,1700001855
1856,688,eu-central,compute,75.2,1700001856
1857,521,ap-south,marketplace,168.25,1700001857
1858,740,ap-south,subscription,59.77,1700001858
1859,4678,ap-northeast,ads,130.97,1700001859
1860,4755,ap-northeast,marketplace,124.62,1700001860
1861,740,us-west,compute,31.45,1700001861
1862,2568,eu-central,compute,184.57,1700001862
1863,1933,ap-south,subscription,36.93,1700001863
1864,1435,us-west,marketplace,110.43,1700001864
1865,2084,ap-northeast,ads,123.1,1700001865
1866,3070,us-east,marketplace,136.89,1700001866
1867,3891,us-west,marketplace,219.98,1700001867
1868,1188,eu-central,storage,179.2,1700001868
1869,2525,us-east,compute,9.67,1700001869
1870,448,us-west,marketplace,138.63,1700001870
1871,2534,eu-central,ads,134.19,1700001871
1872,1937,ap-south,storage,2.96,1700001872
1873,3220,eu-central,marketplace,23.47,1700001873
1874,1929,eu-central,subscription,214.99,1700001874
1875,1313,ap-south,marketplace,219.99,1700001875
1876,3329,us-east,marketplace,216.74,1700001876
1877,4028,ap-south,storage,231.7,1700001877
1878,2726,ap-south,ads,206.28,1700001878
1879,2138,ap-northeast,ads,88.61,1700001879
1880,4933,ap-northeast,marketplace,113.86,1700001880
1881,225,us-east,subscription,157.91,1700001881
1882,1115,us-east,storage,50.82,1700001882
1883,2504,eu-central,compute,21.48,1700001883
1884,1293,us-west,compute,178.68,1700001884
1885,1066,ap-northeast,storage,198.37,1700001885
1886,2617,ap-south,storage,218.5,1700001886
1887,1094,eu-central,subscription,172.18,1700001887
1888,2684,eu-central,subscription,22.02,1700001888
1889,3012,us-west,storage,219.22,1700001889
1890,4673,us-west,ads,237.08,1700001890
1891,4576,ap-northeast,subscription,226.8,1700001891
1892,3789,us-west,marketplace,175.61,1700001892
1893,1383,us-east,storage,154.88,1700001893
1894,4919,eu-central,subscription,23.18,1700001894
1895,3015,us-west,compute,30.22,1700001895
1896,4308,ap-south,storage,206.99,1700001896
1897,4049,us-east,subscription,178.68,1700001897
1898,1561,eu-central,marketplace,186.86,1700001898
1899,3130,us-west,storage,214.23,1700001899
1900,4916,us-west,marketplace,181.95,1700001900
1901,1552,ap-south,subscription,102.72,1700001901
1902,1196,us-east,marketplace,244.06,1700001902
1903,1930,ap-northeast,storage,226.92,1700001903
1904,3029,ap-northeast,storage,22.35,1700001904
1905,3842,us-west,marketplace,243.63,1700001905
1906,3257,us-west,storage,177.4,1700001906
1907,4893,eu-central,ads,24.72,1700001907
1908,482,us-east,marketplace,232.84,1700001908
1909,3858,eu-central,compute,234.89,1700001909
1910,4901,us-east,ads,64.16,1700001910
1911,3121,eu-central,storage,168.14,1700001911
1912,1084,ap-northeast,ads,145.54,1700001912
1913,2133,us-west,compute,123.72,1700001913
1914,2779,ap-south,subscription,23.32,1700001914
1915,4346,ap-south,subscription,65.84,1700001915
1916,2567,us-east,subscription,125.3,1700001916
1917,2302,eu-central,storage,71.45,1700001917
1918,2157,ap-northeast,marketplace,129.73,1700001918
1919,3570,us-west,marketplace,184.48,1700001919
1920,4025,us-west,compute,213.41,1700001920
1921,3605,us-east,subscription,38.01,1700001921
1922,1884,us-west,ads,118.09,1700001922
1923,1340,ap-south,storage,29.89,1700001923
1924,4055,us-east,storage,89.77,1700001924
1925,4595,ap-south,storage,123.75,1700001925
1926,1213,us-east,marketplace,24.3,1700001926
1927,2328,us-west,subscription,187.73,1700001927
1928,2235,ap-northeast,compute,53.89,1700001928
1929,34,ap-northeast,compute,45.96,1700001929
1930,630,us-west,storage,169.55,1700001930
1931,2693,us-east,marketplace,170.65,1700001931
1932,1000,ap-south,marketplace,147.99,1700001932
1933,869,eu-central,subscription,8.19,1700001933
1934,3771,ap-south,storage,157.46,1700001934
1935,2207,ap-northeast,ads,83.03,1700001935
1936,360,ap-northeast,storage,81.9,1700001936
1937,4663,us-west,subscription,215.96,1700001937
1938,2318,eu-central,ads,186.21,1700001938
1939,4483,ap-northeast,storage,24.05,1700001939
1940,2091,us-west,subscription,241.3,1700001940
1941,3268,us-east,ads,213.23,1700001941
1942,1335,ap-south,storage,71.95,1700001942
1943,1263,us-east,marketplace,123.22,1700001943
1944,3542,eu-central,compute,33.69,1700001944
1945,788,eu-central,compute,50.77,1700001945
1946,3650,ap-south,storage,67.85,1700001946
1947,4918,ap-south,ads,189.37,1700001947
1948,3017,ap-northeast,subscription,109.09,1700001948
1949,3490,us-east,ads,128.82,1700001949
1950,3798,us-west,subscription,232.74,1700001950
1951,4320,ap-northeast,ads,73.39,1700001951
1952,3583,us-east,storage,75.8,1700001952
1953,1047,eu-central,subscription,131.25,1700001953
1954,2421,ap-northeast,ads,138.2,1700001954
1955,370,ap-northeast,ads,128.15,1700001955
1956,3384,us-east,storage,165.55,1700001956
1957,4657,eu-central,marketplace,64.46,1700001957
1958,670,ap-northeast,ads,29.37,1700001958
1959,3792,us-west,subscription,210.88,1700001959
1960,371,us-east,storage,219.31,1700001960
1961,2439,eu-central,compute,181.3,1700001961
1962,3686,ap-northeast,marketplace,85.99,1700001962
1963,1534,us-west,subscription,20.48,1700001963
1964,4949,eu-central,ads,109.02,1700001964
1965,147,us-east,storage,30.05,1700001965
1966,1407,ap-south,storage,173.26,1700001966
1967,4931,ap-south,marketplace,155.01,1700001967
1968,2956,ap-south,marketplace,22.82,1700001968
1969,1107,us-east,subscription,28.87,1700001969
1970,131,us-west,ads,53.1,1700001970
1971,1190,us-west,storage,210.68,1700001971
1972,4413,us-west,ads,75.93,1700001972
1973,3797,us-west,storage,106.05,1700001973
1974,955,us-west,subscription,184.96,1700001974
1975,3648,ap-south,storage,5.89,1700001975
1976,3683,ap-northeast,subscription,51.13,1700001976
1977,4665,ap-south,ads,84.13,1700001977
1978,842,ap-south,storage,212.31,1700001978
1979,4741,ap-northeast,compute,249.76,1700001979
1980,304,ap-south,storage,122.04,1700001980
1981,4842,ap-northeast,storage,58.74,1700001981
1982,498,ap-northeast,ads,106.08,1700001982
1983,2588,ap-northeast,ads,67.69,1700001983
1984,3418,ap-south,ads,124.2,1700001984
1985,2841,ap-south,storage,6.18,1700001985
1986,2360,us-west,storage,86.62,1700001986
1987,1902,ap-northeast,subscription,147.33,1700001987
1988,2779,ap-northeast,storage,33.66,1700001988
1989,2404,ap-south,storage,208.44,1700001989
1990,2952,ap-south,subscription,155.84,1700001990
1991,2314,us-east,storage,33.15,1700001991
1992,1635,us-west,compute,123.55,1700001992
1993,3408,ap-south,marketplace,59.45,1700001993
1994,4562,us-east,ads,90.34,1700001994
1995,2137,eu-central,subscription,44.5,1700001995
1996,4125,us-east,ads,85.1,1700001996
1997,934,ap-northeast,subscription,31.05,1700001997
1998,1836,ap-south,marketplace,248.42,1700001998
1999,2911,us-east,compute,67.61,1700001999
2000,1239,ap-northeast,compute,167.7,1700002000
2001,414,ap-south,storage,240.7,1700002001
2002,909,us-east,compute,152.8,1700002002
2003,835,ap-northeast,ads,127.32,1700002003
2004,1369,us-east,subscription,227.84,1700002004
2005,1287,eu-central,storage,190.73,1700002005
2006,4083,us-east,subscription,162.13,1700002006
2007,2742,us-west,ads,212.3,1700002007
2008,3598,ap-south,ads,62.08,1700002008
2009,3881,eu-central,marketplace,126.75,1700002009
2010,699,eu-central,marketplace,179.08,1700002010
2011,3400,eu-central,subscription,38.75,1700002011
2012,4339,ap-south,subscription,35.36,1700002012
2013,3513,ap-south,storage,224.62,1700002013
2014,4229,eu-central,ads,111.2,1700002014
2015,82,ap-northeast,ads,22.11,1700002015
2016,2579,ap-south,subscription,109.08,1700002016
2017,3222,us-east,subscription,225.73,1700002017
2018,474,ap-northeast,marketplace,105.41,1700002018
2019,4536,eu-central,marketplace,227.4,1700002019
2020,65,eu-central,compute,152.99,1700002020
2021,1204,ap-south,storage,161.33,1700002021
2022,4460,ap-northeast,compute,163.36,1700002022
2023,2829,ap-south,subscription,220.36,1700002023
2024,691,us-east,compute,84.29,1700002024
2025,1033,ap-northeast,compute,71.7,1700002025
2026,761,ap-northeast,compute,78.75,1700002026
2027,2792,us-west,ads,7.94,1700002027
2028,4424,ap-northeast,marketplace,61.09,1700002028
2029,2490,ap-south,compute,28.5,1700002029
2030,492,eu-central,marketplace,157.12,1700002030
2031,2904,us-east,ads,189.38,1700002031
2032,1022,ap-south,marketplace,143.54,1700002032
2033,43,ap-south,marketplace,245.75,1700002033
2034,4765,ap-northeast,compute,211.28,1700002034
2035,1916,eu-central,marketplace,71.85,1700002035
2036,4693,us-west,storage,130.4,1700002036
2037,2029,us-east,marketplace,129.6,1700002037
2038,1578,eu-central,storage,25.4,1700002038
2039,3488,ap-south,ads,23.97,1700002039
2040,3481,us-west,storage,54.48,1700002040
2041,640,eu-central,compute,101.29,1700002041
2042,4580,ap-northeast,storage,218.13,1700002042
2043,4787,ap-south,storage,249.13,1700002043
2044,4011,ap-south,subscription,36.94,1700002044
2045,1042,ap-south,storage,33.22,1700002045
2046,4205,ap-northeast,ads,173.92,1700002046
2047,3731,ap-south,ads,186.88,1700002047
2048,4580,eu-central,ads,150.8,1700002048
2049,3348,us-east,ads,93.03,1700002049
2050,2373,us-east,compute,39.17,1700002050
2051,3044,eu-central,marketplace,76.51,1700002051
2052,3981,us-east,subscription,36.39,1700002052
2053,4831,ap-south,ads,234.27,1700002053
2054,2500,eu-central,subscription,46.59,1700002054
2055,4005,us-east,ads,137.34,1700002055
2056,554,us-east,storage,120.81,1700002056
2057,2538,ap-northeast,storage,225.17,1700002057
2058,3091,ap-south,compute,34.07,1700002058
2059,1135,ap-northeast,storage,190.66,1700002059
2060,3679,us-west,marketplace,23.24,1700002060
2061,3356,ap-south,subscription,225.16,1700002061
2062,2778,ap-northeast,ads,239.56,1700002062
2063,3630,eu-central,ads,216.62,1700002063
2064,204,ap-northeast,marketplace,140.7,1700002064
2065,1015,ap-northeast,ads,48.91,1700002065
2066,4439,ap-northeast,ads,239.37,1700002066
2067,4275,us-west,storage,126.16,1700002067
2068,153,us-east,compute,45.76,1700002068
2069,156,eu-central,subscription,62.08,1700002069
2070,4748,ap-south,ads,201.92,1700002070
2071,4972,eu-central,storage,147.63,1700002071
2072,4027,us-east,marketplace,109.82,1700002072
2073,3400,us-east,compute,80.03,1700002073
2074,2107,us-east,ads,244.97,1700002074
2075,4439,us-west,marketplace,36.86,1700002075
2076,2094,us-east,subscription,77.39,1700002076
2077,3337,us-west,ads,154.0,1700002077
2078,2665,us-west,ads,178.61,1700002078
2079,2442,ap-south,ads,80.69,1700002079
2080,3382,eu-central,marketplace,94.5,1700002080
2081,991,us-east,subscription,60.67,1700002081
2082,4891,ap-northeast,subscription,123.75,1700002082
2083,4133,ap-south,ads,68.05,1700002083
2084,2608,ap-south,compute,102.36,1700002084
2085,3967,us-east,storage,158.75,1700002085
2086,153,eu-central,compute,240.91,1700002086
2087,832,us-west,compute,163.24,1700002087
2088,1029,eu-central,compute,102.28,1700002088
2089,688,ap-northeast,subscription,195.94,1700002089
2090,1167,eu-central,compute,246.34,1700002090
2091,2009,ap-northeast,storage,240.38,1700002091
2092,4548,ap-south,ads,1.25,1700002092
2093,3807,ap-northeast,marketplace,163.61,1700002093
2094,1372,us-east,ads,233.44,1700002094
2095,3951,eu-central,compute,63.47,1700002095
2096,3115,eu-central,subscription,146.7,1700002096
2097,4181,eu-central,ads,41.19,1700002097
2098,4376,ap-northeast,ads,75.86,1700002098
2099,3239,us-east,subscription,181.54,1700002099
2100,2290,ap-south,subscription,153.0,1700002100
2101,2608,eu-central,marketplace,244.93,1700002101
2102,3709,eu-central,subscription,165.91,1700002102
2103,2635,eu-central,subscription,115.49,1700002103
2104,4912,eu-central,ads,228.59,1700002104
2105,1096,us-east,compute,119.66,1700002105
2106,79,us-west,storage,139.39,1700002106
2107,4006,ap-south,compute,21.21,1700002107
2108,636,ap-northeast,ads,223.25,1700002108
2109,3647,us-east,marketplace,243.04,1700002109
2110,3084,ap-northeast,marketplace,97.3,1700002110
2111,70,us-east,storage,93.25,1700002111
2112,1581,ap-south,ads,56.16,1700002112
2113,163,eu-central,marketplace,48.69,1700002113
2114,2484,us-west,subscription,245.05,1700002114
2115,2974,us-east,marketplace,123.72,1700002115
2116,4965,us-west,ads,49.83,1700002116
2117,3245,us-east,marketplace,142.71,1700002117
2118,4047,us-west,compute,49.25,1700002118
2119,4635,ap-northeast,compute,44.71,1700002119
2120,4819,us-west,ads,32.73,1700002120
2121,4669,us-west,compute,182.5,1700002121
2122,2248,us-west,ads,248.0,1700002122
2123,4366,ap-northeast,marketplace,170.49,1700002123
2124,3719,us-east,storage,160.6,1700002124
2125,425,eu-central,storage,211.24,1700002125
2126,3334,eu-central,ads,170.36,1700002126
2127,3823,ap-south,marketplace,129.8,1700002127
2128,357,us-west,ads,70.21,1700002128
2129,3442,ap-northeast,storage,79.74,1700002129
2130,3211,us-west,marketplace,21.37,1700002130
2131,4685,us-east,subscription,244.55,1700002131
2132,3472,us-east,subscription,50.02,1700002132
2133,2698,eu-central,ads,156.87,1700002133
2134,793,us-east,storage,108.56,1700002134
2135,197,ap-northeast,marketplace,210.29,1700002135
2136,2025,us-east,storage,60.35,1700002136
2137,2792,us-east,marketplace,130.4,1700002137
2138,1940,us-east,compute,155.27,1700002138
2139,784,ap-south,compute,32.08,1700002139
2140,498,us-east,storage,79.01,1700002140
2141,533,us-west,ads,229.86,1700002141
2142,3621,us-east,marketplace,153.07,1700002142
2143,3538,us-east,ads,169.71,1700002143
2144,4582,us-east,marketplace,212.63,1700002144
2145,3291,us-east,compute,188.24,1700002145
2146,1910,ap-northeast,compute,3.64,1700002146
2147,3146,ap-south,storage,220.1,1700002147
2148,830,eu-central,ads,114.07,1700002148
2149,2689,ap-northeast,subscription,27.89,1700002149
2150,101,ap-northeast,ads,148.63,1700002150
2151,1587,ap-northeast,subscription,159.7,1700002151
2152,2100,eu-central,storage,120.87,1700002152
2153,3643,us-west,subscription,35.28,1700002153
2154,362,us-east,subscription,78.61,1700002154
2155,3571,ap-northeast,marketplace,78.49,1700002155
2156,4434,us-west,subscription,117.91,1700002156
2157,4943,eu-central,marketplace,92.84,1700002157
2158,67,ap-northeast,compute,164.76,1700002158
2159,1185,us-east,subscription,127.27,1700002159
2160,4584,us-east,storage,86.61,1700002160
2161,1642,us-west,ads,86.05,1700002161
2162,3898,ap-south,compute,173.41,1700002162
2163,4739,ap-northeast,marketplace,154.41,1700002163
2164,3430,eu-central,subscription,27.11,1700002164
2165,346,ap-south,subscription,230.07,1700002165
2166,1828,us-west,storage,156.36,1700002166
2167,1959,ap-south,marketplace,202.01,1700002167
2168,3080,us-west,storage,46.88,1700002168
2169,56,eu-central,ads,19.36,1700002169
2170,246,ap-northeast,ads,36.46,1700002170
2171,3608,us-west,compute,228.26,1700002171
2172,2949,us-east,ads,50.58,1700002172
2173,2328,us-west,subscription,221.46,1700002173
2174,1428,eu-central,compute,62.25,1700002174
2175,1606,us-east,subscription,210.88,1700002175
2176,829,us-east,subscription,95.35,1700002176
2177,910,eu-central,subscription,76.96,1700002177
2178,1968,eu-central,marketplace,165.57,1700002178
2179,4317,ap-northeast,storage,219.72,1700002179
2180,536,us-east,subscription,220.8,1700002180
2181,1072,us-west,subscription,133.61,1700002181
2182,3066,eu-central,compute,107.96,1700002182
2183,2004,us-east,compute,147.24,1700002183
2184,4387,eu-central,subscription,82.59,1700002184
2185,437,eu-central,subscription,213.02,1700002185
2186,4785,ap-south,subscription,182.1,1700002186
2187,3856,ap-northeast,ads,42.69,1700002187
2188,3180,ap-northeast,marketplace,125.15,1700002188
2189,3804,us-west,marketplace,178.41,1700002189
2190,4305,ap-south,storage,118.97,1700002190
2191,4762,ap-south,compute,162.78,1700002191
2192,1698,us-west,subscription,113.57,1700002192
2193,1921,ap-south,subscription,77.19,1700002193
2194,3090,ap-northeast,subscription,233.94,1700002194
2195,3065,eu-central,compute,22.1,1700002195
2196,689,eu-central,storage,130.19,1700002196
2197,1886,ap-northeast,ads,116.85,1700002197
2198,2756,ap-south,storage,117.42,1700002198
2199,3351,eu-central,storage,79.94,1700002199
2200,3133,us-east,subscription,110.98,1700002200
2201,2176,us-east,marketplace,225.47,1700002201
2202,2413,ap-northeast,compute,137.12,1700002202
2203,641,eu-central,subscription,25.5,1700002203
2204,585,eu-central,ads,136.96,1700002204
2205,2735,us-west,marketplace,63.26,1700002205
2206,2249,us-west,compute,249.5,1700002206
2207,4450,eu-central,ads,192.75,1700002207
2208,2309,eu-central,storage,236.51,1700002208
2209,4751,us-east,storage,163.87,1700002209
2210,1223,ap-south,subscription,57.5,1700002210
2211,1720,ap-south,subscription,129.44,1700002211
2212,4528,ap-south,storage,85.82,1700002212
2213,704,eu-central,subscription,107.77,1700002213
2214,3422,us-west,storage,113.04,1700002214
2215,4575,us-east,marketplace,35.6,1700002215
2216,1052,eu-central,ads,125.45,1700002216
2217,2906,eu-central,subscription,105.37,1700002217
2218,3305,ap-northeast,marketplace,82.19,1700002218
2219,191,ap-northeast,ads,230.61,1700002219
2220,1260,eu-central,compute,157.83,1700002220
2221,4940,ap-northeast,compute,216.87,1700002221
2222,3124,us-west,storage,16.86,1700002222
2223,3166,us-west,storage,28.05,1700002223
2224,4666,ap-south,marketplace,24.22,1700002224
2225,855,ap-northeast,subscription,8.98,1700002225
2226,4943,ap-south,ads,47.49,1700002226
2227,570,ap-south,marketplace,52.27,1700002227
2228,2385,ap-northeast,ads,114.21,1700002228
2229,3020,ap-northeast,ads,43.78,1700002229
2230,3366,ap-south,subscription,247.41,1700002230
2231,1058,ap-northeast,storage,120.08,1700002231
2232,564,ap-south,subscription,33.35,1700002232
2233,1685,eu-central,storage,204.66,1700002233
2234,3890,us-west,compute,144.2,1700002234
2235,2543,ap-northeast,subscription,126.12,1700002235
2236,3760,eu-central,subscription,2.85,1700002236
2237,1169,ap-south,ads,206.32,1700002237
2238,4955,us-west,compute,82.89,1700002238
2239,4664,ap-south,storage,116.21,1700002239
2240,321,us-east,marketplace,161.93,1700002240
2241,3739,eu-central,marketplace,98.38,1700002241
2242,1435,ap-south,subscription,45.71,1700002242
2243,3540,ap-south,storage,227.8,1700002243
2244,1503,ap-northeast,ads,98.99,1700002244
2245,358,us-west,subscription,69.17,1700002245
2246,4406,eu-central,ads,174.81,1700002246
2247,1780,ap-south,storage,248.11,1700002247
2248,4529,us-east,marketplace,20.06,1700002248
2249,862,ap-northeast,marketplace,103.11,1700002249
2250,1351,eu-central,subscription,127.01,1700002250
2251,3787,us-east,ads,160.08,1700002251
2252,3784,ap-south,marketplace,186.74,1700002252
2253,1593,ap-south,ads,3.67,1700002253
2254,940,us-west,marketplace,167.9,1700002254
2255,3804,ap-south,storage,17.99,1700002255
2256,4493,us-west,storage,35.92,1700002256
2257,2287,us-west,subscription,209.79,1700002257
2258,4973,us-east,subscription,74.24,1700002258
2259,4380,ap-south,subscription,20.32,1700002259
2260,92,eu-central,subscription,110.72,1700002260
2261,1458,us-west,ads,223.28,1700002261
2262,4361,us-west,storage,174.49,1700002262
2263,4284,us-east,storage,172.9,1700002263
2264,3638,us-east,compute,2.16,1700002264
2265,3092,us-west,subscription,94.29,1700002265
2266,1955,us-west,ads,4.99,1700002266
2267,229,us-east,marketplace,205.31,1700002267
2268,518,us-west,ads,199.43,1700002268
2269,1376,us-west,ads,104.5,1700002269
2270,883,eu-central,marketplace,140.95,1700002270
2271,1553,ap-northeast,subscription,233.65,1700002271
2272,3237,ap-south,ads,58.87,1700002272
2273,868,eu-central,marketplace,44.23,1700002273
2274,3295,eu-central,ads,97.91,1700002274
2275,3759,us-west,ads,164.83,1700002275
2276,2282,ap-northeast,marketplace,11.94,1700002276
2277,1791,ap-south,marketplace,192.12,1700002277
2278,4093,us-east,compute,198.02,1700002278
2279,4663,us-west,marketplace,239.8,1700002279
2280,4915,eu-central,storage,169.8,1700002280
2281,1089,eu-central,subscription,159.2,1700002281
2282,2605,ap-south,ads,84.44,1700002282
2283,4986,ap-northeast,storage,96.21,1700002283
2284,1905,ap-northeast,compute,176.45,1700002284
2285,109,us-west,ads,154.47,1700002285
2286,1017,eu-central,subscription,184.74,1700002286
2287,1996,ap-northeast,ads,15.92,1700002287
2288,3069,ap-south,marketplace,51.3,1700002288
2289,3079,us-west,ads,60.28,1700002289
2290,4900,ap-south,marketplace,34.43,1700002290
2291,2602,us-east,compute,198.15,1700002291
2292,3399,eu-central,ads,58.02,1700002292
2293,2714,eu-central,subscription,52.25,1700002293
2294,443,us-west,subscription,152.41,1700002294
2295,3126,ap-northeast,marketplace,46.7,1700002295
2296,50,us-east,storage,18.43,1700002296
2297,1577,us-east,subscription,234.63,1700002297
2298,1029,us-east,subscription,148.57,1700002298
2299,1675,us-west,compute,20.46,1700002299
2300,3827,eu-central,subscription,180.7,1700002300
2301,2007,ap-south,subscription,151.86,1700002301
2302,2484,eu-central,compute,112.62,1700002302
2303,1650,eu-central,storage,20.92,1700002303
2304,2946,ap-south,storage,42.77,1700002304
2305,3616,ap-south,compute,152.74,1700002305
2306,3551,us-west,storage,5.93,1700002306
2307,3125,ap-south,ads,189.96,1700002307
2308,2460,ap-northeast,compute,39.05,1700002308
2309,1440,eu-central,storage,116.45,1700002309
2310,3716,eu-central,storage,140.97,1700002310
2311,3940,us-east,marketplace,35.03,1700002311
2312,3845,us-west,subscription,229.12,1700002312
2313,35,us-east,compute,182.86,1700002313
2314,3066,ap-south,storage,231.5,1700002314
2315,3233,eu-central,storage,122.9,1700002315
2316,4820,us-east,storage,221.36,1700002316
2317,1020,ap-south,compute,41.43,1700002317
2318,3575,eu-central,marketplace,127.89,1700002318
2319,4003,eu-central,ads,163.08,1700002319
2320,3474,us-west,subscription,119.95,1700002320
2321,2961,us-east,subscription,66.07,1700002321
2322,3732,us-west,marketplace,62.61,1700002322
2323,4738,us-west,ads,30.07,1700002323
2324,757,ap-south,storage,176.81,1700002324
2325,659,ap-northeast,subscription,219.13,1700002325
2326,1359,ap-south,marketplace,173.27,1700002326
2327,4102,ap-northeast,storage,146.93,1700002327
2328,3372,us-east,ads,159.41,1700002328
2329,2822,us-west,marketplace,187.43,1700002329
2330,3261,eu-central,ads,246.77,1700002330
2331,4029,us-east,ads,18.39,1700002331
2332,3423,ap-northeast,storage,163.98,1700002332
2333,3531,us-west,subscription,94.29,1700002333
2334,1101,us-west,storage,46.31,1700002334
2335,904,ap-south,compute,203.78,1700002335
2336,1521,us-west,ads,187.73,1700002336
2337,1572,eu-central,storage,110.74,1700002337
2338,895,us-west,ads,73.99,1700002338
2339,3095,us-east,marketplace,17.0,1700002339
2340,244,ap-northeast,subscription,120.0,1700002340
2341,826,us-east,ads,67.25,1700002341
2342,60,ap-northeast,ads,25.11,1700002342
2343,4279,us-east,storage,151.14,1700002343
2344,2178,ap-south,storage,189.47,1700002344
2345,4952,ap-south,marketplace,93.33,1700002345
2346,2811,eu-central,subscription,235.31,1700002346
2347,3265,ap-south,compute,15.25,1700002347
2348,2917,eu-central,ads,1.77,1700002348
2349,3292,us-west,ads,150.88,1700002349
2350,4347,eu-central,subscription,92.74,1700002350
2351,3893,ap-northeast,storage,165.4,1700002351
2352,26,eu-central,ads,158.81,1700002352
2353,375,eu-central,storage,59.16,1700002353
2354,3970,ap-south,compute,198.7,1700002354
2355,2854,ap-south,storage,246.73,1700002355
2356,823,ap-south,marketplace,152.19,1700002356
2357,1173,ap-northeast,compute,196.43,1700002357
2358,4134,us-east,subscription,124.98,1700002358
2359,714,eu-central,compute,246.82,1700002359
2360,3825,us-west,storage,238.81,1700002360
2361,3950,ap-northeast,subscription,61.6,1700002361
2362,1397,us-east,ads,109.29,1700002362
2363,240,us-west,marketplace,225.76,1700002363
2364,2297,us-west,marketplace,166.82,1700002364
2365,1009,us-west,compute,158.75,1700002365
2366,4031,us-east,marketplace,218.11,1700002366
2367,4719,ap-northeast,ads,161.35,1700002367
2368,3089,ap-south,compute,241.6,1700002368
2369,3580,us-west,subscription,65.51,1700002369
2370,2384,us-east,ads,23.2,1700002370
2371,4852,us-west,ads,143.64,1700002371
2372,1044,eu-central,storage,144.65,1700002372
2373,14,eu-central,ads,147.92,1700002373
2374,1556,ap-south,storage,80.59,1700002374
2375,2991,us-west,compute,166.27,1700002375
2376,4840,us-west,ads,99.43,1700002376
2377,4410,ap-south,marketplace,37.03,1700002377
2378,2432,us-west,storage,170.32,1700002378
2379,1208,ap-northeast,marketplace,37.32,1700002379
2380,282,ap-northeast,marketplace,77.91,1700002380
2381,1012,eu-central,compute,120.09,1700002381
2382,1768,ap-south,marketplace,176.33,1700002382
2383,3086,us-east,marketplace,39.02,1700002383
2384,1726,us-west,ads,230.87,1700002384
2385,1467,ap-south,storage,75.48,1700002385
2386,1305,us-east,compute,98.68,1700002386
2387,3461,ap-south,marketplace,189.67,1700002387
2388,3204,us-east,compute,181.96,1700002388
2389,2314,us-west,compute,99.05,1700002389
2390,1073,eu-central,compute,216.6,1700002390
2391,444,eu-central,storage,164.0,1700002391
2392,4729,us-west,storage,174.29,1700002392
2393,2385,us-west,subscription,55.32,1700002393
2394,1603,us-east,marketplace,181.76,1700002394
2395,4716,us-east,subscription,94.76,1700002395
2396,3499,us-west,ads,24.92,1700002396
2397,3882,us-west,ads,30.22,1700002397
2398,4223,eu-central,compute,109.02,1700002398
2399,1218,ap-south,subscription,9.46,1700002399
2400,1974,ap-south,storage,76.37,1700002400
2401,4884,us-west,storage,194.19,1700002401
2402,735,ap-south,storage,69.53,1700002402
2403,3647,eu-central,ads,30.88,1700002403
2404,677,us-east,storage,160.71,1700002404
2405,4176,us-west,ads,147.13,1700002405
2406,4691,ap-south,marketplace,173.74,1700002406
2407,775,ap-northeast,subscription,96.61,1700002407
2408,3553,eu-central,compute,32.18,1700002408
2409,2665,us-east,compute,47.04,1700002409
2410,162,ap-south,compute,204.55,1700002410
2411,4343,ap-south,ads,130.21,1700002411
2412,4791,ap-northeast,ads,188.62,1700002412
2413,1700,us-east,subscription,215.64,1700002413
2414,1475,us-east,compute,112.36,1700002414
2415,2575,us-east,ads,33.08,1700002415
2416,1690,us-west,ads,141.06,1700002416
2417,287,us-east,ads,127.03,1700002417
2418,2979,ap-northeast,subscription,106.34,1700002418
2419,1,us-west,marketplace,12.5,1700002419
2420,4256,eu-central,compute,111.79,1700002420
2421,4728,ap-south,marketplace,131.14,1700002421
2422,2885,ap-northeast,compute,128.14,1700002422
2423,812,us-east,subscription,10.15,1700002423
2424,1161,eu-central,subscription,239.4,1700002424
2425,4933,ap-northeast,subscription,148.35,1700002425
2426,2273,us-west,compute,106.08,1700002426
2427,4505,eu-central,marketplace,96.06,1700002427
2428,1338,ap-south,storage,21.73,1700002428
2429,2083,ap-south,subscription,134.44,1700002429
2430,579,eu-central,subscription,178.9,1700002430
2431,4618,ap-northeast,compute,41.85,1700002431
2432,1258,eu-central,storage,95.36,1700002432
2433,4945,us-west,ads,68.26,1700002433
2434,4354,us-east,compute,102.29,1700002434
2435,2699,us-east,marketplace,227.4,1700002435
2436,2239,us-west,subscription,69.14,1700002436
2437,803,ap-south,subscription,95.28,1700002437
2438,861,us-east,subscription,132.09,1700002438
2439,2512,ap-northeast,storage,24.79,1700002439
2440,2859,ap-northeast,marketplace,138.33,1700002440
2441,4977,us-east,ads,43.52,1700002441
2442,3192,us-west,marketplace,201.72,1700002442
2443,4356,ap-northeast,compute,220.62,1700002443
2444,3299,ap-south,compute,32.77,1700002444
2445,78,ap-northeast,subscription,164.73,1700002445
2446,1169,ap-south,compute,184.12,1700002446
2447,434,eu-central,subscription,169.88,1700002447
2448,3427,ap-south,subscription,110.3,1700002448
2449,2900,ap-south,compute,72.42,1700002449
2450,3505,ap-northeast,subscription,76.99,1700002450
2451,713,eu-central,storage,192.87,1700002451
2452,739,us-east,ads,182.76,1700002452
2453,768,us-west,compute,15.3,1700002453
2454,2342,ap-northeast,storage,202.28,1700002454
2455,88,ap-south,compute,233.18,1700002455
2456,1118,ap-south,storage,129.24,1700002456
2457,4362,us-east,storage,4.46,1700002457
2458,1558,us-east,storage,175.95,1700002458
2459,2827,us-west,compute,171.34,1700002459
2460,347,ap-northeast,storage,241.2,1700002460
2461,4289,us-west,subscription,19.71,1700002461
2462,1093,ap-northeast,marketplace,238.17,1700002462
2463,3463,ap-south,storage,43.45,1700002463
2464,928,eu-central,subscription,208.1,1700002464
2465,966,eu-central,marketplace,121.3,1700002465
2466,2169,us-west,ads,184.77,1700002466
2467,4660,ap-south,subscription,230.84,1700002467
2468,4224,us-east,storage,223.23,1700002468
2469,4000,us-east,marketplace,2.47,1700002469
2470,3772,eu-central,marketplace,89.12,1700002470
2471,43,eu-central,subscription,101.11,1700002471
2472,73,us-east,storage,123.52,1700002472
2473,695,ap-northeast,compute,224.73,1700002473
2474,3365,us-east,storage,2.72,1700002474
2475,2050,us-west,storage,99.44,1700002475
2476,2452,eu-central,storage,223.16,1700002476
2477,4395,eu-central,ads,247.35,1700002477
2478,3600,us-west,subscription,89.08,1700002478
2479,3556,us-east,marketplace,221.01,1700002479
2480,1626,us-east,subscription,71.94,1700002480
2481,1096,ap-south,storage,186.24,1700002481
2482,259,us-west,subscription,237.15,1700002482
2483,2178,us-east,storage,122.78,1700002483
2484,4060,us-west,marketplace,188.02,1700002484
2485,3276,ap-northeast,storage,33.72,1700002485
2486,884,us-east,subscription,39.73,1700002486
2487,4097,us-east,subscription,13.96,1700002487
2488,2803,ap-south,compute,184.62,1700002488
2489,3559,ap-south,marketplace,71.27,1700002489
2490,677,ap-south,subscription,154.79,1700002490
2491,4189,us-west,subscription,71.0,1700002491
2492,943,eu-central,subscription,166.92,1700002492
2493,3516,us-west,storage,176.91,1700002493
2494,845,ap-northeast,compute,46.12,1700002494
2495,4844,us-west,subscription,30.99,1700002495
2496,3288,us-east,marketplace,247.61,1700002496
2497,1198,ap-south,ads,154.5,1700002497
2498,745,us-east,storage,102.42,1700002498
2499,2511,us-west,subscription,84.71,1700002499
2500,3926,us-east,compute,107.34,1700002500
2501,424,eu-central,ads,68.04,1700002501
2502,2299,eu-central,storage,62.5,1700002502
2503,390,us-west,ads,1.13,1700002503
2504,2635,us-west,marketplace,118.54,1700002504
2505,4969,us-east,storage,47.03,1700002505
2506,4025,eu-central,marketplace,76.78,1700002506
2507,794,us-east,compute,192.85,1700002507
2508,1068,eu-central,marketplace,185.58,1700002508
2509,2961,ap-northeast,compute,151.57,1700002509
2510,1952,eu-central,subscription,146.5,1700002510
2511,715,us-east,subscription,157.76,1700002511
2512,4931,us-east,ads,147.05,1700002512
2513,1561,us-west,storage,231.45,1700002513
2514,614,ap-northeast,compute,86.38,1700002514
2515,3885,us-west,compute,180.47,1700002515
2516,359,us-west,subscription,105.13,1700002516
2517,2069,ap-northeast,marketplace,223.83,1700002517
2518,3674,us-east,storage,17.86,1700002518
2519,3433,ap-northeast,compute,197.93,1700002519
2520,1368,ap-northeast,marketplace,174.48,1700002520
2521,1057,eu-central,ads,238.99,1700002521
2522,499,us-west,storage,124.26,1700002522
2523,4362,ap-northeast,ads,42.21,1700002523
2524,4173,ap-south,compute,195.06,1700002524
2525,3284,ap-northeast,marketplace,52.52,1700002525
2526,30,us-west,compute,55.23,1700002526
2527,73,ap-northeast,storage,126.45,1700002527
2528,4302,eu-central,marketplace,213.27,1700002528
2529,2428,eu-central,compute,30.66,1700002529
2530,1835,us-east,compute,60.32,1700002530
2531,321,us-west,marketplace,231.88,1700002531
2532,2216,us-east,subscription,247.39,1700002532
2533,1721,ap-northeast,ads,1.35,1700002533
2534,2847,ap-northeast,marketplace,81.82,1700002534
2535,4500,eu-central,subscription,102.68,1700002535
2536,2416,eu-central,ads,156.86,1700002536
2537,86,eu-central,subscription,182.89,1700002537
2538,2292,us-west,marketplace,242.93,1700002538
2539,4403,ap-northeast,ads,180.93,1700002539
2540,3130,eu-central,compute,138.17,1700002540
2541,3623,us-west,marketplace,67.93,1700002541
2542,4765,ap-south,subscription,112.07,1700002542
2543,3555,eu-central,subscription,225.64,1700002543
2544,768,ap-south,subscription,115.39,1700002544
2545,1443,us-west,compute,123.14,1700002545
2546,1478,eu-central,ads,78.23,1700002546
2547,1456,ap-south,compute,47.77,1700002547
2548,1176,us-east,storage,62.07,1700002548
2549,3298,us-east,compute,35.19,1700002549
2550,97,ap-northeast,ads,95.09,1700002550
2551,170,us-east,ads,191.1,1700002551
2552,359,us-west,subscription,192.76,1700002552
2553,2193,us-west,compute,4.36,1700002553
2554,77,us-east,compute,184.3,1700002554
2555,2773,us-east,subscription,35.67,1700002555
2556,4611,ap-south,subscription,77.54,1700002556
2557,3924,us-west,subscription,14.91,1700002557
2558,2192,ap-northeast,ads,6.28,1700002558
2559,365,us-east,compute,74.89,1700002559
2560,4191,ap-south,subscription,1.3,1700002560
2561,1838,us-east,subscription,107.36,1700002561
2562,1208,eu-central,marketplace,57.25,1700002562
2563,3152,us-east,storage,43.22,1700002563
2564,903,us-west,ads,239.16,1700002564
2565,2309,eu-central,ads,154.31,1700002565
2566,970,eu-central,ads,224.0,1700002566
2567,4953,us-west,subscription,107.73,1700002567
2568,2744,ap-northeast,subscription,170.18,1700002568
2569,1231,eu-central,compute,204.57,1700002569
2570,2854,us-east,marketplace,229.14,1700002570
2571,3024,eu-central,ads,197.43,1700002571
2572,1218,us-west,marketplace,37.8,1700002572
2573,3660,ap-south,ads,29.18,1700002573
2574,3502,eu-central,subscription,23.52,1700002574
2575,1045,us-west,storage,88.8,1700002575
2576,4049,ap-south,storage,173.66,1700002576
2577,3392,ap-northeast,marketplace,35.42,1700002577
2578,2015,ap-south,storage,137.79,1700002578
2579,4414,ap-northeast,storage,133.59,1700002579
2580,1886,ap-south,ads,145.66,1700002580
2581,3456,ap-northeast,compute,194.37,1700002581
2582,1797,us-east,subscription,91.07,1700002582
2583,1666,us-east,marketplace,140.04,1700002583
2584,1095,us-east,ads,227.93,1700002584
2585,2957,us-west,marketplace,115.64,1700002585
2586,4518,ap-south,subscription,53.47,1700002586
2587,1840,us-east,subscription,30.19,1700002587
2588,1173,ap-south,ads,174.33,1700002588
2589,3480,eu-central,ads,175.65,1700002589
2590,4765,us-east,storage,209.52,1700002590
2591,1296,us-east,subscription,91.95,1700002591
2592,648,us-west,ads,4.11,1700002592
2593,3412,us-west,subscription,117.97,1700002593
2594,1148,ap-northeast,marketplace,118.08,1700002594
2595,2764,ap-south,ads,72.41,1700002595
2596,1278,us-east,ads,151.44,1700002596
2597,1422,ap-northeast,subscription,3.71,1700002597
2598,3471,ap-south,compute,178.14,1700002598
2599,2114,ap-northeast,compute,77.2,1700002599
2600,1863,ap-south,subscription,68.69,1700002600
2601,754,ap-northeast,storage,244.5,1700002601
2602,1026,us-west,storage,155.14,1700002602
2603,1794,ap-south,subscription,205.8,1700002603
2604,4582,ap-northeast,ads,204.32,1700002604
2605,3838,ap-south,marketplace,163.52,1700002605
2606,3319,ap-south,subscription,14.61,1700002606
2607,3044,ap-south,subscription,68.21,1700002607
2608,856,us-east,marketplace,151.19,1700002608
2609,2749,us-east,subscription,71.27,1700002609
2610,4437,us-east,ads,53.77,1700002610
2611,90,eu-central,subscription,138.37,1700002611
2612,266,us-west,marketplace,22.17,1700002612
2613,4671,ap-northeast,ads,141.37,1700002613
2614,3964,us-east,ads,79.33,1700002614
2615,2529,us-east,marketplace,188.17,1700002615
2616,3262,ap-northeast,subscription,79.3,1700002616
2617,3201,eu-central,subscription,175.96,1700002617
2618,798,eu-central,storage,224.23,1700002618
2619,4126,us-east,compute,202.07,1700002619
2620,1231,us-east,compute,199.22,1700002620
2621,3908,ap-northeast,ads,73.24,1700002621
2622,1242,ap-south,ads,221.42,1700002622
2623,765,us-west,subscription,202.06,1700002623
2624,1154,us-west,compute,129.56,1700002624
2625,4987,ap-northeast,marketplace,112.42,1700002625
2626,1075,eu-central,marketplace,90.72,1700002626
2627,3530,us-east,storage,60.54,1700002627
2628,4972,us-east,subscription,142.16,1700002628
2629,4076,us-east,ads,36.51,1700002629
2630,2536,ap-northeast,ads,125.23,1700002630
2631,3726,eu-central,subscription,233.58,1700002631
2632,1323,us-east,marketplace,144.55,1700002632
2633,2895,us-east,ads,45.62,1700002633
2634,3775,eu-central,storage,244.64,1700002634
2635,3622,us-west,ads,242.95,1700002635
2636,4000,us-east,marketplace,214.89,1700002636
2637,3285,ap-south,compute,229.37,1700002637
2638,1057,ap-south,marketplace,128.61,1700002638
2639,2570,eu-central,ads,170.87,1700002639
2640,4145,ap-south,marketplace,219.47,1700002640
2641,350,ap-northeast,ads,185.52,1700002641
2642,2006,ap-northeast,ads,39.49,1700002642
2643,863,eu-central,storage,40.39,1700002643
2644,3271,us-east,subscription,97.67,1700002644
2645,3787,us-east,marketplace,117.0,1700002645
2646,4384,ap-south,ads,22.37,1700002646
2647,888,ap-south,storage,50.67,1700002647
2648,2693,us-east,marketplace,86.26,1700002648
2649,4951,ap-south,subscription,175.87,1700002649
2650,3902,us-east,marketplace,114.19,1700002650
2651,4466,us-west,storage,37.23,1700002651
2652,1749,eu-central,compute,8.8,1700002652
2653,4925,ap-south,ads,234.18,1700002653
2654,2962,ap-south,storage,54.14,1700002654
2655,1733,us-east,storage,68.19,1700002655
2656,1443,us-east,subscription,18.25,1700002656
2657,3319,us-east,marketplace,218.57,1700002657
2658,3699,ap-south,compute,54.31,1700002658
2659,2126,us-west,ads,24.02,1700002659
2660,3511,eu-central,marketplace,41.97,1700002660
2661,2862,ap-south,storage,119.4,1700002661
2662,1317,ap-south,marketplace,228.24,1700002662
2663,4673,ap-south,ads,140.67,1700002663
2664,4892,us-west,ads,180.96,1700002664
2665,4739,ap-northeast,subscription,81.61,1700002665
2666,2593,us-east,subscription,224.23,1700002666
2667,1209,ap-south,marketplace,29.29,1700002667
2668,3330,eu-central,compute,180.85,1700002668
2669,3691,us-west,storage,160.09,1700002669
2670,4739,us-east,ads,55.44,1700002670
2671,1538,ap-south,compute,193.82,1700002671
2672,4923,ap-south,subscription,87.67,1700002672
2673,1566,ap-northeast,ads,93.19,1700002673
2674,2981,us-east,marketplace,224.27,1700002674
2675,4114,us-east,storage,162.58,1700002675
2676,3736,ap-south,storage,88.58,1700002676
2677,4444,ap-south,compute,243.54,1700002677
2678,2752,us-east,subscription,115.25,1700002678
2679,3057,us-west,compute,149.13,1700002679
2680,4447,ap-south,storage,71.97,1700002680
2681,3584,eu-central,compute,234.54,1700002681
2682,813,us-east,ads,23.32,1700002682
2683,135,ap-northeast,storage,26.82,1700002683
2684,4463,us-east,storage,126.34,1700002684
2685,268,eu-central,storage,53.76,1700002685
2686,3725,ap-northeast,storage,29.51,1700002686
2687,3847,us-east,marketplace,241.94,1700002687
2688,3801,ap-south,storage,2.89,1700002688
2689,3070,us-west,compute,71.62,1700002689
2690,2167,eu-central,storage,168.65,1700002690
2691,35,ap-south,ads,4.87,1700002691
2692,1257,eu-central,compute,205.19,1700002692
2693,4915,eu-central,marketplace,43.43,1700002693
2694,4688,ap-south,subscription,139.38,1700002694
2695,3207,us-west,compute,161.46,1700002695
2696,423,ap-northeast,storage,33.09,1700002696
2697,3199,us-west,storage,226.14,1700002697
2698,4238,us-west,storage,58.51,1700002698
2699,1035,ap-northeast,ads,158.23,1700002699
2700,3212,eu-central,compute,40.6,1700002700
2701,2642,us-west,ads,24.22,1700002701
2702,3584,us-east,compute,39.11,1700002702
2703,4454,us-east,compute,96.22,1700002703
2704,1070,ap-south,marketplace,47.45,1700002704
2705,1817,eu-central,subscription,134.32,1700002705
2706,2010,ap-south,marketplace,165.16,1700002706
2707,2253,us-east,subscription,157.23,1700002707
2708,4747,us-east,ads,115.32,1700002708
2709,4882,us-east,ads,36.32,1700002709
2710,2147,us-west,ads,20.27,1700002710
2711,2961,us-west,storage,26.07,1700002711
2712,180,ap-south,ads,122.14,1700002712
2713,626,us-west,storage,94.44,1700002713
2714,2569,ap-south,subscription,45.77,1700002714
2715,84,us-west,compute,158.17,1700002715
2716,258,us-east,marketplace,248.44,1700002716
2717,3965,ap-northeast,compute,137.07,1700002717
2718,1298,ap-northeast,marketplace,231.72,1700002718
2719,1580,ap-northeast,ads,134.45,1700002719
2720,4244,ap-northeast,subscription,54.86,1700002720
2721,2990,us-east,subscription,8.34,1700002721
2722,1136,us-west,ads,182.21,1700002722
2723,1037,eu-central,marketplace,120.91,1700002723
2724,754,eu-central,compute,163.33,1700002724
2725,3827,ap-south,storage,128.65,1700002725
2726,3277,us-west,marketplace,44.07,1700002726
2727,2303,ap-south,ads,146.33,1700002727
2728,4814,eu-central,subscription,198.73,1700002728
2729,3997,ap-south,storage,106.51,1700002729
2730,2226,eu-central,compute,27.78,1700002730
2731,3138,ap-south,subscription,142.22,1700002731
2732,3064,us-east,storage,42.65,1700002732
2733,277,ap-northeast,marketplace,147.13,1700002733
2734,2405,ap-northeast,compute,88.71,1700002734
2735,246,us-east,subscription,202.45,1700002735
2736,3518,us-west,marketplace,62.08,1700002736
2737,1763,eu-central,marketplace,37.11,1700002737
2738,2576,us-east,ads,80.33,1700002738
2739,90,eu-central,subscription,116.88,1700002739
2740,2635,us-west,compute,17.49,1700002740
2741,2324,ap-northeast,subscription,132.29,1700002741
2742,844,ap-northeast,marketplace,179.35,1700002742
2743,613,ap-northeast,storage,170.85,1700002743
2744,3566,eu-central,marketplace,50.34,1700002744
2745,407,ap-south,storage,12.65,1700002745
2746,2249,ap-south,ads,31.9,1700002746
2747,1402,ap-northeast,marketplace,148.2,1700002747
2748,1937,ap-northeast,ads,71.97,1700002748
2749,4717,us-east,storage,71.81,1700002749
2750,3300,us-east,compute,229.59,1700002750
2751,321,eu-central,ads,18.29,1700002751
2752,780,ap-south,marketplace,69.39,1700002752
2753,2833,ap-south,ads,139.56,1700002753
2754,2566,ap-south,compute,12.72,1700002754
2755,2445,ap-south,storage,212.32,1700002755
2756,995,eu-central,compute,26.58,1700002756
2757,1836,us-east,ads,35.54,1700002757
2758,2645,ap-south,subscription,43.38,1700002758
2759,1566,eu-central,compute,247.4,1700002759
2760,431,eu-central,ads,28.59,1700002760
2761,2493,us-east,marketplace,83.0,1700002761
2762,3110,eu-central,subscription,231.29,1700002762
2763,4780,ap-south,ads,32.45,1700002763
2764,1213,ap-northeast,storage,159.59,1700002764
2765,1003,ap-northeast,compute,60.89,1700002765
2766,3916,ap-south,marketplace,81.16,1700002766
2767,3955,us-west,ads,66.69,1700002767
2768,2427,us-east,marketplace,140.07,1700002768
2769,1986,us-west,ads,19.71,1700002769
2770,4052,us-east,subscription,4.27,1700002770
2771,1771,ap-south,storage,47.79,1700002771
2772,857,eu-central,subscription,203.68,1700002772
2773,4323,ap-northeast,marketplace,190.36,1700002773
2774,2555,ap-south,subscription,212.1,1700002774
2775,866,us-west,subscription,229.26,1700002775
2776,3159,ap-south,compute,128.85,1700002776
2777,3279,us-west,ads,70.18,1700002777
2778,1346,eu-central,compute,162.45,1700002778
2779,1207,ap-south,ads,186.51,1700002779
2780,1971,us-east,storage,47.57,1700002780
2781,235,ap-south,compute,113.71,1700002781
2782,2176,us-east,compute,21.93,1700002782
2783,3535,us-west,subscription,99.84,1700002783
2784,3530,ap-northeast,marketplace,14.24,1700002784
2785,2234,eu-central,ads,13.23,1700002785
2786,3134,ap-south,subscription,74.21,1700002786
2787,3299,us-west,compute,69.71,1700002787
2788,4977,ap-south,compute,108.96,1700002788
2789,409,us-west,ads,55.68,1700002789
2790,436,us-east,compute,67.28,1700002790
2791,540,ap-northeast,ads,69.59,1700002791
2792,3315,ap-south,storage,26.22,1700002792
2793,2198,ap-south,subscription,43.59,1700002793
2794,1668,eu-central,marketplace,176.76,1700002794
2795,2360,us-east,ads,47.08,1700002795
2796,3906,eu-central,subscription,43.39,1700002796
2797,569,us-west,subscription,83.71,1700002797
2798,3730,us-west,ads,166.84,1700002798
2799,3506,eu-central,ads,45.2,1700002799
2800,2162,us-east,subscription,170.12,1700002800
2801,80,ap-northeast,marketplace,242.42,1700002801
2802,4778,us-east,storage,218.43,1700002802
2803,3872,us-east,ads,204.91,1700002803
2804,4648,eu-central,subscription,131.79,1700002804
2805,1371,us-west,ads,25.9,1700002805
2806,2750,ap-south,storage,183.97,1700002806
2807,4471,eu-central,storage,64.13,1700002807
2808,3759,us-east,marketplace,75.98,1700002808
2809,2734,ap-northeast,compute,121.6,1700002809
2810,2212,ap-northeast,ads,37.83,1700002810
2811,3362,us-west,subscription,89.94,1700002811
2812,254,us-west,compute,185.51,1700002812
2813,3529,eu-central,subscription,186.35,1700002813
2814,1588,ap-south,ads,241.4,1700002814
2815,4464,ap-south,compute,44.56,1700002815
2816,2858,eu-central,storage,147.7,1700002816
2817,2264,eu-central,subscription,11.23,1700002817
2818,4261,eu-central,compute,31.62,1700002818
2819,3728,ap-northeast,marketplace,72.81,1700002819
2820,69,ap-south,subscription,117.11,1700002820
2821,1231,ap-northeast,marketplace,156.32,1700002821
2822,1333,eu-central,storage,72.78,1700002822
2823,2415,us-east,storage,11.2,1700002823
2824,2319,ap-northeast,ads,14.25,1700002824
2825,2506,us-east,storage,88.71,1700002825
2826,6,us-east,marketplace,35.29,1700002826
2827,2321,ap-northeast,compute,39.6,1700002827
2828,705,eu-central,subscription,248.98,1700002828
2829,1612,ap-south,compute,229.65,1700002829
2830,2383,us-west,ads,118.82,1700002830
2831,2906,us-west,storage,106.22,1700002831
2832,804,eu-central,marketplace,149.66,1700002832
2833,1420,ap-northeast,storage,170.05,1700002833
2834,2642,ap-northeast,subscription,171.15,1700002834
2835,1635,eu-central,subscription,104.66,1700002835
2836,1635,eu-central,marketplace,22.31,1700002836
2837,4643,ap-south,compute,46.66,1700002837
2838,3580,us-east,subscription,132.12,1700002838
2839,2567,ap-northeast,marketplace,117.63,1700002839
2840,3504,ap-south,storage,240.4,1700002840
2841,3779,us-east,compute,7.58,1700002841
2842,3449,us-east,subscription,154.19,1700002842
2843,2478,us-west,compute,128.54,1700002843
2844,1043,ap-northeast,compute,225.08,1700002844
2845,2404,us-east,storage,32.36,1700002845
2846,49,ap-south,compute,115.59,1700002846
2847,446,us-east,ads,68.27,1700002847
2848,877,eu-central,compute,25.25,1700002848
2849,2381,ap-northeast,storage,172.96,1700002849
2850,499,us-east,compute,168.93,1700002850
2851,435,us-west,compute,36.89,1700002851
2852,4058,us-west,subscription,223.87,1700002852
2853,1268,eu-central,marketplace,180.07,1700002853
2854,53,ap-south,compute,172.26,1700002854
2855,940,us-east,ads,39.1,1700002855
2856,992,ap-northeast,ads,62.55,1700002856
2857,849,ap-south,ads,208.35,1700002857
2858,3636,ap-south,ads,231.59,1700002858
2859,2457,ap-south,storage,245.69,1700002859
2860,1925,ap-northeast,marketplace,205.6,1700002860
2861,3598,ap-northeast,ads,108.66,1700002861
2862,178,us-west,subscription,204.82,1700002862
2863,1972,us-west,compute,185.67,1700002863
2864,4479,us-west,storage,120.64,1700002864
2865,2372,us-east,compute,123.75,1700002865
2866,2255,ap-south,storage,174.72,1700002866
2867,880,ap-south,storage,203.56,1700002867
2868,1214,us-east,marketplace,114.81,1700002868
2869,4623,ap-south,ads,145.55,1700002869
2870,280,ap-northeast,storage,11.62,1700002870
2871,2906,us-west,storage,220.72,1700002871
2872,3755,eu-central,ads,245.46,1700002872
2873,2931,ap-northeast,compute,53.48,1700002873
2874,4302,ap-south,compute,16.63,1700002874
2875,1241,eu-central,compute,85.48,1700002875
2876,1148,eu-central,marketplace,230.95,1700002876
2877,559,ap-south,storage,240.68,1700002877
2878,4964,us-west,compute,177.42,1700002878
2879,4154,ap-northeast,marketplace,33.23,1700002879
2880,2655,ap-northeast,compute,87.68,1700002880
2881,3308,us-east,ads,8.35,1700002881
2882,1304,us-west,ads,166.65,1700002882
2883,4092,ap-south,marketplace,190.22,1700002883
2884,1939,us-east,subscription,182.31,1700002884
2885,3147,ap-south,ads,16.42,1700002885
2886,2052,us-east,ads,211.85,1700002886
2887,598,ap-south,marketplace,152.03,1700002887
2888,242,us-west,marketplace,27.81,1700002888
2889,3683,ap-south,subscription,247.23,1700002889
2890,4701,ap-northeast,subscription,49.73,1700002890
2891,4024,ap-south,marketplace,57.15,1700002891
2892,1328,ap-south,compute,202.36,1700002892
2893,1576,us-east,compute,7.04,1700002893
2894,789,us-west,ads,202.69,1700002894
2895,43,eu-central,storage,142.51,1700002895
2896,590,eu-central,subscription,170.91,1700002896
2897,4327,ap-south,subscription,208.27,1700002897
2898,4673,ap-south,compute,88.67,1700002898
2899,4577,us-west,ads,110.28,1700002899
2900,3082,us-east,compute,20.46,1700002900
2901,4238,eu-central,ads,30.36,1700002901
2902,1889,us-east,compute,135.59,1700002902
2903,185,us-west,marketplace,230.65,1700002903
2904,2060,ap-south,marketplace,17.92,1700002904
2905,1294,eu-central,ads,134.07,1700002905
2906,1978,ap-northeast,compute,125.51,1700002906
2907,3271,ap-northeast,ads,136.94,1700002907
2908,909,ap-northeast,storage,234.29,1700002908
2909,2155,us-east,ads,85.17,1700002909
2910,2138,us-west,marketplace,222.12,1700002910
2911,487,us-west,subscription,137.22,1700002911
2912,2701,us-east,subscription,123.9,1700002912
2913,4620,ap-northeast,ads,87.12,1700002913
2914,580,ap-south,compute,185.08,1700002914
2915,661,ap-northeast,storage,236.7,1700002915
2916,2217,us-east,ads,9.86,1700002916
2917,4159,us-west,marketplace,108.45,1700002917
2918,2486,us-west,ads,232.88,1700002918
2919,216,us-west,compute,152.43,1700002919
2920,3108,us-east,compute,121.06,1700002920
2921,3172,ap-south,subscription,108.0,1700002921
2922,3497,ap-northeast,subscription,29.78,1700002922
2923,967,ap-northeast,marketplace,88.6,1700002923
2924,2811,ap-south,ads,60.3,1700002924
2925,754,ap-northeast,ads,57.55,1700002925
2926,4393,ap-northeast,ads,247.74,1700002926
2927,123,us-west,ads,20.08,1700002927
2928,1039,ap-south,subscription,71.37,1700002928
2929,2574,eu-central,compute,164.15,1700002929
2930,2001,eu-central,subscription,151.92,1700002930
2931,3922,us-east,ads,20.02,1700002931
2932,4454,us-west,storage,176.61,1700002932
2933,2925,us-west,storage,178.57,1700002933
2934,3006,ap-northeast,marketplace,217.37,1700002934
2935,2001,ap-northeast,marketplace,80.4,1700002935
2936,4436,ap-northeast,ads,14.45,1700002936
2937,3366,ap-northeast,storage,70.67,1700002937
2938,1668,us-west,compute,58.4,1700002938
2939,4530,us-west,ads,93.73,1700002939
2940,1163,us-east,subscription,174.89,1700002940
2941,3718,us-east,ads,125.23,1700002941
2942,277,eu-central,marketplace,147.47,1700002942
2943,2461,us-east,ads,70.49,1700002943
2944,4996,ap-south,storage,5.69,1700002944
2945,3135,ap-south,storage,12.06,1700002945
2946,1686,ap-south,subscription,165.32,1700002946
2947,4363,us-east,marketplace,8.8,1700002947
2948,2850,us-east,compute,188.87,1700002948
2949,2755,eu-central,compute,54.92,1700002949
2950,225,eu-central,compute,109.08,1700002950
2951,3503,us-east,ads,138.77,1700002951
2952,2355,ap-northeast,storage,106.53,1700002952
2953,4656,ap-northeast,marketplace,41.47,1700002953
2954,3124,ap-south,subscription,33.84,1700002954
2955,125,eu-central,marketplace,22.3,1700002955
2956,2048,ap-northeast,marketplace,85.05,1700002956
2957,3233,us-east,compute,69.29,1700002957
2958,2202,eu-central,compute,4.07,1700002958
2959,2515,ap-northeast,marketplace,209.16,1700002959
2960,1465,ap-south,storage,5.3,1700002960
2961,73,ap-south,ads,241.51,1700002961
2962,3934,ap-northeast,subscription,102.74,1700002962
2963,4748,us-east,marketplace,224.36,1700002963
2964,4518,eu-central,ads,110.67,1700002964
2965,2114,eu-central,marketplace,217.39,1700002965
2966,1043,us-west,subscription,37.58,1700002966
2967,407,us-west,ads,164.0,1700002967
2968,1510,ap-northeast,storage,145.39,1700002968
2969,344,ap-northeast,subscription,16.14,1700002969
2970,2123,eu-central,ads,169.92,1700002970
2971,2895,ap-northeast,ads,150.54,1700002971
2972,2865,us-east,ads,127.23,1700002972
2973,928,ap-northeast,ads,60.01,1700002973
2974,2669,ap-northeast,marketplace,207.46,1700002974
2975,3408,us-east,storage,219.09,1700002975
2976,1173,us-east,marketplace,152.13,1700002976
2977,2952,eu-central,storage,224.45,1700002977
2978,3070,ap-south,marketplace,155.86,1700002978
2979,1314,eu-central,ads,73.43,1700002979
2980,1230,ap-northeast,ads,27.45,1700002980
2981,1733,eu-central,compute,179.23,1700002981
2982,4164,ap-northeast,marketplace,235.05,1700002982
2983,3104,ap-northeast,ads,164.61,1700002983
2984,1230,ap-south,ads,238.84,1700002984
2985,1840,ap-northeast,compute,249.46,1700002985
2986,4492,ap-south,compute,183.53,1700002986
2987,4324,us-east,compute,118.61,1700002987
2988,4297,ap-northeast,storage,79.92,1700002988
2989,1598,ap-northeast,marketplace,227.86,1700002989
2990,2693,us-west,marketplace,58.49,1700002990
2991,2579,us-east,subscription,111.81,1700002991
2992,3359,eu-central,ads,88.64,1700002992
2993,4143,us-east,marketplace,163.68,1700002993
2994,4958,us-west,storage,196.79,1700002994
2995,1883,ap-northeast,subscription,231.5,1700002995
2996,2007,ap-south,compute,166.81,1700002996
2997,4961,eu-central,marketplace,86.05,1700002997
2998,967,us-east,storage,105.83,1700002998
2999,1216,ap-northeast,storage,158.52,1700002999
3000,1623,us-west,storage,4.86,1700003000
3001,990,ap-south,marketplace,191.61,1700003001
3002,3850,us-east,subscription,217.5,1700003002
3003,3535,us-east,subscription,247.49,1700003003
3004,1085,ap-northeast,compute,229.74,1700003004
3005,3460,eu-central,subscription,101.18,1700003005
3006,4563,us-west,marketplace,30.64,1700003006
3007,2758,ap-northeast,compute,154.54,1700003007
3008,371,us-east,marketplace,237.53,1700003008
3009,3350,ap-south,storage,73.03,1700003009
3010,3909,us-west,subscription,181.2,1700003010
3011,4830,ap-northeast,ads,38.91,1700003011
3012,64,ap-northeast,compute,93.1,1700003012
3013,3716,ap-south,marketplace,110.21,1700003013
3014,4168,ap-northeast,marketplace,236.25,1700003014
3015,794,us-west,marketplace,123.83,1700003015
3016,396,ap-northeast,compute,224.43,1700003016
3017,4750,ap-northeast,storage,72.03,1700003017
3018,3147,eu-central,subscription,238.42,1700003018
3019,344,us-west,storage,130.26,1700003019
3020,4712,ap-northeast,marketplace,25.77,1700003020
3021,2334,us-west,ads,72.67,1700003021
3022,3987,ap-south,subscription,221.45,1700003022
3023,2364,eu-central,compute,188.61,1700003023
3024,1898,eu-central,subscription,24.9,1700003024
3025,4524,ap-northeast,subscription,7.81,1700003025
3026,326,ap-northeast,compute,199.95,1700003026
3027,55,ap-south,ads,93.02,1700003027
3028,2309,ap-northeast,storage,183.29,1700003028
3029,4268,us-west,storage,74.44,1700003029
3030,898,us-east,storage,222.33,1700003030
3031,4041,eu-central,ads,216.26,1700003031
3032,2282,us-east,marketplace,201.11,1700003032
3033,1823,us-east,marketplace,40.03,1700003033
3034,2748,eu-central,storage,158.03,1700003034
3035,4202,us-east,marketplace,223.18,1700003035
3036,315,ap-south,ads,233.16,1700003036
3037,4271,eu-central,subscription,210.52,1700003037
3038,292,us-east,subscription,35.08,1700003038
3039,3082,us-west,subscription,67.06,1700003039
3040,1241,ap-south,subscription,183.66,1700003040
3041,2316,us-west,subscription,159.06,1700003041
3042,727,ap-northeast,subscription,1.8,1700003042
3043,552,ap-south,compute,153.19,1700003043
3044,1460,us-east,storage,172.31,1700003044
3045,3116,ap-northeast,subscription,159.79,1700003045
3046,3967,ap-northeast,subscription,219.59,1700003046
3047,1900,eu-central,storage,123.07,1700003047
3048,3213,ap-northeast,marketplace,136.31,1700003048
3049,2421,us-east,subscription,28.98,1700003049
3050,2354,ap-south,storage,82.02,1700003050
3051,3481,us-east,subscription,116.72,1700003051
3052,2613,us-east,marketplace,174.55,1700003052
3053,1050,ap-south,storage,150.66,1700003053
3054,1924,us-east,marketplace,67.71,1700003054
3055,1763,ap-south,ads,141.0,1700003055
3056,2648,eu-central,marketplace,103.4,1700003056
3057,3621,ap-south,storage,65.91,1700003057
3058,448,eu-central,storage,182.32,1700003058
3059,2784,us-east,marketplace,112.46,1700003059
3060,1813,ap-northeast,subscription,134.47,1700003060
3061,904,ap-northeast,compute,83.09,1700003061
3062,4956,ap-northeast,ads,237.62,1700003062
3063,173,ap-south,ads,195.33,1700003063
3064,2731,eu-central,compute,16.8,1700003064
3065,404,ap-northeast,subscription,91.16,1700003065
3066,1626,us-west,compute,99.49,1700003066
3067,1879,eu-central,subscription,227.75,1700003067
3068,2716,ap-south,subscription,138.68,1700003068
3069,2038,us-east,ads,211.53,1700003069
3070,4314,us-east,compute,100.09,1700003070
3071,3973,us-east,subscription,71.49,1700003071
3072,199,us-west,subscription,9.41,1700003072
3073,1013,ap-south,storage,33.67,1700003073
3074,2212,us-east,ads,19.4,1700003074
3075,3403,us-east,ads,185.92,1700003075
3076,4438,ap-northeast,subscription,24.79,1700003076
3077,4819,ap-south,subscription,208.04,1700003077
3078,2558,eu-central,storage,128.58,1700003078
3079,192,eu-central,marketplace,115.27,1700003079
3080,817,eu-central,compute,118.38,1700003080
3081,2386,ap-south,ads,56.34,1700003081
3082,3329,ap-northeast,marketplace,121.35,1700003082
3083,4369,ap-northeast,subscription,96.22,1700003083
3084,4072,ap-south,marketplace,190.91,1700003084
3085,888,ap-south,subscription,144.89,1700003085
3086,204,ap-south,subscription,112.32,1700003086
3087,3906,ap-northeast,ads,161.06,1700003087
3088,2724,us-west,ads,24.75,1700003088
3089,1387,us-west,storage,148.76,1700003089
3090,688,us-west,storage,154.51,1700003090
3091,3880,ap-northeast,compute,190.38,1700003091
3092,483,ap-south,marketplace,103.55,1700003092
3093,2768,us-west,ads,81.04,1700003093
3094,4632,ap-northeast,storage,217.99,1700003094
3095,2197,us-west,compute,198.88,1700003095
3096,4470,ap-south,marketplace,239.91,1700003096
3097,1932,eu-central,storage,177.51,1700003097
3098,4215,ap-northeast,ads,230.39,1700003098
3099,3488,us-east,storage,32.69,1700003099
3100,112,us-west,compute,187.29,1700003100
3101,1362,us-west,storage,217.57,1700003101
3102,932,us-east,storage,124.3,1700003102
3103,4298,ap-south,subscription,187.5,1700003103
3104,4482,ap-south,storage,3.31,1700003104
3105,964,ap-south,marketplace,180.27,1700003105
3106,2221,ap-northeast,marketplace,154.16,1700003106
3107,3045,ap-northeast,subscription,36.24,1700003107
3108,4287,us-west,compute,238.05,1700003108
3109,3042,ap-northeast,compute,63.56,1700003109
3110,3792,us-west,marketplace,231.84,1700003110
3111,1109,us-west,compute,179.06,1700003111
3112,3882,us-east,marketplace,104.66,1700003112
3113,1232,ap-south,ads,248.33,1700003113
3114,46,eu-central,subscription,50.62,1700003114
3115,769,ap-northeast,storage,83.43,1700003115
3116,501,ap-northeast,storage,149.02,1700003116
3117,547,eu-central,compute,220.95,1700003117
3118,2826,us-east,subscription,69.37,1700003118
3119,3492,ap-northeast,marketplace,92.45,1700003119
3120,3304,eu-central,compute,135.71,1700003120
3121,1660,us-east,compute,38.95,1700003121
3122,1774,eu-central,subscription,66.47,1700003122
3123,839,us-west,compute,147.24,1700003123
3124,3138,eu-central,compute,193.22,1700003124
3125,4852,ap-northeast,marketplace,241.7,1700003125
3126,3879,us-west,subscription,1.67,1700003126
3127,1900,us-west,ads,232.46,1700003127
3128,1201,us-west,subscription,119.39,1700003128
3129,3,eu-central,ads,224.09,1700003129
3130,428,us-west,compute,202.0,1700003130
3131,3485,ap-south,marketplace,76.34,1700003131
3132,961,us-west,compute,98.92,1700003132
3133,3159,ap-south,marketplace,78.63,1700003133
3134,4277,eu-central,compute,20.47,1700003134
3135,4960,us-west,subscription,236.43,1700003135
3136,2276,us-west,storage,140.56,1700003136
3137,4015,eu-central,ads,139.92,1700003137
3138,3567,eu-central,subscription,7.3,1700003138
3139,2996,ap-south,marketplace,182.39,1700003139
3140,1752,ap-northeast,compute,219.2,1700003140
3141,1565,ap-south,marketplace,45.57,1700003141
3142,88,us-west,storage,90.89,1700003142
3143,1597,us-east,compute,78.29,1700003143
3144,771,eu-central,marketplace,126.2,1700003144
3145,107,ap-northeast,marketplace,9.35,1700003145
3146,2253,ap-south,storage,11.94,1700003146
3147,2073,eu-central,ads,242.81,1700003147
3148,250,ap-south,compute,158.43,1700003148
3149,4017,us-west,storage,187.73,1700003149
3150,4470,us-east,ads,93.01,1700003150
3151,1255,us-west,subscription,21.62,1700003151
3152,979,us-east,storage,159.73,1700003152
3153,511,eu-central,ads,214.61,1700003153
3154,2274,us-west,compute,184.63,1700003154
3155,2726,eu-central,subscription,226.53,1700003155
3156,4808,eu-central,compute,4.53,1700003156
3157,3303,ap-south,ads,17.17,1700003157
3158,4109,us-west,marketplace,21.91,1700003158
3159,3633,us-east,marketplace,152.52,1700003159
3160,4141,ap-south,subscription,159.19,1700003160
3161,27,eu-central,marketplace,140.58,1700003161
3162,965,eu-central,storage,142.48,1700003162
3163,706,ap-northeast,storage,22.95,1700003163
3164,742,us-west,ads,47.23,1700003164
3165,4843,us-east,subscription,197.4,1700003165
3166,1782,eu-central,storage,21.24,1700003166
3167,2022,eu-central,subscription,187.1,1700003167
3168,1088,eu-central,ads,95.45,1700003168
3169,2352,us-west,marketplace,35.97,1700003169
3170,2585,ap-south,subscription,208.98,1700003170
3171,2235,us-west,subscription,244.84,1700003171
3172,2125,ap-south,marketplace,24.01,1700003172
3173,2910,ap-northeast,marketplace,87.87,1700003173
3174,4285,ap-south,subscription,10.15,1700003174
3175,4795,ap-south,subscription,134.95,1700003175
3176,1726,ap-south,marketplace,161.86,1700003176
3177,2365,us-west,marketplace,175.21,1700003177
3178,4127,ap-northeast,marketplace,23.6,1700003178
3179,1727,eu-central,subscription,117.45,1700003179
3180,258,us-east,compute,164.92,1700003180
3181,1528,ap-south,subscription,117.34,1700003181
3182,2646,eu-central,compute,95.1,1700003182
3183,4821,us-east,marketplace,175.62,1700003183
3184,2940,us-east,subscription,105.93,1700003184
3185,2742,eu-central,ads,47.59,1700003185
3186,2933,eu-central,subscription,117.24,1700003186
3187,1526,us-east,storage,202.5,1700003187
3188,3740,ap-northeast,compute,173.93,1700003188
3189,3272,ap-south,subscription,63.89,1700003189
3190,3058,ap-northeast,marketplace,121.16,1700003190
3191,3287,eu-central,ads,242.72,1700003191
3192,1920,ap-northeast,ads,105.83,1700003192
3193,2207,ap-northeast,storage,148.68,1700003193
3194,1344,ap-northeast,subscription,230.67,1700003194
3195,4890,ap-northeast,subscription,237.92,1700003195
3196,4653,us-west,subscription,166.19,1700003196
3197,441,us-east,marketplace,198.42,1700003197
3198,1159,eu-central,storage,99.6,1700003198
3199,3774,us-east,subscription,50.9,1700003199
3200,1410,eu-central,marketplace,21.01,1700003200
3201,1935,us-west,storage,23.45,1700003201
3202,2005,us-west,compute,211.57,1700003202
3203,3066,us-east,storage,40.67,1700003203
3204,819,ap-south,compute,172.01,1700003204
3205,1741,ap-south,storage,208.01,1700003205
3206,1989,us-east,storage,33.0,1700003206
3207,1094,ap-south,marketplace,224.61,1700003207
3208,3479,ap-northeast,storage,133.99,1700003208
3209,2842,ap-south,compute,7.7,1700003209
3210,4986,us-west,subscription,92.91,1700003210
3211,2785,ap-northeast,ads,153.03,1700003211
3212,3262,us-east,subscription,35.38,1700003212
3213,1540,us-east,subscription,76.18,1700003213
3214,761,eu-central,storage,163.86,1700003214
3215,3488,us-west,marketplace,78.46,1700003215
3216,3938,us-east,marketplace,239.67,1700003216
3217,3455,us-west,subscription,100.16,1700003217
3218,4239,us-east,storage,201.75,1700003218
3219,2837,us-east,storage,201.08,1700003219
3220,101,us-west,marketplace,33.06,1700003220
3221,4154,ap-south,storage,3.89,1700003221
3222,3291,ap-south,ads,76.44,1700003222
3223,2119,us-east,compute,201.97,1700003223
3224,3689,ap-northeast,marketplace,195.47,1700003224
3225,2745,ap-northeast,marketplace,28.81,1700003225
3226,1466,ap-south,compute,190.14,1700003226
3227,656,us-west,ads,84.94,1700003227
3228,4835,eu-central,subscription,129.21,1700003228
3229,3728,ap-south,ads,116.73,1700003229
3230,327,us-east,storage,115.6,1700003230
3231,411,ap-northeast,marketplace,63.83,1700003231
3232,2765,eu-central,ads,136.14,1700003232
3233,1465,eu-central,marketplace,104.85,1700003233
3234,3660,eu-central,marketplace,159.36,1700003234
3235,4881,us-east,marketplace,183.24,1700003235
3236,4353,ap-south,subscription,44.63,1700003236
3237,4383,us-east,subscription,181.97,1700003237
3238,4043,ap-south,marketplace,87.0,1700003238
3239,3753,ap-northeast,subscription,229.78,1700003239
3240,4289,ap-northeast,storage,11.12,1700003240
3241,2676,eu-central,ads,37.54,1700003241
3242,829,ap-south,compute,245.09,1700003242
3243,646,eu-central,marketplace,106.21,1700003243
3244,184,us-west,marketplace,180.68,1700003244
3245,650,ap-south,ads,198.62,1700003245
3246,4677,eu-central,marketplace,154.28,1700003246
3247,4417,us-west,ads,94.18,1700003247
3248,3875,us-west,storage,69.42,1700003248
3249,1522,eu-central,compute,168.19,1700003249
3250,4954,ap-south,subscription,169.87,1700003250
3251,2234,us-east,storage,52.58,1700003251
3252,3395,us-west,marketplace,67.5,1700003252
3253,4908,eu-central,ads,56.11,1700003253
3254,149,eu-central,subscription,16.87,1700003254
3255,2358,ap-northeast,storage,147.39,1700003255
3256,4877,eu-central,compute,97.87,1700003256
3257,4569,us-east,marketplace,85.81,1700003257
3258,2838,ap-south,subscription,116.02,1700003258
3259,4088,us-west,compute,174.73,1700003259
3260,3196,eu-central,storage,9.03,1700003260
3261,4681,us-east,storage,140.77,1700003261
3262,2829,us-east,subscription,187.25,1700003262
3263,4339,eu-central,marketplace,73.66,1700003263
3264,2584,ap-south,storage,8.36,1700003264
3265,4792,us-west,compute,88.55,1700003265
3266,3536,ap-south,ads,188.1,1700003266
3267,2326,ap-northeast,storage,247.43,1700003267
3268,3075,ap-northeast,subscription,95.23,1700003268
3269,1012,us-east,storage,55.36,1700003269
3270,907,ap-northeast,marketplace,45.48,1700003270
3271,1304,ap-south,compute,102.72,1700003271
3272,1784,ap-south,compute,70.44,1700003272
3273,2976,us-east,marketplace,126.07,1700003273
3274,4363,ap-south,subscription,214.91,1700003274
3275,4054,ap-south,marketplace,206.71,1700003275
3276,3682,us-west,subscription,100.61,1700003276
3277,28,ap-northeast,marketplace,190.97,1700003277
3278,1412,us-east,storage,145.46,1700003278
3279,3426,ap-south,storage,48.03,1700003279
3280,238,ap-northeast,subscription,35.5,1700003280
3281,4124,us-east,compute,143.08,1700003281
3282,3349,us-east,marketplace,152.84,1700003282
3283,1364,ap-northeast,storage,171.41,1700003283
3284,3034,us-east,compute,220.99,1700003284
3285,3190,ap-northeast,compute,216.0,1700003285
3286,1323,ap-south,marketplace,181.04,1700003286
3287,1961,us-west,storage,234.35,1700003287
3288,1637,eu-central,subscription,73.95,1700003288
3289,254,us-west,compute,115.83,1700003289
3290,2008,ap-northeast,storage,247.44,1700003290
3291,1449,ap-south,compute,160.7,1700003291
3292,4949,eu-central,subscription,61.97,1700003292
3293,573,us-east,ads,170.82,1700003293
3294,3329,ap-northeast,storage,215.68,1700003294
3295,577,ap-south,marketplace,220.96,1700003295
3296,4402,us-east,compute,162.13,1700003296
3297,4376,us-east,storage,120.72,1700003297
3298,490,eu-central,storage,207.25,1700003298
3299,327,eu-central,storage,179.44,1700003299
3300,4191,ap-south,storage,197.07,1700003300
3301,849,us-west,marketplace,189.73,1700003301
3302,4750,us-east,subscription,92.25,1700003302
3303,2784,us-west,subscription,199.09,1700003303
3304,1722,eu-central,ads,83.18,1700003304
3305,607,ap-south,storage,188.37,1700003305
3306,2130,eu-central,marketplace,172.61,1700003306
3307,2709,ap-south,marketplace,142.49,1700003307
3308,4870,us-east,subscription,37.86,1700003308
3309,2363,us-east,subscription,220.16,1700003309
3310,4617,eu-central,marketplace,77.36,1700003310
3311,1297,ap-northeast,marketplace,119.35,1700003311
3312,3604,eu-central,subscription,186.19,1700003312
3313,1054,us-west,compute,73.79,1700003313
3314,3148,eu-central,subscription,7.97,1700003314
3315,1734,ap-northeast,marketplace,37.94,1700003315
3316,99,eu-central,marketplace,180.56,1700003316
3317,4234,ap-south,storage,155.0,1700003317
3318,1396,eu-central,subscription,147.2,1700003318
3319,4105,eu-central,compute,94.22,1700003319
3320,3976,us-west,compute,121.03,1700003320
3321,3965,ap-south,ads,167.52,1700003321
3322,531,eu-central,subscription,78.02,1700003322
3323,1838,us-west,marketplace,152.55,1700003323
3324,980,us-west,marketplace,125.2,1700003324
3325,4665,us-east,compute,224.64,1700003325
3326,1660,eu-central,ads,100.22,1700003326
3327,810,eu-central,compute,17.73,1700003327
3328,4533,ap-northeast,compute,218.28,1700003328
3329,459,ap-south,compute,131.21,1700003329
3330,2005,eu-central,subscription,172.74,1700003330
3331,2008,us-west,storage,45.18,1700003331
3332,4991,eu-central,compute,70.09,1700003332
3333,1557,us-east,subscription,131.12,1700003333
3334,499,us-west,subscription,61.74,1700003334
3335,4762,ap-south,storage,25.47,1700003335
3336,419,eu-central,ads,49.91,1700003336
3337,954,ap-south,ads,119.53,1700003337
3338,819,ap-northeast,compute,54.53,1700003338
3339,3992,eu-central,compute,3.39,1700003339
3340,3521,us-east,storage,194.57,1700003340
3341,1596,ap-northeast,compute,189.13,1700003341
3342,5,eu-central,storage,150.74,1700003342
3343,4036,us-west,marketplace,127.32,1700003343
3344,4213,eu-central,marketplace,66.79,1700003344
3345,4360,us-west,marketplace,69.55,1700003345
3346,4598,ap-northeast,marketplace,156.85,1700003346
3347,914,us-west,storage,2.62,1700003347
3348,4175,ap-south,storage,41.62,1700003348
3349,538,ap-south,marketplace,24.55,1700003349
3350,3631,eu-central,compute,205.82,1700003350
3351,1586,us-east,subscription,54.09,1700003351
3352,4111,eu-central,marketplace,191.84,1700003352
3353,3866,us-east,marketplace,231.96,1700003353
3354,1723,ap-northeast,subscription,81.62,1700003354
3355,1573,ap-south,subscription,213.24,1700003355
3356,4999,us-west,marketplace,239.22,1700003356
3357,3882,ap-northeast,storage,195.16,1700003357
3358,2207,us-west,marketplace,118.52,1700003358
3359,2488,eu-central,subscription,77.25,1700003359
3360,2900,eu-central,storage,77.7,1700003360
3361,4615,ap-south,storage,2.41,1700003361
3362,3311,us-east,storage,89.05,1700003362
3363,1147,ap-south,marketplace,5.85,1700003363
3364,1657,us-west,marketplace,74.4,1700003364
3365,3060,us-east,marketplace,107.45,1700003365
3366,3133,eu-central,compute,140.43,1700003366
3367,1634,us-west,compute,126.23,1700003367
3368,2245,us-east,ads,61.54,1700003368
3369,2667,ap-south,compute,118.0,1700003369
3370,377,ap-south,storage,63.21,1700003370
3371,4971,ap-northeast,storage,15.77,1700003371
3372,460,eu-central,marketplace,134.94,1700003372
3373,3590,eu-central,ads,118.49,1700003373
3374,607,eu-central,storage,206.25,1700003374
3375,1233,ap-northeast,marketplace,143.95,1700003375
3376,4603,us-east,storage,62.06,1700003376
3377,4692,ap-northeast,marketplace,139.61,1700003377
3378,2388,us-east,subscription,193.25,1700003378
3379,558,eu-central,marketplace,226.37,1700003379
3380,3653,us-west,subscription,81.0,1700003380
3381,1866,ap-south,marketplace,83.92,1700003381
3382,2122,eu-central,compute,187.16,1700003382
3383,190,us-west,ads,160.92,1700003383
3384,3501,ap-south,storage,199.73,1700003384
3385,4329,us-east,compute,94.0,1700003385
3386,4635,ap-south,ads,239.99,1700003386
3387,2680,ap-northeast,storage,71.38,1700003387
3388,2735,us-east,ads,141.76,1700003388
3389,4574,us-east,compute,40.4,1700003389
3390,4207,us-east,compute,230.7,1700003390
3391,4998,us-west,ads,192.01,1700003391
3392,3531,eu-central,storage,113.37,1700003392
3393,1247,eu-central,ads,46.24,1700003393
3394,4713,eu-central,storage,132.4,1700003394
3395,3543,us-east,storage,144.11,1700003395
3396,53,ap-northeast,storage,5.7,1700003396
3397,1846,eu-central,storage,38.47,1700003397
3398,1826,ap-northeast,marketplace,133.56,1700003398
3399,1642,ap-northeast,marketplace,223.42,1700003399
3400,4726,us-west,subscription,193.48,1700003400
3401,1689,eu-central,subscription,26.12,1700003401
3402,4370,ap-northeast,ads,195.09,1700003402
3403,4425,eu-central,ads,82.54,1700003403
3404,2584,us-west,subscription,51.22,1700003404
3405,1338,ap-south,marketplace,59.01,1700003405
3406,1780,eu-central,ads,35.19,1700003406
3407,3602,us-east,storage,7.33,1700003407
3408,1709,ap-south,ads,112.26,1700003408
3409,3271,us-west,subscription,192.97,1700003409
3410,4836,us-east,ads,242.34,1700003410
3411,4151,ap-northeast,compute,31.3,1700003411
3412,1718,us-east,storage,185.42,1700003412
3413,2936,eu-central,storage,48.55,1700003413
3414,744,ap-northeast,marketplace,120.02,1700003414
3415,4168,us-east,storage,5.02,1700003415
3416,3114,ap-south,storage,240.43,1700003416
3417,820,eu-central,marketplace,236.49,1700003417
3418,535,ap-south,marketplace,58.11,1700003418
3419,692,ap-south,storage,4.95,1700003419
3420,2251,eu-central,ads,36.04,1700003420
3421,2040,us-west,compute,3.31,1700003421
3422,4249,us-west,subscription,174.07,1700003422
3423,320,us-east,compute,200.79,1700003423
3424,2401,eu-central,compute,104.3,1700003424
3425,1291,ap-south,subscription,44.48,1700003425
3426,4249,us-west,subscription,91.9,1700003426
3427,897,us-west,ads,124.89,1700003427
3428,2508,ap-south,marketplace,227.34,1700003428
3429,2173,ap-northeast,marketplace,8.09,1700003429
3430,212,eu-central,ads,222.32,1700003430
3431,281,us-west,storage,12.58,1700003431
3432,3089,ap-northeast,compute,43.27,1700003432
3433,821,us-east,marketplace,224.4,1700003433
3434,755,ap-south,ads,28.99,1700003434
3435,3897,ap-south,storage,214.18,1700003435
3436,4397,ap-south,subscription,214.37,1700003436
3437,6,eu-central,storage,117.9,1700003437
3438,2105,us-west,marketplace,164.44,1700003438
3439,2995,ap-northeast,ads,119.97,1700003439
3440,4680,us-west,subscription,55.61,1700003440
3441,1064,us-west,subscription,165.14,1700003441
3442,777,ap-south,marketplace,221.84,1700003442
3443,863,us-west,subscription,63.42,1700003443
3444,2467,eu-central,storage,167.42,1700003444
3445,4260,ap-northeast,compute,246.92,1700003445
3446,2186,us-west,marketplace,106.08,1700003446
3447,1190,ap-northeast,ads,187.24,1700003447
3448,3155,us-east,subscription,244.9,1700003448
3449,118,us-west,ads,209.01,1700003449
3450,1949,us-west,storage,81.31,1700003450
3451,4687,ap-south,storage,214.56,1700003451
3452,1539,ap-northeast,storage,113.57,1700003452
3453,1760,ap-south,compute,66.44,1700003453
3454,3604,us-east,marketplace,164.21,1700003454
3455,4215,eu-central,marketplace,249.17,1700003455
3456,1527,eu-central,marketplace,201.94,1700003456
3457,3993,ap-northeast,storage,166.15,1700003457
3458,2805,ap-northeast,marketplace,16.72,1700003458
3459,2994,ap-south,ads,241.22,1700003459
3460,1035,us-east,subscription,243.8,1700003460
3461,911,us-east,compute,178.46,1700003461
3462,1035,eu-central,marketplace,113.69,1700003462
3463,4533,us-east,compute,46.47,1700003463
3464,4186,us-west,subscription,210.16,1700003464
3465,1818,us-east,subscription,183.62,1700003465
3466,2900,ap-northeast,compute,195.2,1700003466
3467,4612,ap-northeast,compute,12.7,1700003467
3468,4368,eu-central,compute,58.38,1700003468
3469,4349,us-west,marketplace,40.53,1700003469
3470,1357,ap-northeast,subscription,210.97,1700003470
3471,1246,ap-northeast,compute,106.58,1700003471
3472,1657,eu-central,ads,239.81,1700003472
3473,3284,eu-central,storage,225.34,1700003473
3474,3451,ap-south,storage,81.16,1700003474
3475,2458,us-east,ads,63.58,1700003475
3476,4553,eu-central,subscription,230.84,1700003476
3477,4866,us-east,ads,189.04,1700003477
3478,1150,us-west,storage,205.79,1700003478
3479,1987,ap-south,subscription,161.88,1700003479
3480,3204,ap-northeast,subscription,62.89,1700003480
3481,2871,us-east,subscription,240.88,1700003481
3482,2263,us-west,storage,31.74,1700003482
3483,4800,us-west,subscription,111.4,1700003483
3484,2257,eu-central,ads,159.55,1700003484
3485,4265,eu-central,compute,26.55,1700003485
3486,4903,ap-south,subscription,165.44,1700003486
3487,2448,us-east,compute,185.99,1700003487
3488,3723,us-west,ads,220.18,1700003488
3489,2797,eu-central,ads,95.99,1700003489
3490,2093,us-east,storage,107.05,1700003490
3491,1380,ap-south,marketplace,56.93,1700003491
3492,845,us-east,compute,239.97,1700003492
3493,2971,us-west,storage,209.34,1700003493
3494,3543,ap-south,ads,159.88,1700003494
3495,2296,eu-central,marketplace,160.43,1700003495
3496,2694,ap-south,marketplace,245.79,1700003496
3497,681,us-east,ads,178.56,1700003497
3498,3978,us-west,compute,124.25,1700003498
3499,4843,ap-south,marketplace,26.89,1700003499
3500,3997,ap-northeast,compute,209.52,1700003500
3501,3079,ap-northeast,compute,217.73,1700003501
3502,3135,us-east,compute,27.84,1700003502
3503,808,ap-northeast,ads,30.25,1700003503
3504,1955,eu-central,compute,168.48,1700003504
3505,4947,ap-south,storage,179.85,1700003505
3506,327,eu-central,storage,213.21,1700003506
3507,4697,ap-northeast,ads,235.11,1700003507
3508,3538,us-east,subscription,142.17,1700003508
3509,198,eu-central,ads,73.78,1700003509
3510,3377,us-east,storage,212.51,1700003510
3511,2077,eu-central,marketplace,88.74,1700003511
3512,2038,eu-central,storage,196.14,1700003512
3513,2659,ap-south,marketplace,192.38,1700003513
3514,1316,us-west,compute,192.93,1700003514
3515,4484,eu-central,storage,188.58,1700003515
3516,1410,ap-south,ads,84.11,1700003516
3517,4410,us-west,marketplace,207.34,1700003517
3518,830,us-east,storage,78.92,1700003518
3519,4074,us-west,storage,51.34,1700003519
3520,3977,eu-central,marketplace,201.67,1700003520
3521,2962,us-west,subscription,81.37,1700003521
3522,914,us-west,compute,78.32,1700003522
3523,4147,ap-northeast,marketplace,189.44,1700003523
3524,4410,us-west,storage,155.0,1700003524
3525,623,us-west,ads,23.55,1700003525
3526,4899,ap-south,marketplace,37.3,1700003526
3527,2787,ap-northeast,marketplace,99.79,1700003527
3528,3156,us-east,marketplace,153.74,1700003528
3529,674,eu-central,subscription,111.19,1700003529
3530,335,us-west,compute,39.6,1700003530
3531,2243,us-east,storage,56.89,1700003531
3532,1794,us-west,subscription,110.65,1700003532
3533,1770,us-west,ads,74.9,1700003533
3534,171,ap-northeast,storage,209.64,1700003534
3535,3396,ap-northeast,compute,249.59,1700003535
3536,1575,ap-south,subscription,212.13,1700003536
3537,4759,ap-south,compute,222.26,1700003537
3538,3172,eu-central,marketplace,201.05,1700003538
3539,2160,ap-south,marketplace,91.76,1700003539
3540,1923,eu-central,compute,89.91,1700003540
3541,1102,eu-central,subscription,199.09,1700003541
3542,4743,us-west,ads,245.27,1700003542
3543,4158,ap-south,compute,79.06,1700003543
3544,4949,us-west,marketplace,179.67,1700003544
3545,4539,us-west,storage,68.01,1700003545
3546,436,ap-south,compute,110.03,1700003546
3547,4842,ap-south,ads,238.34,1700003547
3548,1404,us-east,compute,112.67,1700003548
3549,472,eu-central,storage,217.03,1700003549
3550,1212,us-east,marketplace,17.29,1700003550
3551,2262,ap-northeast,marketplace,236.89,1700003551
3552,226,ap-northeast,storage,108.28,1700003552
3553,1093,ap-south,subscription,165.79,1700003553
3554,2539,ap-northeast,marketplace,83.3,1700003554
3555,4669,ap-northeast,storage,36.91,1700003555
3556,4421,ap-northeast,marketplace,215.82,1700003556
3557,4994,us-east,marketplace,147.27,1700003557
3558,582,ap-northeast,ads,132.91,1700003558
3559,1321,us-west,subscription,244.97,1700003559
3560,1470,us-west,ads,162.7,1700003560
3561,4055,us-east,marketplace,23.19,1700003561
3562,3306,ap-northeast,storage,201.42,1700003562
3563,3124,ap-south,subscription,211.97,1700003563
3564,1500,us-east,marketplace,89.43,1700003564
3565,3526,eu-central,storage,23.59,1700003565
3566,2135,ap-south,subscription,57.43,1700003566
3567,669,eu-central,storage,188.2,1700003567
3568,4292,eu-central,ads,219.95,1700003568
3569,499,ap-northeast,ads,170.99,1700003569
3570,783,us-west,ads,240.94,1700003570
3571,4335,us-east,ads,82.39,1700003571
3572,2509,us-east,compute,141.28,1700003572
3573,569,us-west,subscription,159.48,1700003573
3574,4082,us-west,compute,55.38,1700003574
3575,2829,us-east,subscription,150.33,1700003575
3576,4703,us-west,storage,176.89,1700003576
3577,1455,ap-northeast,subscription,203.78,1700003577
3578,3647,us-east,compute,10.65,1700003578
3579,4404,us-east,marketplace,233.82,1700003579
3580,883,eu-central,subscription,147.94,1700003580
3581,1372,us-east,storage,49.1,1700003581
3582,1272,ap-northeast,marketplace,234.52,1700003582
3583,4490,ap-south,storage,236.06,1700003583
3584,4543,us-east,marketplace,62.31,1700003584
3585,1159,us-west,storage,47.9,1700003585
3586,3312,us-east,marketplace,15.6,1700003586
3587,3936,ap-northeast,ads,212.1,1700003587
3588,746,eu-central,compute,141.19,1700003588
3589,4358,ap-northeast,storage,189.47,1700003589
3590,1647,eu-central,marketplace,34.73,1700003590
3591,1623,eu-central,storage,101.66,1700003591
3592,3089,us-east,storage,6.93,1700003592
3593,855,eu-central,compute,121.54,1700003593
3594,3186,eu-central,storage,248.08,1700003594
3595,2353,us-east,compute,207.98,1700003595
3596,1541,us-east,marketplace,223.13,1700003596
3597,4680,ap-northeast,subscription,160.59,1700003597
3598,393,ap-northeast,ads,12.75,1700003598
3599,2482,ap-south,subscription,88.59,1700003599
3600,4406,us-east,storage,184.9,1700003600
3601,4293,us-west,compute,93.34,1700003601
3602,367,us-west,ads,114.85,1700003602
3603,1522,us-west,marketplace,19.17,1700003603
3604,1668,ap-south,subscription,143.22,1700003604
3605,128,us-east,storage,52.3,1700003605
3606,953,eu-central,ads,226.19,1700003606
3607,2710,us-west,storage,206.82,1700003607
3608,3046,ap-south,ads,39.83,1700003608
3609,4905,us-west,compute,167.46,1700003609
3610,3464,ap-northeast,marketplace,52.01,1700003610
3611,2234,ap-south,ads,104.56,1700003611
3612,3389,ap-south,marketplace,210.82,1700003612
3613,1553,ap-south,marketplace,150.43,1700003613
3614,3240,us-east,storage,33.09,1700003614
3615,1827,us-east,ads,29.7,1700003615
3616,4003,us-east,subscription,134.7,1700003616
3617,1372,eu-central,storage,71.92,1700003617
3618,2347,eu-central,compute,66.11,1700003618
3619,979,ap-south,subscription,237.6,1700003619
3620,4545,ap-south,subscription,32.65,1700003620
3621,293,ap-south,storage,28.23,1700003621
3622,1874,us-east,storage,46.94,1700003622
3623,553,us-west,storage,154.21,1700003623
3624,3589,us-west,storage,149.65,1700003624
3625,337,ap-northeast,subscription,192.37,1700003625
3626,2605,us-east,compute,4.54,1700003626
3627,1252,eu-central,marketplace,230.54,1700003627
3628,2869,ap-south,subscription,225.49,1700003628
3629,463,ap-south,storage,39.12,1700003629
3630,2391,ap-northeast,ads,57.08,1700003630
3631,1593,eu-central,storage,7.3,1700003631
3632,3609,us-east,subscription,150.81,1700003632
3633,2358,ap-northeast,subscription,36.7,1700003633
3634,2602,us-east,ads,171.51,1700003634
3635,3359,ap-northeast,compute,5.35,1700003635
3636,1392,eu-central,marketplace,10.57,1700003636
3637,851,us-west,ads,95.92,1700003637
3638,4610,us-east,storage,192.41,1700003638
3639,981,us-west,ads,141.35,1700003639
3640,606,us-east,storage,234.37,1700003640
3641,3163,eu-central,compute,97.31,1700003641
3642,1947,ap-south,compute,63.26,1700003642
3643,3728,ap-south,subscription,114.1,1700003643
3644,2951,us-west,subscription,72.43,1700003644
3645,1429,ap-south,marketplace,220.6,1700003645
3646,3016,us-east,storage,201.56,1700003646
3647,1180,us-east,storage,103.18,1700003647
3648,4436,us-west,storage,32.13,1700003648
3649,2892,us-west,storage,105.86,1700003649
3650,3423,ap-south,storage,111.53,1700003650
3651,3183,ap-south,marketplace,85.11,1700003651
3652,3268,us-west,compute,52.27,1700003652
3653,1778,us-west,compute,49.46,1700003653
3654,2978,ap-south,compute,215.75,1700003654
3655,3345,eu-central,marketplace,54.16,1700003655
3656,1158,ap-south,ads,136.16,1700003656
3657,3706,eu-central,compute,103.62,1700003657
3658,1634,us-west,marketplace,138.37,1700003658
3659,1284,ap-south,compute,108.51,1700003659
3660,3629,us-east,subscription,97.11,1700003660
3661,1412,eu-central,compute,192.54,1700003661
3662,3293,ap-northeast,subscription,38.52,1700003662
3663,2593,ap-south,subscription,217.14,1700003663
3664,1070,ap-south,marketplace,152.98,1700003664
3665,4347,us-east,ads,196.95,1700003665
3666,703,us-east,ads,230.12,1700003666
3667,433,eu-central,ads,79.01,1700003667
3668,2923,us-west,subscription,239.53,1700003668
3669,2520,us-east,marketplace,156.18,1700003669
3670,2585,ap-northeast,storage,119.3,1700003670
3671,1436,eu-central,marketplace,26.27,1700003671
3672,4603,us-west,subscription,41.65,1700003672
3673,971,ap-northeast,compute,103.01,1700003673
3674,4602,ap-northeast,storage,175.27,1700003674
3675,2304,us-west,ads,166.3,1700003675
3676,1202,ap-south,ads,189.16,1700003676
3677,1111,ap-south,storage,95.46,1700003677
3678,1397,us-east,compute,172.34,1700003678
3679,2969,ap-south,compute,143.41,1700003679
3680,3665,us-east,storage,236.7,1700003680
3681,4644,eu-central,marketplace,246.97,1700003681
3682,3031,us-east,subscription,34.6,1700003682
3683,2459,ap-south,subscription,28.63,1700003683
3684,1615,eu-central,marketplace,178.14,1700003684
3685,681,eu-central,compute,245.91,1700003685
3686,4053,us-east,compute,222.87,1700003686
3687,3423,us-west,marketplace,212.96,1700003687
3688,1574,ap-northeast,marketplace,245.53,1700003688
3689,193,ap-south,marketplace,226.55,1700003689
3690,427,us-west,marketplace,66.52,1700003690
3691,3547,eu-central,ads,68.94,1700003691
3692,3753,us-east,marketplace,138.27,1700003692
3693,1071,ap-northeast,ads,183.93,1700003693
3694,158,eu-central,storage,50.71,1700003694
3695,3852,ap-south,storage,9.96,1700003695
3696,2215,ap-south,marketplace,92.33,1700003696
3697,4200,ap-south,storage,177.11,1700003697
3698,1085,eu-central,marketplace,138.54,1700003698
3699,4005,eu-central,marketplace,21.74,1700003699
3700,3686,us-east,marketplace,215.51,1700003700
3701,930,us-east,subscription,201.75,1700003701
3702,877,us-west,ads,45.1,1700003702
3703,533,us-west,compute,200.56,1700003703
3704,716,us-east,ads,181.05,1700003704
3705,2795,ap-northeast,ads,39.9,1700003705
3706,3775,eu-central,ads,153.53,1700003706
3707,461,us-west,subscription,229.58,1700003707
3708,665,us-west,ads,179.85,1700003708
3709,751,us-east,storage,198.11,1700003709
3710,1910,us-west,ads,179.53,1700003710
3711,3170,eu-central,compute,48.97,1700003711
3712,1617,ap-south,compute,176.86,1700003712
3713,3844,eu-central,compute,216.39,1700003713
3714,502,ap-south,subscription,127.39,1700003714
3715,652,us-west,subscription,66.55,1700003715
3716,4441,ap-northeast,subscription,175.29,1700003716
3717,621,us-west,subscription,212.31,1700003717
3718,1866,us-west,storage,159.19,1700003718
3719,4853,eu-central,compute,103.66,1700003719
3720,2339,us-west,storage,63.49,1700003720
3721,2825,us-west,compute,2.74,1700003721
3722,2062,eu-central,subscription,17.1,1700003722
3723,515,ap-south,marketplace,225.77,1700003723
3724,495,ap-northeast,storage,20.91,1700003724
3725,3654,us-east,ads,80.28,1700003725
3726,2962,ap-northeast,ads,142.73,1700003726
3727,2614,ap-south,marketplace,185.81,1700003727
3728,3936,eu-central,storage,75.76,1700003728
3729,4007,eu-central,compute,249.78,1700003729
3730,1559,us-west,compute,43.47,1700003730
3731,2891,ap-south,storage,220.11,1700003731
3732,2658,ap-south,storage,217.3,1700003732
3733,3805,ap-south,subscription,36.38,1700003733
3734,3159,ap-south,ads,218.47,1700003734
3735,2595,ap-south,subscription,100.46,1700003735
3736,115,ap-south,subscription,38.61,1700003736
3737,1507,us-west,ads,5.08,1700003737
3738,3869,us-west,marketplace,84.99,1700003738
3739,178,ap-south,storage,40.42,1700003739
3740,4501,eu-central,subscription,48.3,1700003740
3741,4972,ap-south,storage,109.34,1700003741
3742,1310,ap-south,ads,88.99,1700003742
3743,869,us-east,marketplace,176.8,1700003743
3744,4980,eu-central,subscription,59.55,1700003744
3745,4049,us-west,storage,123.14,1700003745
3746,2524,us-west,marketplace,157.98,1700003746
3747,3515,ap-northeast,ads,150.18,1700003747
3748,4339,eu-central,marketplace,181.46,1700003748
3749,1050,eu-central,compute,242.64,1700003749
3750,518,us-east,storage,93.13,1700003750
3751,2017,us-west,marketplace,172.38,1700003751
3752,2561,ap-south,marketplace,139.19,1700003752
3753,4729,eu-central,subscription,225.56,1700003753
3754,2637,ap-northeast,subscription,177.32,1700003754
3755,4993,us-west,subscription,122.66,1700003755
3756,3849,us-east,marketplace,128.23,1700003756
3757,784,ap-south,subscription,156.28,1700003757
3758,667,ap-northeast,storage,116.21,1700003758
3759,2180,us-east,storage,98.0,1700003759
3760,1583,eu-central,subscription,91.58,1700003760
3761,484,ap-south,subscription,56.61,1700003761
3762,26,eu-central,marketplace,206.38,1700003762
3763,3954,ap-northeast,subscription,196.14,1700003763
3764,2622,ap-south,marketplace,151.59,1700003764
3765,4394,us-west,subscription,239.47,1700003765
3766,4896,ap-northeast,ads,74.61,1700003766
3767,497,us-west,compute,199.91,1700003767
3768,2314,us-west,storage,106.32,1700003768
3769,90,eu-central,marketplace,51.86,1700003769
3770,2426,us-east,ads,163.26,1700003770
3771,3453,us-east,marketplace,116.77,1700003771
3772,1210,ap-south,storage,139.26,1700003772
3773,4865,ap-south,marketplace,27.83,1700003773
3774,2241,ap-south,marketplace,50.25,1700003774
3775,4969,ap-south,marketplace,41.56,1700003775
3776,1053,eu-central,ads,31.85,1700003776
3777,2675,ap-northeast,storage,92.84,1700003777
3778,2583,ap-south,compute,7.34,1700003778
3779,3558,eu-central,storage,45.32,1700003779
3780,283,eu-central,marketplace,141.84,1700003780
3781,4658,us-east,compute,14.91,1700003781
3782,1081,ap-south,ads,231.81,1700003782
3783,1147,us-west,ads,131.17,1700003783
3784,1926,us-east,marketplace,243.11,1700003784
3785,2771,us-east,storage,86.55,1700003785
3786,570,ap-south,storage,136.73,1700003786
3787,4299,ap-south,storage,173.95,1700003787
3788,4491,us-east,subscription,112.68,1700003788
3789,945,eu-central,subscription,60.58,1700003789
3790,4569,us-east,ads,161.08,1700003790
3791,1848,ap-south,ads,11.5,1700003791
3792,1906,us-west,subscription,125.65,1700003792
3793,2646,ap-south,storage,5.79,1700003793
3794,2373,ap-south,ads,167.74,1700003794
3795,3400,ap-northeast,ads,10.99,1700003795
3796,4831,us-east,subscription,58.15,1700003796
3797,4027,us-east,marketplace,175.75,1700003797
3798,4765,eu-central,compute,224.75,1700003798
3799,1345,ap-south,subscription,38.91,1700003799
3800,61,ap-northeast,marketplace,67.15,1700003800
3801,3067,ap-northeast,storage,40.81,1700003801
3802,1652,ap-northeast,marketplace,84.29,1700003802
3803,2680,eu-central,storage,30.67,1700003803
3804,2338,ap-south,ads,111.94,1700003804
3805,4193,ap-south,subscription,47.02,1700003805
3806,342,ap-south,ads,185.96,1700003806
3807,1685,us-west,compute,184.19,1700003807
3808,2447,us-west,compute,204.65,1700003808
3809,2957,ap-south,ads,162.31,1700003809
3810,1883,ap-northeast,marketplace,54.98,1700003810
3811,196,eu-central,ads,54.89,1700003811
3812,1483,eu-central,subscription,125.4,1700003812
3813,3184,eu-central,storage,246.07,1700003813
3814,4931,us-west,storage,120.56,1700003814
3815,4889,eu-central,subscription,20.34,1700003815
3816,879,us-east,ads,155.2,1700003816
3817,92,eu-central,ads,76.56,1700003817
3818,3125,ap-northeast,subscription,25.21,1700003818
3819,3016,us-west,subscription,242.76,1700003819
3820,3055,us-east,marketplace,104.95,1700003820
3821,184,eu-central,ads,224.73,1700003821
3822,2475,us-west,marketplace,114.77,1700003822
3823,1677,us-east,ads,220.19,1700003823
3824,3904,us-west,ads,29.03,1700003824
3825,1924,ap-south,compute,174.03,1700003825
3826,2238,eu-central,ads,176.02,1700003826
3827,3930,us-east,subscription,54.65,1700003827
3828,3257,ap-south,ads,10.25,1700003828
3829,3543,ap-south,storage,44.58,1700003829
3830,109,ap-northeast,ads,164.5,1700003830
3831,2301,eu-central,storage,51.47,1700003831
3832,2190,us-east,marketplace,240.83,1700003832
3833,1541,us-west,storage,202.78,1700003833
3834,362,ap-northeast,storage,140.18,1700003834
3835,4003,us-west,ads,72.34,1700003835
3836,725,ap-northeast,marketplace,114.61,1700003836
3837,3871,ap-northeast,subscription,93.94,1700003837
3838,3042,ap-northeast,compute,37.28,1700003838
3839,2841,ap-south,subscription,145.47,1700003839
3840,3049,ap-south,marketplace,192.06,1700003840
3841,1210,ap-south,compute,102.55,1700003841
3842,3537,us-east,compute,64.05,1700003842
3843,1128,eu-central,marketplace,161.72,1700003843
3844,3693,ap-northeast,subscription,222.55,1700003844
3845,2814,ap-northeast,subscription,150.1,1700003845
3846,4426,us-west,compute,35.74,1700003846
3847,1687,ap-south,ads,206.04,1700003847
3848,917,ap-northeast,compute,11.45,1700003848
3849,851,ap-northeast,ads,64.42,1700003849
3850,4510,us-west,subscription,171.32,1700003850
3851,2744,ap-south,ads,82.05,1700003851
3852,3059,ap-northeast,storage,131.26,1700003852
3853,3218,us-west,compute,88.43,1700003853
3854,3343,us-east,subscription,160.48,1700003854
3855,3717,us-west,subscription,179.33,1700003855
3856,4133,us-east,storage,36.94,1700003856
3857,592,eu-central,subscription,189.19,1700003857
3858,2482,us-west,compute,159.92,1700003858
3859,1565,us-east,ads,8.74,1700003859
3860,992,us-west,subscription,207.09,1700003860
3861,585,us-east,marketplace,113.7,1700003861
3862,975,ap-south,marketplace,165.73,1700003862
3863,87,ap-northeast,marketplace,86.45,1700003863
3864,3072,us-west,marketplace,107.7,1700003864
3865,4831,ap-south,compute,148.74,1700003865
3866,4026,us-east,storage,80.59,1700003866
3867,255,eu-central,storage,215.43,1700003867
3868,3144,ap-northeast,ads,106.25,1700003868
3869,4810,ap-northeast,marketplace,237.33,1700003869
3870,4017,us-east,storage,10.63,1700003870
3871,3994,us-east,storage,63.79,1700003871
3872,755,us-east,subscription,181.35,1700003872
3873,771,ap-south,storage,187.51,1700003873
3874,1978,ap-northeast,storage,9.55,1700003874
3875,2538,ap-northeast,storage,54.92,1700003875
3876,3364,us-east,ads,171.27,1700003876
3877,4862,us-east,compute,111.66,1700003877
3878,4113,us-west,storage,69.41,1700003878
3879,4629,ap-south,compute,163.77,1700003879
3880,400,eu-central,compute,30.3,1700003880
3881,4234,ap-south,subscription,225.66,1700003881
3882,2404,us-west,ads,73.28,1700003882
3883,2715,ap-south,ads,172.02,1700003883
3884,630,us-west,storage,122.08,1700003884
3885,47,ap-south,subscription,193.34,1700003885
3886,360,eu-central,subscription,56.63,1700003886
3887,4781,ap-south,subscription,178.74,1700003887
3888,952,us-east,subscription,35.66,1700003888
3889,4958,ap-northeast,ads,110.09,1700003889
3890,3004,ap-south,ads,177.39,1700003890
3891,3018,ap-northeast,ads,105.24,1700003891
3892,275,eu-central,storage,139.76,1700003892
3893,3460,us-east,ads,22.72,1700003893
3894,2930,ap-south,storage,127.27,1700003894
3895,1993,us-west,ads,7.0,1700003895
3896,708,ap-northeast,subscription,166.5,1700003896
3897,3655,ap-northeast,marketplace,139.78,1700003897
3898,3915,us-east,subscription,145.95,1700003898
3899,950,ap-northeast,ads,58.83,1700003899
3900,1208,eu-central,subscription,186.91,1700003900
3901,3201,us-east,marketplace,15.94,1700003901
3902,100,us-east,compute,166.81,1700003902
3903,4798,ap-northeast,ads,76.53,1700003903
3904,1123,eu-central,subscription,215.29,1700003904
3905,1750,us-west,storage,120.09,1700003905
3906,1755,us-east,subscription,97.58,1700003906
3907,4436,us-east,subscription,167.1,1700003907
3908,4177,us-west,ads,119.94,1700003908
3909,595,ap-northeast,subscription,62.52,1700003909
3910,3388,eu-central,subscription,207.17,1700003910
3911,3330,us-east,storage,11.68,1700003911
3912,2626,ap-south,ads,48.96,1700003912
3913,3062,ap-south,storage,152.0,1700003913
3914,1841,us-west,storage,154.11,1700003914
3915,4175,ap-south,subscription,61.09,1700003915
3916,4271,eu-central,storage,193.5,1700003916
3917,3546,ap-northeast,ads,104.91,1700003917
3918,4602,us-east,subscription,193.46,1700003918
3919,328,eu-central,marketplace,98.92,1700003919
3920,3806,eu-central,marketplace,209.24,1700003920
3921,4959,eu-central,marketplace,213.99,1700003921
3922,3850,ap-northeast,storage,97.14,1700003922
3923,4830,ap-northeast,compute,150.24,1700003923
3924,4703,us-west,storage,84.93,1700003924
3925,4012,eu-central,compute,129.73,1700003925
3926,516,eu-central,marketplace,233.61,1700003926
3927,2368,ap-northeast,compute,57.73,1700003927
3928,2656,us-west,compute,48.63,1700003928
3929,2510,us-west,marketplace,129.9,1700003929
3930,3372,eu-central,marketplace,149.84,1700003930
3931,1543,ap-northeast,subscription,200.76,1700003931
3932,2417,us-west,marketplace,178.44,1700003932
3933,4530,eu-central,subscription,199.71,1700003933
3934,4766,ap-northeast,subscription,30.19,1700003934
3935,2388,us-west,subscription,149.93,1700003935
3936,2764,us-west,storage,94.37,1700003936
3937,3209,ap-south,marketplace,233.19,1700003937
3938,3761,ap-northeast,marketplace,37.44,1700003938
3939,4965,us-east,marketplace,31.98,1700003939
3940,3085,ap-northeast,storage,1.81,1700003940
3941,1548,eu-central,storage,114.24,1700003941
3942,4511,ap-northeast,marketplace,128.27,1700003942
3943,3445,us-west,marketplace,13.7,1700003943
3944,3504,ap-south,compute,27.91,1700003944
3945,3582,ap-south,marketplace,30.74,1700003945
3946,1484,us-east,marketplace,190.27,1700003946
3947,447,us-east,ads,70.06,1700003947
3948,4494,ap-northeast,marketplace,32.73,1700003948
3949,786,ap-south,subscription,10.94,1700003949
3950,4642,us-east,ads,28.75,1700003950
3951,2271,eu-central,storage,60.93,1700003951
3952,1806,ap-northeast,compute,143.08,1700003952
3953,2186,ap-northeast,marketplace,210.35,1700003953
3954,1243,us-east,compute,146.45,1700003954
3955,1802,us-west,storage,51.58,1700003955
3956,143,us-west,ads,143.24,1700003956
3957,2210,ap-south,ads,24.83,1700003957
3958,3330,us-west,subscription,115.42,1700003958
3959,1357,us-west,subscription,70.59,1700003959
3960,26,us-west,marketplace,109.36,1700003960
3961,4913,ap-south,storage,54.13,1700003961
3962,823,us-east,storage,178.39,1700003962
3963,3626,us-west,storage,212.8,1700003963
3964,3115,us-east,compute,191.5,1700003964
3965,1681,ap-south,storage,197.61,1700003965
3966,4293,eu-central,marketplace,6.16,1700003966
3967,4158,ap-northeast,storage,209.72,1700003967
3968,4969,us-west,marketplace,36.98,1700003968
3969,634,ap-northeast,storage,42.93,1700003969
3970,3310,us-west,subscription,79.24,1700003970
3971,3319,eu-central,subscription,179.02,1700003971
3972,1892,ap-south,compute,219.55,1700003972
3973,199,ap-northeast,subscription,161.72,1700003973
3974,530,ap-south,ads,97.83,1700003974
3975,2828,eu-central,storage,6.1,1700003975
3976,3575,ap-south,storage,23.28,1700003976
3977,2089,eu-central,subscription,68.01,1700003977
3978,2129,ap-south,subscription,42.97,1700003978
3979,4797,ap-northeast,compute,133.2,1700003979
3980,1604,us-east,storage,91.78,1700003980
3981,1873,us-east,subscription,24.0,1700003981
3982,4529,us-east,marketplace,20.73,1700003982
3983,2091,ap-south,subscription,74.0,1700003983
3984,3571,eu-central,subscription,58.04,1700003984
3985,2553,us-west,compute,17.63,1700003985
3986,756,ap-northeast,ads,143.58,1700003986
3987,1442,eu-central,compute,118.09,1700003987
3988,3468,us-west,subscription,5.28,1700003988
3989,1601,ap-northeast,ads,17.78,1700003989
3990,832,eu-central,subscription,133.95,1700003990
3991,3790,ap-northeast,marketplace,181.08,1700003991
3992,1252,ap-northeast,subscription,62.17,1700003992
3993,72,eu-central,subscription,191.82,1700003993
3994,4205,us-east,compute,126.62,1700003994
3995,466,ap-south,subscription,42.58,1700003995
3996,3843,us-west,subscription,61.24,1700003996
3997,4989,eu-central,compute,196.01,1700003997
3998,3789,us-west,storage,44.61,1700003998
3999,901,us-west,subscription,160.39,1700003999
4000,347,us-east,storage,34.84,1700004000
4001,2353,ap-south,compute,199.91,1700004001
4002,3236,ap-northeast,compute,181.83,1700004002
4003,4302,ap-south,compute,89.13,1700004003
4004,4961,ap-northeast,storage,188.16,1700004004
4005,4289,ap-south,subscription,126.28,1700004005
4006,4094,us-west,ads,52.52,1700004006
4007,4914,eu-central,marketplace,29.77,1700004007
4008,3379,ap-south,storage,75.58,1700004008
4009,196,eu-central,storage,50.48,1700004009
4010,132,us-west,storage,193.99,1700004010
4011,1206,ap-south,compute,197.84,1700004011
4012,1146,eu-central,storage,61.88,1700004012
4013,135,us-west,storage,63.98,1700004013
4014,3271,ap-south,storage,93.52,1700004014
4015,1677,ap-south,subscription,104.53,1700004015
4016,421,us-west,subscription,224.36,1700004016
4017,830,eu-central,marketplace,14.23,1700004017
4018,3811,ap-south,storage,20.45,1700004018
4019,2409,eu-central,compute,138.35,1700004019
4020,332,ap-south,ads,88.77,1700004020
4021,1585,eu-central,compute,42.32,1700004021
4022,830,us-west,compute,68.13,1700004022
4023,203,ap-northeast,subscription,158.04,1700004023
4024,3042,us-east,storage,101.45,1700004024
4025,3771,eu-central,compute,82.31,1700004025
4026,3015,us-east,compute,146.82,1700004026
4027,3592,ap-south,storage,191.15,1700004027
4028,297,ap-northeast,compute,126.98,1700004028
4029,1257,ap-south,marketplace,165.49,1700004029
4030,3604,eu-central,subscription,36.41,1700004030
4031,1609,us-east,compute,96.59,1700004031
4032,3231,us-west,ads,11.96,1700004032
4033,100,us-west,subscription,105.18,1700004033
4034,1587,ap-south,subscription,107.3,1700004034
4035,4655,eu-central,subscription,1.14,1700004035
4036,543,us-west,ads,67.11,1700004036
4037,3954,us-east,subscription,117.61,1700004037
4038,1357,ap-south,ads,20.91,1700004038
4039,3766,eu-central,compute,182.25,1700004039
4040,3049,ap-south,marketplace,144.68,1700004040
4041,4489,eu-central,marketplace,132.15,1700004041
4042,4832,ap-northeast,marketplace,201.74,1700004042
4043,2010,us-west,ads,109.03,1700004043
4044,2230,eu-central,compute,75.84,1700004044
4045,3316,us-east,compute,75.79,1700004045
4046,2111,us-east,subscription,139.2,1700004046
4047,1794,us-west,storage,226.39,1700004047
4048,808,ap-northeast,compute,91.39,1700004048
4049,3276,ap-south,compute,83.47,1700004049
4050,665,us-west,subscription,156.14,1700004050
4051,544,eu-central,ads,109.47,1700004051
4052,3541,us-west,storage,118.82,1700004052
4053,251,eu-central,marketplace,30.44,1700004053
4054,1931,ap-south,storage,232.03,1700004054
4055,3247,ap-northeast,subscription,101.92,1700004055
4056,1927,eu-central,subscription,153.03,1700004056
4057,1351,eu-central,subscription,149.9,1700004057
4058,4862,ap-south,ads,26.06,1700004058
4059,675,us-east,subscription,135.55,1700004059
4060,4036,us-east,subscription,247.97,1700004060
4061,18,ap-south,subscription,9.14,1700004061
4062,2388,eu-central,marketplace,166.85,1700004062
4063,717,us-east,subscription,223.33,1700004063
4064,2705,us-east,ads,249.08,1700004064
4065,675,us-east,compute,1.05,1700004065
4066,1575,us-west,storage,206.22,1700004066
4067,4018,us-east,marketplace,148.75,1700004067
4068,4310,us-east,compute,71.83,1700004068
4069,533,ap-south,compute,213.25,1700004069
4070,1290,ap-northeast,ads,124.61,1700004070
4071,1834,eu-central,ads,98.95,1700004071
4072,2775,us-west,storage,202.76,1700004072
4073,2939,ap-northeast,marketplace,74.12,1700004073
4074,3286,ap-south,subscription,198.77,1700004074
4075,2534,eu-central,subscription,60.93,1700004075
4076,1219,us-west,ads,20.78,1700004076
4077,4815,us-east,subscription,27.81,1700004077
4078,3678,us-west,subscription,180.97,1700004078
4079,2315,eu-central,marketplace,145.24,1700004079
4080,3946,ap-south,storage,31.53,1700004080
4081,4523,ap-northeast,marketplace,234.42,1700004081
4082,1719,ap-south,ads,91.69,1700004082
4083,3202,us-west,marketplace,17.45,1700004083
4084,258,eu-central,storage,47.45,1700004084
4085,4077,ap-south,storage,196.15,1700004085
4086,2651,ap-south,subscription,204.13,1700004086
4087,3460,eu-central,compute,217.17,1700004087
4088,1508,us-east,subscription,238.62,1700004088
4089,3407,us-east,storage,219.0,1700004089
4090,2741,us-west,ads,221.17,1700004090
4091,1967,ap-northeast,compute,124.34,1700004091
4092,2277,us-west,subscription,105.05,1700004092
4093,76,eu-central,marketplace,200.25,1700004093
4094,3056,eu-central,ads,27.04,1700004094
4095,4105,us-west,subscription,37.8,1700004095
4096,4137,eu-central,compute,98.28,1700004096
4097,4332,ap-northeast,compute,231.72,1700004097
4098,1612,ap-south,ads,114.28,1700004098
4099,4842,ap-northeast,marketplace,135.16,1700004099
4100,3740,us-east,marketplace,83.82,1700004100
4101,3337,ap-northeast,ads,119.15,1700004101
4102,3419,ap-south,compute,143.4,1700004102
4103,2582,ap-northeast,subscription,112.87,1700004103
4104,2460,us-east,subscription,167.44,1700004104
4105,4748,eu-central,storage,67.08,1700004105
4106,4348,us-west,ads,56.23,1700004106
4107,3681,us-west,storage,1.56,1700004107
4108,392,us-east,marketplace,134.28,1700004108
4109,4478,ap-south,ads,125.94,1700004109
4110,2509,ap-northeast,ads,124.66,1700004110
4111,4753,us-west,compute,165.66,1700004111
4112,2356,us-east,subscription,231.48,1700004112
4113,3187,ap-northeast,marketplace,45.13,1700004113
4114,1641,us-east,storage,20.84,1700004114
4115,2012,ap-south,ads,25.77,1700004115
4116,2116,us-west,marketplace,168.28,1700004116
4117,3405,us-west,storage,51.82,1700004117
4118,1343,eu-central,ads,191.51,1700004118
4119,2366,eu-central,compute,173.2,1700004119
4120,562,us-east,subscription,218.43,1700004120
4121,28,us-west,ads,194.89,1700004121
4122,2213,us-west,ads,191.46,1700004122
4123,2766,us-east,compute,191.73,1700004123
4124,4380,ap-south,compute,31.4,1700004124
4125,2280,us-east,marketplace,197.46,1700004125
4126,2894,us-west,storage,201.84,1700004126
4127,4468,eu-central,ads,227.82,1700004127
4128,708,us-east,subscription,37.31,1700004128
4129,1314,ap-northeast,compute,49.35,1700004129
4130,2879,us-east,marketplace,213.52,1700004130
4131,3543,us-east,compute,194.19,1700004131
4132,3297,us-west,subscription,48.35,1700004132
4133,3961,ap-northeast,ads,244.06,1700004133
4134,1858,ap-south,compute,192.94,1700004134
4135,3173,eu-central,marketplace,50.58,1700004135
4136,344,us-east,storage,47.83,1700004136
4137,4678,eu-central,ads,246.93,1700004137
4138,3052,eu-central,storage,187.68,1700004138
4139,61,eu-central,storage,22.22,1700004139
4140,787,ap-northeast,compute,140.79,1700004140
4141,955,ap-northeast,subscription,118.88,1700004141
4142,4535,ap-northeast,marketplace,30.82,1700004142
4143,267,eu-central,subscription,78.7,1700004143
4144,3487,eu-central,ads,214.81,1700004144
4145,450,eu-central,subscription,174.28,1700004145
4146,3110,us-west,marketplace,85.65,1700004146
4147,3376,us-east,compute,91.58,1700004147
4148,4082,eu-central,marketplace,102.31,1700004148
4149,215,eu-central,marketplace,47.01,1700004149
4150,763,us-west,compute,151.12,1700004150
4151,821,eu-central,ads,24.69,1700004151
4152,2165,eu-central,marketplace,222.21,1700004152
4153,1497,ap-northeast,subscription,145.97,1700004153
4154,646,us-west,ads,69.85,1700004154
4155,4508,ap-northeast,ads,203.08,1700004155
4156,4497,ap-northeast,compute,75.0,1700004156
4157,4525,eu-central,ads,223.94,1700004157
4158,334,eu-central,storage,24.15,1700004158
4159,2731,eu-central,ads,35.09,1700004159
4160,773,ap-northeast,ads,27.6,1700004160
4161,3908,us-east,storage,202.57,1700004161
4162,3326,ap-northeast,ads,66.81,1700004162
4163,4841,ap-northeast,subscription,21.42,1700004163
4164,1380,us-west,compute,175.47,1700004164
4165,851,us-east,storage,55.39,1700004165
4166,1038,us-west,compute,60.41,1700004166
4167,3342,us-east,compute,218.89,1700004167
4168,4725,us-west,storage,137.34,1700004168
4169,487,ap-south,subscription,153.7,1700004169
4170,3183,us-west,compute,73.88,1700004170
4171,1116,ap-south,compute,103.47,1700004171
4172,4738,eu-central,marketplace,63.01,1700004172
4173,1022,ap-south,marketplace,162.44,1700004173
4174,4077,us-east,ads,101.98,1700004174
4175,1567,eu-central,subscription,144.58,1700004175
4176,4754,us-east,subscription,33.98,1700004176
4177,330,us-west,subscription,186.48,1700004177
4178,592,ap-south,subscription,241.34,1700004178
4179,2266,us-east,compute,1.7,1700004179
4180,1722,us-east,ads,103.93,1700004180
4181,2797,us-west,storage,36.95,1700004181
4182,1010,eu-central,marketplace,244.34,1700004182
4183,3103,ap-northeast,marketplace,111.41,1700004183
4184,1652,us-west,subscription,97.91,1700004184
4185,1541,us-west,storage,122.74,1700004185
4186,2244,ap-south,ads,63.78,1700004186
4187,3550,ap-south,subscription,16.29,1700004187
4188,489,ap-south,compute,72.98,1700004188
4189,3387,us-east,marketplace,36.03,1700004189
4190,2289,us-west,storage,192.49,1700004190
4191,3877,ap-northeast,ads,147.03,1700004191
4192,2850,eu-central,subscription,112.89,1700004192
4193,2258,ap-south,storage,68.14,1700004193
4194,3936,us-west,storage,226.3,1700004194
4195,141,us-west,storage,96.76,1700004195
4196,4520,ap-northeast,subscription,28.35,1700004196
4197,3038,ap-northeast,marketplace,172.79,1700004197
4198,2227,ap-northeast,marketplace,186.85,1700004198
4199,167,us-east,compute,239.33,1700004199
4200,878,us-west,marketplace,63.77,1700004200
4201,2002,ap-northeast,compute,144.03,1700004201
4202,4342,us-west,storage,244.39,1700004202
4203,28,us-west,ads,82.52,1700004203
4204,4538,ap-south,compute,85.98,1700004204
4205,3941,us-west,subscription,28.01,1700004205
4206,2510,ap-south,marketplace,174.31,1700004206
4207,2228,ap-northeast,subscription,157.58,1700004207
4208,4929,ap-northeast,compute,89.86,1700004208
4209,3113,ap-south,compute,49.87,1700004209
4210,2007,eu-central,ads,214.59,1700004210
4211,2924,ap-south,subscription,133.59,1700004211
4212,4040,us-west,storage,239.42,1700004212
4213,135,us-east,ads,141.72,1700004213
4214,1123,us-west,storage,216.77,1700004214
4215,1680,ap-south,storage,134.21,1700004215
4216,595,us-east,compute,110.88,1700004216
4217,1112,us-west,subscription,55.4,1700004217
4218,794,us-east,marketplace,3.91,1700004218
4219,4813,ap-south,ads,247.84,1700004219
4220,4823,ap-south,subscription,24.28,1700004220
4221,1940,ap-northeast,ads,24.28,1700004221
4222,2051,ap-northeast,compute,186.86,1700004222
4223,1976,us-east,storage,172.56,1700004223
4224,4433,us-west,ads,231.63,1700004224
4225,4011,us-west,storage,221.98,1700004225
4226,820,us-east,compute,146.14,1700004226
4227,4716,eu-central,ads,107.35,1700004227
4228,2859,eu-central,storage,139.52,1700004228
4229,1346,us-east,ads,245.2,1700004229
4230,4684,us-east,marketplace,48.94,1700004230
4231,1286,us-west,ads,183.38,1700004231
4232,1605,us-west,subscription,34.02,1700004232
4233,3776,us-east,storage,57.18,1700004233
4234,1102,us-east,ads,181.71,1700004234
4235,1673,eu-central,marketplace,208.85,1700004235
4236,3538,us-west,ads,208.57,1700004236
4237,1304,ap-south,storage,2.9,1700004237
4238,3069,us-east,compute,44.6,1700004238
4239,3444,us-east,ads,191.34,1700004239
4240,1735,us-east,subscription,104.35,1700004240
4241,3561,us-west,subscription,67.27,1700004241
4242,4262,ap-northeast,compute,237.54,1700004242
4243,4848,ap-northeast,marketplace,221.71,1700004243
4244,1290,ap-northeast,compute,165.47,1700004244
4245,1767,ap-south,storage,43.86,1700004245
4246,3647,eu-central,marketplace,65.8,1700004246
4247,1755,us-east,subscription,102.05,1700004247
4248,3077,ap-northeast,storage,231.88,1700004248
4249,4763,us-east,subscription,225.31,1700004249
4250,1883,ap-northeast,ads,140.46,1700004250
4251,3233,ap-northeast,subscription,14.16,1700004251
4252,1473,ap-northeast,subscription,199.94,1700004252
4253,1971,us-east,compute,214.72,1700004253
4254,4454,us-east,subscription,135.21,1700004254
4255,685,eu-central,compute,134.85,1700004255
4256,2128,eu-central,marketplace,137.68,1700004256
4257,1461,us-east,storage,123.14,1700004257
4258,1682,us-west,subscription,175.0,1700004258
4259,733,ap-northeast,subscription,156.59,1700004259
4260,586,ap-south,compute,20.96,1700004260
4261,2637,ap-south,subscription,170.65,1700004261
4262,2767,us-east,ads,191.6,1700004262
4263,224,us-east,ads,21.82,1700004263
4264,1352,ap-northeast,ads,21.58,1700004264
4265,1560,ap-south,ads,110.31,1700004265
4266,4416,eu-central,ads,197.08,1700004266
4267,4956,us-east,subscription,247.11,1700004267
4268,2563,ap-south,ads,198.88,1700004268
4269,4129,eu-central,marketplace,65.94,1700004269
4270,697,ap-northeast,subscription,150.49,1700004270
4271,4722,ap-northeast,storage,72.51,1700004271
4272,4279,us-east,subscription,44.76,1700004272
4273,2368,ap-northeast,compute,197.29,1700004273
4274,2574,ap-south,storage,11.06,1700004274
4275,3561,ap-south,ads,11.99,1700004275
4276,401,us-east,marketplace,221.56,1700004276
4277,3096,eu-central,marketplace,23.08,1700004277
4278,4227,eu-central,compute,38.34,1700004278
4279,3095,ap-northeast,ads,59.71,1700004279
4280,1223,eu-central,compute,57.73,1700004280
4281,2635,eu-central,ads,92.19,1700004281
4282,1395,ap-northeast,storage,182.67,1700004282
4283,4527,us-east,storage,14.21,1700004283
4284,1704,us-west,storage,150.92,1700004284
4285,4574,ap-south,compute,89.41,1700004285
4286,140,ap-northeast,compute,47.01,1700004286
4287,529,us-east,marketplace,200.7,1700004287
4288,1003,ap-south,marketplace,208.89,1700004288
4289,1018,ap-northeast,compute,184.89,1700004289
4290,2144,eu-central,subscription,137.32,1700004290
4291,3881,ap-south,subscription,129.4,1700004291
4292,3098,us-west,compute,162.29,1700004292
4293,3275,eu-central,subscription,39.56,1700004293
4294,537,us-west,storage,155.15,1700004294
4295,2418,us-west,compute,143.28,1700004295
4296,2520,ap-south,marketplace,40.49,1700004296
4297,1989,ap-south,subscription,92.7,1700004297
4298,4329,ap-south,subscription,26.92,1700004298
4299,2064,us-east,storage,218.49,1700004299
4300,3197,eu-central,storage,40.01,1700004300
4301,3062,eu-central,ads,47.46,1700004301
4302,1877,eu-central,marketplace,136.32,1700004302
4303,1532,eu-central,subscription,239.85,1700004303
4304,191,us-east,storage,94.94,1700004304
4305,3369,eu-central,marketplace,128.73,1700004305
4306,4345,ap-northeast,ads,193.24,1700004306
4307,893,eu-central,subscription,139.47,1700004307
4308,4104,ap-northeast,subscription,207.77,1700004308
4309,2257,eu-central,subscription,116.95,1700004309
4310,505,eu-central,ads,73.13,1700004310
4311,472,eu-central,subscription,51.96,1700004311
4312,1771,us-west,marketplace,49.39,1700004312
4313,4311,eu-central,compute,79.45,1700004313
4314,1001,ap-south,subscription,201.87,1700004314
4315,838,us-east,ads,178.12,1700004315
4316,3726,ap-northeast,storage,180.59,1700004316
4317,1014,ap-northeast,ads,152.01,1700004317
4318,1628,us-west,compute,23.76,1700004318
4319,1622,ap-south,subscription,34.54,1700004319
4320,2647,us-west,ads,220.71,1700004320
4321,285,us-east,ads,229.61,1700004321
4322,4137,ap-south,marketplace,247.86,1700004322
4323,781,ap-south,compute,214.74,1700004323
4324,4527,ap-northeast,ads,3.66,1700004324
4325,1515,us-west,ads,249.32,1700004325
4326,241,ap-northeast,ads,84.31,1700004326
4327,3400,us-east,compute,32.85,1700004327
4328,4893,ap-northeast,ads,61.85,1700004328
4329,3091,eu-central,storage,159.57,1700004329
4330,4075,eu-central,marketplace,205.94,1700004330
4331,4884,us-east,storage,229.25,1700004331
4332,1751,ap-south,marketplace,152.83,1700004332
4333,2833,us-west,ads,19.99,1700004333
4334,4946,us-east,ads,217.84,1700004334
4335,4711,eu-central,ads,135.27,1700004335
4336,1851,us-west,storage,132.94,1700004336
4337,2810,us-east,compute,35.68,1700004337
4338,3337,us-west,subscription,203.92,1700004338
4339,1292,us-west,compute,150.89,1700004339
4340,1212,us-east,subscription,113.37,1700004340
4341,2746,eu-central,storage,20.11,1700004341
4342,2091,us-east,marketplace,33.38,1700004342
4343,4392,ap-south,ads,207.57,1700004343
4344,175,eu-central,subscription,123.6,1700004344
4345,3240,ap-south,storage,241.61,1700004345
4346,380,ap-northeast,ads,30.01,1700004346
4347,1056,ap-south,ads,234.77,1700004347
4348,1581,us-east,compute,221.35,1700004348
4349,2960,ap-south,storage,221.25,1700004349
4350,725,us-east,storage,39.34,1700004350
4351,3733,us-east,marketplace,235.14,1700004351
4352,1744,us-east,subscription,192.13,1700004352
4353,2081,eu-central,marketplace,13.96,1700004353
4354,3521,ap-northeast,compute,46.67,1700004354
4355,4687,us-east,storage,156.97,1700004355
4356,3976,ap-south,compute,161.39,1700004356
4357,1169,ap-northeast,subscription,246.0,1700004357
4358,2161,eu-central,ads,29.84,1700004358
4359,2491,ap-northeast,ads,198.66,1700004359
4360,3666,us-west,marketplace,75.31,1700004360
4361,3907,ap-northeast,compute,34.99,1700004361
4362,378,us-west,subscription,161.64,1700004362
4363,1017,us-east,ads,167.09,1700004363
4364,3699,us-east,compute,205.74,1700004364
4365,4157,eu-central,compute,145.63,1700004365
4366,532,eu-central,marketplace,143.95,1700004366
4367,130,ap-south,marketplace,146.14,1700004367
4368,1357,ap-south,compute,176.83,1700004368
4369,3447,ap-northeast,compute,202.21,1700004369
4370,2429,ap-northeast,compute,190.11,1700004370
4371,3738,us-east,compute,74.59,1700004371
4372,4385,eu-central,compute,96.64,1700004372
4373,4660,us-west,subscription,83.26,1700004373
4374,844,eu-central,ads,193.3,1700004374
4375,2537,ap-northeast,compute,198.28,1700004375
4376,1593,us-west,subscription,27.98,1700004376
4377,1828,eu-central,subscription,194.29,1700004377
4378,3522,ap-south,compute,140.4,1700004378
4379,449,ap-south,compute,175.22,1700004379
4380,4571,ap-south,subscription,100.1,1700004380
4381,965,ap-south,storage,243.11,1700004381
4382,251,ap-south,subscription,187.57,1700004382
4383,2536,ap-northeast,subscription,130.48,1700004383
4384,1806,eu-central,compute,227.06,1700004384
4385,1999,ap-northeast,subscription,164.66,1700004385
4386,4597,us-east,marketplace,207.18,1700004386
4387,2824,ap-south,ads,245.42,1700004387
4388,4639,ap-northeast,storage,85.99,1700004388
4389,4500,us-west,storage,148.04,1700004389
4390,2939,ap-northeast,subscription,109.1,1700004390
4391,2180,us-east,compute,96.23,1700004391
4392,3100,eu-central,storage,157.96,1700004392
4393,1775,us-east,compute,121.0,1700004393
4394,3490,us-east,subscription,191.86,1700004394
4395,4330,eu-central,compute,84.88,1700004395
4396,985,eu-central,subscription,194.53,1700004396
4397,3266,ap-northeast,subscription,60.91,1700004397
4398,2546,ap-northeast,marketplace,156.88,1700004398
4399,333,us-east,subscription,120.13,1700004399
4400,1833,us-east,ads,167.26,1700004400
4401,4210,ap-south,compute,98.28,1700004401
4402,3190,us-east,ads,30.08,1700004402
4403,3172,ap-northeast,subscription,19.69,1700004403
4404,1584,ap-northeast,marketplace,206.07,1700004404
4405,209,us-east,ads,94.42,1700004405
4406,459,ap-northeast,marketplace,20.95,1700004406
4407,4969,us-east,marketplace,14.53,1700004407
4408,3341,us-west,compute,49.78,1700004408
4409,4772,ap-south,storage,157.12,1700004409
4410,413,eu-central,subscription,159.74,1700004410
4411,2213,us-east,storage,110.72,1700004411
4412,4906,eu-central,storage,41.42,1700004412
4413,3679,us-west,storage,190.98,1700004413
4414,3373,us-west,compute,35.16,1700004414
4415,160,ap-northeast,ads,186.72,1700004415
4416,4032,ap-south,storage,230.85,1700004416
4417,1319,ap-northeast,compute,17.63,1700004417
4418,2159,us-east,storage,234.21,1700004418
4419,4371,eu-central,ads,242.6,1700004419
4420,1626,us-west,storage,58.8,1700004420
4421,1087,eu-central,marketplace,179.01,1700004421
4422,1403,us-west,marketplace,229.04,1700004422
4423,3288,us-east,storage,136.63,1700004423
4424,649,ap-south,ads,52.02,1700004424
4425,1346,us-east,ads,151.13,1700004425
4426,4,ap-south,ads,55.5,1700004426
4427,3457,us-west,compute,244.91,1700004427
4428,2604,us-west,storage,124.44,1700004428
4429,4698,eu-central,storage,31.19,1700004429
4430,1788,ap-south,ads,222.96,1700004430
4431,4467,eu-central,marketplace,66.89,1700004431
4432,403,us-west,compute,81.43,1700004432
4433,1154,ap-south,marketplace,128.06,1700004433
4434,775,ap-south,marketplace,71.91,1700004434
4435,434,us-west,storage,52.02,1700004435
4436,2050,us-east,storage,118.13,1700004436
4437,888,us-west,storage,185.49,1700004437
4438,4094,ap-northeast,subscription,228.88,1700004438
4439,616,us-east,subscription,160.13,1700004439
4440,4027,ap-northeast,compute,207.0,1700004440
4441,839,us-west,marketplace,130.34,1700004441
4442,3440,us-west,compute,136.99,1700004442
4443,4025,ap-northeast,storage,59.23,1700004443
4444,3490,us-west,compute,61.51,1700004444
4445,942,ap-northeast,subscription,136.33,1700004445
4446,2609,ap-south,ads,85.28,1700004446
4447,4690,ap-south,ads,123.71,1700004447
4448,4822,ap-northeast,storage,101.29,1700004448
4449,975,ap-south,storage,175.33,1700004449
4450,3299,ap-south,subscription,225.18,1700004450
4451,4246,us-west,ads,91.91,1700004451
4452,19,ap-south,compute,36.76,1700004452
4453,1401,us-west,subscription,157.66,1700004453
4454,2687,us-west,ads,248.05,1700004454
4455,2999,us-east,marketplace,135.23,1700004455
4456,3665,us-east,marketplace,101.83,1700004456
4457,1232,us-east,compute,163.17,1700004457
4458,1428,us-east,compute,35.55,1700004458
4459,4652,ap-south,storage,188.99,1700004459
4460,324,ap-northeast,compute,134.03,1700004460
4461,2200,us-west,storage,156.24,1700004461
4462,4439,eu-central,compute,217.15,1700004462
4463,1298,us-west,ads,212.87,1700004463
4464,278,ap-northeast,subscription,165.92,1700004464
4465,4443,ap-south,compute,179.47,1700004465
4466,2055,ap-northeast,marketplace,162.44,1700004466
4467,2443,ap-northeast,marketplace,211.69,1700004467
4468,4995,ap-northeast,compute,157.75,1700004468
4469,689,eu-central,marketplace,113.51,1700004469
4470,4471,ap-northeast,storage,240.65,1700004470
4471,294,ap-south,ads,89.88,1700004471
4472,1467,us-west,compute,101.01,1700004472
4473,3199,ap-south,subscription,135.28,1700004473
4474,1530,us-east,compute,113.55,1700004474
4475,3117,us-east,compute,16.81,1700004475
4476,3780,ap-south,compute,133.52,1700004476
4477,3150,ap-northeast,subscription,214.4,1700004477
4478,4708,ap-south,compute,124.81,1700004478
4479,1261,us-west,marketplace,129.51,1700004479
4480,1607,ap-south,ads,197.84,1700004480
4481,4360,eu-central,compute,1.16,1700004481
4482,1526,us-west,marketplace,13.92,1700004482
4483,2207,us-east,marketplace,189.14,1700004483
4484,3197,ap-south,compute,83.64,1700004484
4485,3741,ap-northeast,ads,8.63,1700004485
4486,1023,us-west,marketplace,225.04,1700004486
4487,1442,eu-central,marketplace,67.81,1700004487
4488,1496,ap-northeast,storage,115.71,1700004488
4489,3229,us-west,subscription,88.9,1700004489
4490,2410,us-west,subscription,158.85,1700004490
4491,1091,ap-northeast,compute,211.84,1700004491
4492,3207,us-west,subscription,137.0,1700004492
4493,4691,us-east,marketplace,101.82,1700004493
4494,2136,us-east,marketplace,47.46,1700004494
4495,2768,ap-south,subscription,228.57,1700004495
4496,2813,ap-south,subscription,242.19,1700004496
4497,1408,ap-south,compute,56.19,1700004497
4498,1821,eu-central,compute,152.38,1700004498
4499,3032,us-east,subscription,215.25,1700004499
4500,4133,us-east,compute,177.94,1700004500
4501,3025,eu-central,ads,237.96,1700004501
4502,4012,ap-northeast,marketplace,239.11,1700004502
4503,4577,eu-central,ads,152.86,1700004503
4504,3996,eu-central,marketplace,56.83,1700004504
4505,1591,eu-central,compute,30.87,1700004505
4506,4197,ap-northeast,ads,231.65,1700004506
4507,928,ap-south,compute,121.58,1700004507
4508,385,us-west,compute,208.42,1700004508
4509,2733,ap-northeast,subscription,68.01,1700004509
4510,309,us-east,marketplace,53.34,1700004510
4511,2520,us-east,marketplace,74.12,1700004511
4512,881,eu-central,marketplace,51.37,1700004512
4513,1775,us-west,marketplace,155.23,1700004513
4514,1757,ap-south,storage,182.23,1700004514
4515,4297,us-east,subscription,199.9,1700004515
4516,3665,eu-central,ads,5.0,1700004516
4517,2178,us-west,ads,71.59,1700004517
4518,714,us-east,marketplace,45.15,1700004518
4519,3137,ap-northeast,compute,237.05,1700004519
4520,1000,ap-northeast,compute,118.75,1700004520
4521,493,ap-northeast,subscription,189.68,1700004521
4522,56,eu-central,marketplace,33.31,1700004522
4523,4213,ap-northeast,compute,214.26,1700004523
4524,2854,ap-south,subscription,222.66,1700004524
4525,2711,ap-northeast,storage,104.6,1700004525
4526,2658,ap-northeast,compute,104.46,1700004526
4527,3685,ap-northeast,storage,70.6,1700004527
4528,1373,us-west,storage,176.82,1700004528
4529,4180,eu-central,marketplace,135.8,1700004529
4530,2782,ap-northeast,storage,241.17,1700004530
4531,2600,ap-northeast,marketplace,45.27,1700004531
4532,1056,eu-central,compute,227.71,1700004532
4533,680,ap-south,marketplace,7.32,1700004533
4534,52,us-east,ads,39.83,1700004534
4535,2514,eu-central,subscription,147.0,1700004535
4536,1902,us-east,subscription,33.65,1700004536
4537,949,eu-central,marketplace,18.24,1700004537
4538,46,eu-central,marketplace,120.65,1700004538
4539,4275,us-west,storage,139.33,1700004539
4540,1493,us-east,marketplace,76.51,1700004540
4541,4259,ap-northeast,compute,96.38,1700004541
4542,4805,ap-northeast,storage,36.87,1700004542
4543,1820,ap-south,storage,224.82,1700004543
4544,3614,eu-central,storage,38.28,1700004544
4545,53,us-west,marketplace,211.64,1700004545
4546,1374,eu-central,marketplace,53.08,1700004546
4547,571,ap-northeast,subscription,201.54,1700004547
4548,1417,ap-northeast,ads,184.52,1700004548
4549,1560,us-east,subscription,50.85,1700004549
4550,1174,us-east,marketplace,156.39,1700004550
4551,484,ap-south,ads,221.49,1700004551
4552,4257,us-west,storage,66.34,1700004552
4553,1312,us-west,compute,116.33,1700004553
4554,199,ap-northeast,subscription,191.97,1700004554
4555,3310,ap-northeast,ads,166.62,1700004555
4556,1450,us-west,marketplace,120.54,1700004556
4557,2629,eu-central,marketplace,140.95,1700004557
4558,2177,ap-south,subscription,95.35,1700004558
4559,4680,us-east,marketplace,36.47,1700004559
4560,740,ap-northeast,storage,96.22,1700004560
4561,4537,us-west,ads,98.73,1700004561
4562,4501,us-west,storage,240.13,1700004562
4563,3841,us-west,ads,114.83,1700004563
4564,1762,us-west,storage,197.02,1700004564
4565,1780,ap-northeast,compute,241.69,1700004565
4566,240,eu-central,subscription,43.96,1700004566
4567,4724,ap-northeast,compute,54.31,1700004567
4568,3375,us-west,ads,183.47,1700004568
4569,2679,ap-northeast,ads,160.45,1700004569
4570,1936,ap-northeast,compute,36.82,1700004570
4571,1365,eu-central,marketplace,175.92,1700004571
4572,2004,ap-northeast,compute,51.59,1700004572
4573,4555,eu-central,marketplace,105.05,1700004573
4574,4007,ap-south,storage,55.5,1700004574
4575,3221,eu-central,subscription,235.53,1700004575
4576,4678,eu-central,marketplace,216.49,1700004576
4577,4732,ap-south,compute,179.16,1700004577
4578,955,us-west,storage,151.3,1700004578
4579,4770,ap-south,ads,47.51,1700004579
4580,1429,ap-south,ads,41.36,1700004580
4581,2713,us-west,compute,117.66,1700004581
4582,4318,ap-south,ads,54.35,1700004582
4583,2678,us-west,compute,237.86,1700004583
4584,4252,us-west,subscription,38.16,1700004584
4585,808,us-west,marketplace,99.89,1700004585
4586,445,ap-northeast,subscription,44.14,1700004586
4587,365,eu-central,compute,122.75,1700004587
4588,3815,ap-northeast,compute,126.97,1700004588
4589,4661,ap-south,marketplace,171.22,1700004589
4590,3050,ap-northeast,marketplace,46.98,1700004590
4591,4383,ap-south,ads,199.87,1700004591
4592,332,us-west,ads,70.25,1700004592
4593,2475,us-west,storage,161.71,1700004593
4594,4692,ap-northeast,marketplace,28.26,1700004594
4595,545,eu-central,subscription,238.57,1700004595
4596,4674,us-east,ads,194.96,1700004596
4597,4729,us-west,compute,187.57,1700004597
4598,197,us-east,marketplace,50.51,1700004598
4599,2271,ap-northeast,subscription,15.12,1700004599
4600,1609,us-east,compute,104.48,1700004600
4601,3852,us-east,subscription,172.01,1700004601
4602,4095,us-east,compute,241.89,1700004602
4603,1190,ap-south,ads,158.69,1700004603
4604,1244,us-east,subscription,40.19,1700004604
4605,3772,ap-south,storage,188.41,1700004605
4606,1144,us-east,ads,151.85,1700004606
4607,732,us-east,ads,96.26,1700004607
4608,857,us-west,subscription,11.42,1700004608
4609,262,ap-south,subscription,181.03,1700004609
4610,4335,ap-south,subscription,50.29,1700004610
4611,1754,us-east,marketplace,143.4,1700004611
4612,3535,ap-south,marketplace,52.89,1700004612
4613,110,us-west,storage,163.01,1700004613
4614,2470,ap-northeast,ads,38.26,1700004614
4615,2311,us-west,ads,23.44,1700004615
4616,187,ap-northeast,storage,156.71,1700004616
4617,1152,eu-central,ads,144.53,1700004617
4618,2676,us-west,subscription,149.48,1700004618
4619,3077,us-west,ads,210.16,1700004619
4620,4845,us-west,marketplace,248.65,1700004620
4621,2867,ap-south,ads,202.81,1700004621
4622,11,us-west,compute,149.45,1700004622
4623,1051,ap-northeast,storage,206.05,1700004623
4624,797,us-west,storage,30.54,1700004624
4625,2257,us-west,storage,233.86,1700004625
4626,4504,eu-central,compute,92.31,1700004626
4627,2515,us-west,subscription,211.74,1700004627
4628,2125,us-east,subscription,7.39,1700004628
4629,3948,us-east,storage,31.66,1700004629
4630,1327,ap-south,subscription,139.82,1700004630
4631,2277,us-east,subscription,150.17,1700004631
4632,504,ap-south,ads,108.37,1700004632
4633,4840,us-east,storage,57.82,1700004633
4634,1037,eu-central,compute,162.87,1700004634
4635,877,eu-central,marketplace,66.0,1700004635
4636,1300,us-east,subscription,175.6,1700004636
4637,2339,us-east,subscription,15.6,1700004637
4638,139,ap-northeast,marketplace,227.09,1700004638
4639,3323,ap-south,compute,228.64,1700004639
4640,3699,eu-central,storage,223.37,1700004640
4641,2526,ap-northeast,ads,93.35,1700004641
4642,4835,eu-central,marketplace,71.98,1700004642
4643,1413,us-west,marketplace,120.41,1700004643
4644,872,us-west,marketplace,115.97,1700004644
4645,23,us-east,ads,139.18,1700004645
4646,971,ap-northeast,ads,10.64,1700004646
4647,219,ap-south,compute,58.23,1700004647
4648,3681,ap-south,marketplace,191.1,1700004648
4649,738,ap-south,subscription,106.53,1700004649
4650,350,ap-northeast,ads,129.7,1700004650
4651,3001,ap-south,ads,37.88,1700004651
4652,250,us-east,marketplace,176.37,1700004652
4653,3797,us-east,subscription,127.58,1700004653
4654,3348,ap-south,ads,62.38,1700004654
4655,3785,us-west,marketplace,20.85,1700004655
4656,392,eu-central,marketplace,242.52,1700004656
4657,2258,ap-south,marketplace,50.67,1700004657
4658,3282,us-west,ads,176.31,1700004658
4659,204,us-east,compute,109.34,1700004659
4660,2859,ap-northeast,compute,169.42,1700004660
4661,3661,ap-south,storage,149.44,1700004661
4662,4065,us-east,subscription,31.0,1700004662
4663,45,eu-central,subscription,249.94,1700004663
4664,1642,ap-northeast,storage,39.99,1700004664
4665,3601,eu-central,storage,222.52,1700004665
4666,3579,us-west,ads,88.96,1700004666
4667,525,ap-northeast,subscription,207.84,1700004667
4668,3892,us-east,ads,15.34,1700004668
4669,2180,ap-south,storage,106.97,1700004669
4670,2545,eu-central,compute,7.21,1700004670
4671,556,us-east,ads,112.29,1700004671
4672,3979,ap-south,ads,228.57,1700004672
4673,306,us-east,marketplace,146.81,1700004673
4674,4456,ap-northeast,ads,205.32,1700004674
4675,4612,eu-central,compute,1.75,1700004675
4676,2043,us-east,marketplace,196.33,1700004676
4677,347,eu-central,compute,152.6,1700004677
4678,311,ap-northeast,marketplace,162.0,1700004678
4679,4899,ap-south,storage,196.05,1700004679
4680,4336,ap-south,subscription,162.36,1700004680
4681,1628,ap-south,compute,110.32,1700004681
4682,986,ap-south,storage,151.14,1700004682
4683,2398,us-east,storage,227.11,1700004683
4684,816,us-west,subscription,121.75,1700004684
4685,403,ap-south,storage,143.18,1700004685
4686,2034,us-west,subscription,190.79,1700004686
4687,3580,us-west,subscription,184.51,1700004687
4688,4223,ap-northeast,compute,72.99,1700004688
4689,4657,us-east,compute,112.07,1700004689
4690,121,us-east,marketplace,42.12,1700004690
4691,3530,us-west,ads,54.37,1700004691
4692,418,ap-northeast,storage,205.13,1700004692
4693,4429,us-west,ads,23.17,1700004693
4694,450,us-west,ads,158.08,1700004694
4695,2126,us-east,compute,235.98,1700004695
4696,686,us-west,marketplace,171.4,1700004696
4697,4683,ap-northeast,compute,126.61,1700004697
4698,4790,ap-south,subscription,224.46,1700004698
4699,685,ap-south,ads,183.01,1700004699
4700,4404,ap-northeast,compute,241.18,1700004700
4701,4164,us-east,ads,242.66,1700004701
4702,3269,eu-central,marketplace,134.24,1700004702
4703,1317,us-east,storage,236.75,1700004703
4704,2917,ap-northeast,compute,184.62,1700004704
4705,1910,ap-northeast,storage,243.16,1700004705
4706,3063,ap-south,ads,135.24,1700004706
4707,506,us-east,marketplace,135.48,1700004707
4708,3431,ap-south,marketplace,118.85,1700004708
4709,768,us-west,subscription,95.68,1700004709
4710,698,eu-central,compute,101.4,1700004710
4711,689,us-west,compute,222.86,1700004711
4712,4837,eu-central,subscription,150.38,1700004712
4713,3470,ap-northeast,compute,38.46,1700004713
4714,3213,ap-northeast,storage,166.48,1700004714
4715,410,eu-central,ads,147.62,1700004715
4716,1879,us-east,marketplace,226.28,1700004716
4717,725,ap-northeast,storage,29.01,1700004717
4718,3500,us-east,storage,225.0,1700004718
4719,2033,us-west,storage,71.75,1700004719
4720,4532,ap-northeast,subscription,83.99,1700004720
4721,3092,eu-central,ads,194.98,1700004721
4722,3771,ap-northeast,storage,46.25,1700004722
4723,371,ap-northeast,storage,175.8,1700004723
4724,2319,ap-northeast,storage,96.55,1700004724
4725,2037,eu-central,compute,107.9,1700004725
4726,2177,ap-south,compute,78.79,1700004726
4727,531,ap-south,ads,39.08,1700004727
4728,2770,us-east,storage,36.44,1700004728
4729,2913,ap-northeast,subscription,206.55,1700004729
4730,3332,eu-central,compute,137.13,1700004730
4731,3,ap-northeast,compute,240.08,1700004731
4732,1819,eu-central,compute,100.63,1700004732
4733,4111,us-west,compute,11.23,1700004733
4734,3571,us-west,marketplace,99.4,1700004734
4735,1240,ap-northeast,storage,150.88,1700004735
4736,559,ap-south,ads,156.19,1700004736
4737,520,us-east,marketplace,19.39,1700004737
4738,926,ap-northeast,subscription,90.08,1700004738
4739,4913,us-west,subscription,178.97,1700004739
4740,885,us-west,subscription,119.3,1700004740
4741,3340,us-east,marketplace,47.46,1700004741
4742,2037,us-east,marketplace,80.98,1700004742
4743,4187,us-east,storage,83.78,1700004743
4744,180,us-west,marketplace,226.7,1700004744
4745,2281,eu-central,storage,37.02,1700004745
4746,1021,ap-northeast,ads,107.8,1700004746
4747,259,us-west,marketplace,69.13,1700004747
4748,4647,ap-south,storage,211.44,1700004748
4749,3851,ap-south,ads,193.33,1700004749
4750,1039,eu-central,compute,135.02,1700004750
4751,4478,us-east,compute,135.72,1700004751
4752,24,ap-south,storage,208.5,1700004752
4753,1192,us-east,marketplace,20.83,1700004753
4754,2219,ap-south,compute,212.1,1700004754
4755,857,us-west,marketplace,156.01,1700004755
4756,3232,ap-south,marketplace,136.93,1700004756
4757,4411,ap-northeast,subscription,175.02,1700004757
4758,4766,ap-south,compute,137.84,1700004758
4759,2553,ap-northeast,storage,142.24,1700004759
4760,740,eu-central,marketplace,147.5,1700004760
4761,2569,us-east,ads,31.91,1700004761
4762,1105,ap-northeast,subscription,15.59,1700004762
4763,3914,eu-central,subscription,174.55,1700004763
4764,3126,us-east,marketplace,29.23,1700004764
4765,3887,us-east,storage,171.01,1700004765
4766,507,us-west,compute,134.92,1700004766
4767,4549,ap-south,subscription,105.89,1700004767
4768,2037,ap-south,subscription,25.9,1700004768
4769,4746,eu-central,marketplace,93.72,1700004769
4770,458,ap-south,storage,2.91,1700004770
4771,203,ap-northeast,compute,75.98,1700004771
4772,1114,eu-central,compute,242.85,1700004772
4773,2050,us-west,ads,74.04,1700004773
4774,3083,ap-south,marketplace,196.59,1700004774
4775,4561,ap-northeast,storage,108.4,1700004775
4776,3363,us-east,marketplace,197.51,1700004776
4777,2148,us-west,ads,205.23,1700004777
4778,2546,eu-central,storage,216.43,1700004778
4779,4015,ap-south,marketplace,134.84,1700004779
4780,240,ap-northeast,storage,195.85,1700004780
4781,2528,eu-central,subscription,48.88,1700004781
4782,4149,ap-northeast,ads,106.86,1700004782
4783,1987,eu-central,marketplace,199.93,1700004783
4784,3124,us-west,subscription,192.84,1700004784
4785,2757,eu-central,ads,27.99,1700004785
4786,2737,ap-northeast,compute,87.41,1700004786
4787,440,us-east,storage,40.91,1700004787
4788,1530,us-east,subscription,38.89,1700004788
4789,1484,ap-south,storage,241.12,1700004789
4790,3919,ap-south,marketplace,100.91,1700004790
4791,2589,ap-northeast,ads,98.15,1700004791
4792,850,us-east,subscription,70.95,1700004792
4793,819,us-east,marketplace,227.77,1700004793
4794,4124,eu-central,compute,199.42,1700004794
4795,3181,us-east,ads,190.36,1700004795
4796,4398,us-east,ads,119.17,1700004796
4797,4230,ap-south,storage,178.03,1700004797
4798,4578,us-west,subscription,218.78,1700004798
4799,1417,ap-northeast,compute,220.74,1700004799
4800,2936,ap-south,ads,232.82,1700004800
4801,2239,ap-south,subscription,248.56,1700004801
4802,3347,eu-central,subscription,160.01,1700004802
4803,3482,us-east,subscription,182.88,1700004803
4804,1349,us-east,subscription,132.66,1700004804
4805,1875,ap-south,marketplace,57.77,1700004805
4806,2833,ap-northeast,storage,216.73,1700004806
4807,4361,us-east,storage,138.97,1700004807
4808,1383,eu-central,marketplace,237.05,1700004808
4809,1433,eu-central,subscription,31.73,1700004809
4810,4567,us-west,compute,81.75,1700004810
4811,2075,eu-central,marketplace,12.74,1700004811
4812,3517,eu-central,marketplace,163.55,1700004812
4813,2337,ap-south,marketplace,185.2,1700004813
4814,1613,us-east,ads,35.85,1700004814
4815,1586,us-west,storage,72.08,1700004815
4816,4402,ap-northeast,storage,170.86,1700004816
4817,696,ap-south,storage,225.39,1700004817
4818,3262,us-west,subscription,166.46,1700004818
4819,1363,ap-south,subscription,8.65,1700004819
4820,4548,ap-northeast,storage,171.59,1700004820
4821,597,ap-south,marketplace,178.84,1700004821
4822,4448,us-east,ads,152.08,1700004822
4823,3171,us-west,ads,64.48,1700004823
4824,1593,us-east,storage,152.61,1700004824
4825,1881,eu-central,compute,126.26,1700004825
4826,1187,eu-central,compute,223.55,1700004826
4827,2712,us-west,marketplace,3.94,1700004827
4828,851,ap-northeast,ads,179.07,1700004828
4829,3247,ap-south,storage,126.78,1700004829
4830,4213,us-east,storage,86.99,1700004830
4831,1412,eu-central,marketplace,64.34,1700004831
4832,2945,eu-central,marketplace,107.45,1700004832
4833,4356,us-west,compute,219.87,1700004833
4834,541,ap-south,compute,155.27,1700004834
4835,3690,ap-northeast,ads,4.88,1700004835
4836,2626,us-west,compute,31.71,1700004836
4837,4397,ap-south,compute,128.61,1700004837
4838,2093,ap-northeast,storage,201.17,1700004838
4839,4653,ap-northeast,storage,247.05,1700004839
4840,4323,ap-northeast,subscription,221.32,1700004840
4841,4906,us-east,marketplace,248.31,1700004841
4842,2577,ap-south,compute,176.07,1700004842
4843,3927,us-east,marketplace,210.1,1700004843
4844,1127,eu-central,storage,58.91,1700004844
4845,734,ap-northeast,compute,187.18,1700004845
4846,3124,eu-central,subscription,67.68,1700004846
4847,1669,ap-northeast,subscription,148.51,1700004847
4848,1334,ap-northeast,subscription,60.33,1700004848
4849,846,us-west,ads,246.35,1700004849
4850,4504,ap-south,ads,98.58,1700004850
4851,1288,ap-northeast,subscription,245.87,1700004851
4852,4236,ap-northeast,ads,178.21,1700004852
4853,4564,us-west,subscription,37.28,1700004853
4854,367,us-east,ads,47.09,1700004854
4855,1440,us-east,ads,16.69,1700004855
4856,4277,ap-south,storage,109.06,1700004856
4857,939,us-east,ads,127.47,1700004857
4858,4890,ap-northeast,storage,179.0,1700004858
4859,997,us-east,compute,21.82,1700004859
4860,2421,us-west,marketplace,96.55,1700004860
4861,762,eu-central,ads,229.4,1700004861
4862,1928,ap-northeast,marketplace,232.21,1700004862
4863,1999,us-east,compute,128.07,1700004863
4864,389,ap-south,marketplace,105.86,1700004864
4865,4509,us-west,subscription,79.4,1700004865
4866,3348,ap-northeast,marketplace,208.18,1700004866
4867,801,us-east,ads,50.44,1700004867
4868,139,ap-south,storage,229.08,1700004868
4869,29,eu-central,marketplace,235.92,1700004869
4870,4820,ap-south,storage,208.69,1700004870
4871,2715,us-east,ads,109.54,1700004871
4872,3195,ap-south,marketplace,23.91,1700004872
4873,107,ap-south,marketplace,75.47,1700004873
4874,709,us-east,subscription,246.71,1700004874
4875,13,ap-south,compute,81.66,1700004875
4876,3268,ap-northeast,compute,67.95,1700004876
4877,3846,us-east,compute,154.18,1700004877
4878,3009,ap-northeast,subscription,108.04,1700004878
4879,4492,us-west,marketplace,138.94,1700004879
4880,3096,ap-northeast,compute,141.59,1700004880
4881,3320,us-west,storage,152.13,1700004881
4882,127,ap-northeast,subscription,135.44,1700004882
4883,4572,ap-northeast,compute,224.53,1700004883
4884,4635,us-east,storage,132.76,1700004884
4885,3976,ap-northeast,ads,91.66,1700004885
4886,3040,ap-northeast,storage,45.97,1700004886
4887,3716,us-east,compute,114.16,1700004887
4888,3089,us-east,compute,59.95,1700004888
4889,183,us-east,subscription,108.47,1700004889
4890,2937,ap-south,compute,144.75,1700004890
4891,1531,ap-south,ads,76.38,1700004891
4892,645,ap-northeast,ads,190.5,1700004892
4893,4683,eu-central,subscription,235.25,1700004893
4894,3777,eu-central,marketplace,128.11,1700004894
4895,965,ap-south,storage,114.77,1700004895
4896,740,us-west,storage,74.9,1700004896
4897,4933,us-west,ads,25.05,1700004897
4898,4518,us-west,marketplace,23.88,1700004898
4899,4852,ap-south,subscription,109.5,1700004899
4900,1451,us-west,subscription,151.19,1700004900
4901,3912,eu-central,compute,147.32,1700004901
4902,3681,us-east,marketplace,180.53,1700004902
4903,3002,eu-central,subscription,27.2,1700004903
4904,4535,eu-central,marketplace,93.84,1700004904
4905,372,eu-central,storage,195.1,1700004905
4906,1036,us-east,compute,36.24,1700004906
4907,3008,ap-south,ads,177.87,1700004907
4908,148,us-east,ads,158.4,1700004908
4909,1799,eu-central,storage,69.5,1700004909
4910,433,ap-south,subscription,53.61,1700004910
4911,1115,eu-central,storage,247.98,1700004911
4912,4122,us-west,compute,153.15,1700004912
4913,2294,us-east,ads,23.15,1700004913
4914,4262,ap-northeast,subscription,41.07,1700004914
4915,2145,ap-south,subscription,23.43,1700004915
4916,3439,us-east,storage,235.46,1700004916
4917,4443,eu-central,ads,120.89,1700004917
4918,483,eu-central,compute,160.73,1700004918
4919,484,us-east,ads,144.02,1700004919
4920,9,ap-northeast,subscription,211.12,1700004920
4921,895,us-east,marketplace,47.3,1700004921
4922,663,us-east,marketplace,57.63,1700004922
4923,3610,us-east,compute,34.9,1700004923
4924,360,us-east,storage,18.65,1700004924
4925,3525,ap-northeast,marketplace,170.44,1700004925
4926,38,ap-south,marketplace,226.61,1700004926
4927,710,ap-northeast,compute,196.52,1700004927
4928,4603,eu-central,marketplace,57.52,1700004928
4929,1154,ap-northeast,compute,117.61,1700004929
4930,4859,ap-northeast,compute,54.12,1700004930
4931,3377,eu-central,subscription,149.2,1700004931
4932,2286,ap-south,ads,103.94,1700004932
4933,722,ap-northeast,compute,231.5,1700004933
4934,3885,us-west,marketplace,202.92,1700004934
4935,678,us-west,ads,9.84,1700004935
4936,2723,us-east,subscription,88.6,1700004936
4937,4600,ap-northeast,storage,56.22,1700004937
4938,1501,us-east,storage,223.21,1700004938
4939,1748,eu-central,storage,64.75,1700004939
4940,1983,eu-central,subscription,105.75,1700004940
4941,496,ap-south,marketplace,244.77,1700004941
4942,3567,us-east,storage,112.5,1700004942
4943,4820,ap-northeast,subscription,247.44,1700004943
4944,2060,eu-central,compute,126.34,1700004944
4945,4483,eu-central,subscription,80.16,1700004945
4946,1867,ap-south,marketplace,102.07,1700004946
4947,1130,ap-northeast,ads,83.38,1700004947
4948,435,ap-south,storage,231.83,1700004948
4949,411,ap-south,marketplace,112.8,1700004949
4950,2749,eu-central,ads,91.69,1700004950
4951,3253,us-west,subscription,141.58,1700004951
4952,80,ap-northeast,ads,135.67,1700004952
4953,2731,eu-central,ads,11.58,1700004953
4954,2536,us-east,compute,26.33,1700004954
4955,1914,us-east,ads,249.2,1700004955
4956,3791,ap-northeast,storage,24.59,1700004956
4957,157,us-west,marketplace,201.55,1700004957
4958,3647,ap-south,ads,172.0,1700004958
4959,1452,us-west,ads,102.12,1700004959
4960,3039,us-west,marketplace,204.58,1700004960
4961,2196,us-east,subscription,249.55,1700004961
4962,678,us-west,subscription,110.0,1700004962
4963,2571,ap-northeast,marketplace,218.11,1700004963
4964,488,us-east,subscription,215.12,1700004964
4965,416,us-east,marketplace,28.64,1700004965
4966,1758,us-west,marketplace,241.69,1700004966
4967,4819,eu-central,storage,158.8,1700004967
4968,2784,us-east,storage,71.35,1700004968
4969,4034,us-east,storage,176.34,1700004969
4970,1058,ap-south,compute,138.14,1700004970
4971,2899,ap-northeast,marketplace,161.33,1700004971
4972,1890,us-east,ads,3.42,1700004972
4973,3217,eu-central,compute,54.84,1700004973
4974,2491,us-east,subscription,172.82,1700004974
4975,4743,us-east,ads,70.08,1700004975
4976,1033,us-east,subscription,107.67,1700004976
4977,4150,ap-northeast,marketplace,17.04,1700004977
4978,4447,eu-central,compute,227.55,1700004978
4979,1814,eu-central,compute,154.53,1700004979
4980,1428,ap-northeast,marketplace,87.18,1700004980
4981,1996,eu-central,compute,85.78,1700004981
4982,375,eu-central,storage,18.59,1700004982
4983,486,ap-south,storage,142.78,1700004983
4984,4732,us-east,ads,100.05,1700004984
4985,3511,ap-northeast,ads,19.35,1700004985
4986,3170,ap-south,storage,66.43,1700004986
4987,1980,ap-south,compute,67.5,1700004987
4988,1027,us-west,subscription,143.0,1700004988
4989,2368,eu-central,compute,175.02,1700004989
4990,3072,us-west,ads,1.69,1700004990
4991,4021,ap-south,storage,189.93,1700004991
4992,1288,eu-central,marketplace,3.0,1700004992
4993,1317,eu-central,ads,19.15,1700004993
4994,1741,ap-south,marketplace,64.52,1700004994
4995,3205,us-west,marketplace,27.34,1700004995
4996,4402,eu-central,subscription,145.95,1700004996
4997,1531,ap-northeast,subscription,55.49,1700004997
4998,1814,eu-central,marketplace,214.15,1700004998
4999,572,us-east,ads,143.26,1700004999
5000,3456,us-east,marketplace,61.83,1700005000
5001,4432,ap-northeast,storage,128.1,1700005001
5002,1991,us-east,subscription,221.71,1700005002
5003,956,us-east,storage,98.75,1700005003
5004,1802,us-west,compute,231.95,1700005004
5005,2307,eu-central,storage,84.19,1700005005
5006,4609,ap-northeast,compute,113.34,1700005006
5007,4634,us-west,ads,43.58,1700005007
5008,4863,ap-south,marketplace,42.7,1700005008
5009,381,us-west,subscription,105.35,1700005009
5010,1468,us-east,subscription,114.94,1700005010
5011,2898,ap-northeast,subscription,20.36,1700005011
5012,3785,ap-south,ads,174.03,1700005012
5013,1033,us-east,storage,29.52,1700005013
5014,2821,us-west,subscription,178.71,1700005014
5015,4512,us-east,subscription,48.07,1700005015
5016,1379,us-east,compute,181.66,1700005016
5017,1401,us-east,marketplace,226.82,1700005017
5018,4297,us-east,compute,143.64,1700005018
5019,4005,us-east,marketplace,141.82,1700005019
5020,3554,us-east,ads,126.28,1700005020
5021,1733,ap-northeast,marketplace,83.75,1700005021
5022,4511,us-east,compute,220.3,1700005022
5023,4662,ap-south,storage,42.7,1700005023
5024,772,ap-south,compute,129.67,1700005024
5025,413,eu-central,subscription,120.21,1700005025
5026,4947,us-west,ads,137.32,1700005026
5027,3076,ap-northeast,subscription,127.62,1700005027
5028,4767,ap-south,subscription,201.12,1700005028
5029,2262,eu-central,marketplace,216.69,1700005029
5030,787,ap-northeast,subscription,42.86,1700005030
5031,3906,us-west,ads,14.44,1700005031
5032,4516,us-west,compute,74.34,1700005032
5033,1045,us-west,subscription,165.96,1700005033
5034,1274,us-east,marketplace,23.08,1700005034
5035,2284,ap-south,marketplace,164.05,1700005035
5036,1079,ap-northeast,ads,17.44,1700005036
5037,2949,ap-northeast,compute,177.92,1700005037
5038,84,us-west,ads,32.77,1700005038
5039,1703,us-east,marketplace,234.34,1700005039
5040,1223,us-west,subscription,33.52,1700005040
5041,3596,ap-south,marketplace,212.77,1700005041
5042,1042,us-east,subscription,93.86,1700005042
5043,1589,us-east,subscription,126.33,1700005043
5044,3424,eu-central,ads,102.38,1700005044
5045,3243,us-west,ads,170.86,1700005045
5046,471,eu-central,compute,58.47,1700005046
5047,3605,ap-south,storage,89.61,1700005047
5048,4789,us-east,compute,134.78,1700005048
5049,1082,us-east,ads,163.29,1700005049
5050,4901,us-east,storage,170.98,1700005050
5051,607,ap-south,marketplace,95.15,1700005051
5052,4982,us-east,subscription,145.93,1700005052
5053,4350,us-west,ads,236.08,1700005053
5054,239,eu-central,subscription,210.69,1700005054
5055,4434,eu-central,ads,155.4,1700005055
5056,3211,us-west,subscription,142.3,1700005056
5057,1664,us-east,storage,122.23,1700005057
5058,4105,us-east,marketplace,102.06,1700005058
5059,3020,ap-south,storage,115.67,1700005059
5060,333,ap-south,subscription,175.41,1700005060
5061,1254,us-east,compute,128.52,1700005061
5062,3226,eu-central,marketplace,16.05,1700005062
5063,4762,eu-central,marketplace,75.83,1700005063
5064,297,ap-south,storage,98.49,1700005064
5065,1609,eu-central,compute,192.78,1700005065
5066,1841,ap-northeast,storage,86.6,1700005066
5067,2477,ap-northeast,storage,42.65,1700005067
5068,1555,us-west,subscription,96.95,1700005068
5069,3555,us-east,ads,74.58,1700005069
5070,1204,eu-central,subscription,196.67,1700005070
5071,1126,eu-central,compute,174.16,1700005071
5072,2184,us-west,ads,170.12,1700005072
5073,4205,us-east,compute,184.0,1700005073
5074,4868,ap-northeast,ads,185.24,1700005074
5075,3339,us-west,subscription,181.36,1700005075
5076,694,ap-northeast,compute,170.99,1700005076
5077,2160,us-west,subscription,140.37,1700005077
5078,1962,us-west,marketplace,236.86,1700005078
5079,1530,eu-central,ads,91.8,1700005079
5080,1933,us-west,subscription,65.92,1700005080
5081,1658,us-east,subscription,20.31,1700005081
5082,2997,ap-northeast,storage,102.01,1700005082
5083,3063,eu-central,marketplace,216.03,1700005083
5084,3199,ap-northeast,marketplace,125.35,1700005084
5085,3716,ap-south,compute,178.31,1700005085
5086,2198,eu-central,subscription,90.76,1700005086
5087,1966,ap-south,marketplace,141.52,1700005087
5088,2219,ap-south,storage,232.87,1700005088
5089,4872,ap-northeast,storage,240.61,1700005089
5090,521,ap-south,subscription,226.58,1700005090
5091,1037,us-east,subscription,86.47,1700005091
5092,3031,us-east,compute,174.74,1700005092
5093,65,ap-northeast,marketplace,231.4,1700005093
5094,2510,ap-northeast,ads,203.88,1700005094
5095,1519,ap-south,compute,36.51,1700005095
5096,3041,ap-northeast,storage,99.87,1700005096
5097,3660,us-west,ads,213.51,1700005097
5098,1963,us-east,storage,217.66,1700005098
5099,2263,us-west,subscription,92.62,1700005099
5100,4822,us-east,marketplace,46.22,1700005100
5101,1004,eu-central,ads,249.43,1700005101
5102,2170,ap-northeast,compute,49.66,1700005102
5103,1290,ap-south,ads,75.95,1700005103
5104,2595,eu-central,subscription,179.88,1700005104
5105,458,ap-south,compute,103.75,1700005105
5106,3752,us-west,ads,240.3,1700005106
5107,149,us-east,compute,161.76,1700005107
5108,1000,ap-south,compute,205.67,1700005108
5109,1369,us-west,ads,20.77,1700005109
5110,4498,ap-south,ads,229.12,1700005110
5111,4563,eu-central,marketplace,39.95,1700005111
5112,2972,eu-central,subscription,108.8,1700005112
5113,4141,ap-south,marketplace,67.5,1700005113
5114,4081,us-east,ads,124.81,1700005114
5115,1341,us-east,compute,103.32,1700005115
5116,2798,us-west,subscription,226.33,1700005116
5117,3792,ap-south,subscription,144.75,1700005117
5118,3280,eu-central,storage,47.89,1700005118
5119,3835,us-east,ads,70.39,1700005119
5120,508,us-east,marketplace,204.01,1700005120
5121,3599,ap-northeast,ads,7.12,1700005121
5122,3011,eu-central,compute,164.91,1700005122
5123,374,us-east,ads,230.27,1700005123
5124,3964,us-west,subscription,17.36,1700005124
5125,1527,eu-central,storage,165.98,1700005125
5126,1597,us-east,storage,7.59,1700005126
5127,2467,us-west,compute,173.38,1700005127
5128,1012,us-west,storage,132.74,1700005128
5129,712,ap-south,subscription,227.2,1700005129
5130,1626,us-east,subscription,95.14,1700005130
5131,2834,eu-central,subscription,130.01,1700005131
5132,3202,us-west,ads,150.63,1700005132
5133,1528,ap-northeast,storage,196.24,1700005133
5134,2818,us-west,marketplace,241.62,1700005134
5135,2886,us-west,subscription,37.94,1700005135
5136,1236,ap-south,subscription,175.13,1700005136
5137,1558,ap-northeast,compute,152.37,1700005137
5138,12,eu-central,marketplace,213.36,1700005138
5139,1820,eu-central,subscription,33.17,1700005139
5140,3468,ap-south,ads,127.31,1700005140
5141,285,ap-south,storage,23.82,1700005141
5142,402,ap-northeast,storage,12.34,1700005142
5143,1536,ap-south,compute,124.96,1700005143
5144,990,ap-northeast,subscription,207.61,1700005144
5145,1638,ap-south,ads,25.57,1700005145
5146,4026,us-east,subscription,99.71,1700005146
5147,2902,ap-northeast,subscription,223.34,1700005147
5148,4574,ap-northeast,subscription,176.82,1700005148
5149,4039,ap-south,marketplace,134.0,1700005149
5150,2116,ap-south,storage,50.88,1700005150
5151,3626,eu-central,subscription,37.14,1700005151
5152,1776,us-west,subscription,238.12,1700005152
5153,4165,us-east,ads,188.84,1700005153
5154,2393,eu-central,subscription,87.18,1700005154
5155,4638,us-west,subscription,45.48,1700005155
5156,2898,ap-south,ads,94.88,1700005156
5157,2766,us-west,marketplace,164.37,1700005157
5158,3192,us-west,storage,216.26,1700005158
5159,2005,us-east,ads,133.36,1700005159
5160,2225,ap-south,storage,69.67,1700005160
5161,1936,us-east,storage,167.58,1700005161
5162,1877,ap-northeast,marketplace,193.27,1700005162
5163,4602,eu-central,subscription,4.37,1700005163
5164,588,us-west,storage,44.45,1700005164
5165,470,ap-northeast,marketplace,166.33,1700005165
5166,1878,ap-northeast,storage,164.56,1700005166
5167,3164,us-east,marketplace,182.89,1700005167
5168,3901,us-east,marketplace,80.29,1700005168
5169,4659,us-east,subscription,234.26,1700005169
5170,552,eu-central,ads,107.6,1700005170
5171,2193,us-east,ads,141.99,1700005171
5172,2804,eu-central,storage,68.63,1700005172
5173,4666,us-east,compute,180.5,1700005173
5174,4854,us-west,compute,80.94,1700005174
5175,4483,ap-south,marketplace,201.41,1700005175
5176,494,ap-south,ads,202.99,1700005176
5177,149,eu-central,subscription,109.21,1700005177
5178,1297,us-east,ads,156.06,1700005178
5179,4065,us-east,subscription,182.51,1700005179
5180,736,us-west,marketplace,19.25,1700005180
5181,1654,ap-northeast,subscription,188.22,1700005181
5182,3523,ap-northeast,storage,116.23,1700005182
5183,4642,ap-south,storage,10.05,1700005183
5184,4287,ap-south,subscription,19.47,1700005184
5185,3493,ap-south,storage,58.6,1700005185
5186,4932,us-west,subscription,110.02,1700005186
5187,3190,us-east,storage,239.83,1700005187
5188,4725,ap-northeast,compute,155.79,1700005188
5189,4463,ap-south,marketplace,60.07,1700005189
5190,1704,ap-northeast,marketplace,51.55,1700005190
5191,4937,us-east,storage,82.88,1700005191
5192,1544,us-east,compute,168.36,1700005192
5193,4737,eu-central,subscription,59.06,1700005193
5194,1186,us-east,subscription,31.14,1700005194
5195,568,eu-central,ads,193.87,1700005195
5196,3984,ap-south,marketplace,248.3,1700005196
5197,4613,ap-south,marketplace,120.5,1700005197
5198,410,us-east,subscription,105.8,1700005198
5199,4598,ap-south,storage,77.24,1700005199
5200,4463,ap-south,storage,100.83,1700005200
5201,4690,ap-south,compute,113.08,1700005201
5202,2536,us-east,storage,204.24,1700005202
5203,3160,eu-central,storage,172.97,1700005203
5204,277,eu-central,marketplace,9.22,1700005204
5205,3332,us-west,marketplace,79.37,1700005205
5206,1808,ap-south,subscription,10.37,1700005206
5207,3164,eu-central,compute,107.23,1700005207
5208,1528,ap-south,storage,20.69,1700005208
5209,4633,eu-central,subscription,142.76,1700005209
5210,3115,us-west,marketplace,52.27,1700005210
5211,3039,ap-northeast,storage,180.03,1700005211
5212,1469,eu-central,marketplace,28.42,1700005212
5213,4334,us-west,storage,103.97,1700005213
5214,1691,ap-south,marketplace,59.46,1700005214
5215,642,eu-central,compute,73.21,1700005215
5216,4297,ap-northeast,compute,210.28,1700005216
5217,2748,ap-northeast,storage,87.82,1700005217
5218,2308,ap-south,storage,62.76,1700005218
5219,2707,eu-central,marketplace,186.59,1700005219
5220,2519,eu-central,ads,198.14,1700005220
5221,2502,ap-northeast,ads,99.48,1700005221
5222,4944,ap-northeast,subscription,188.49,1700005222
5223,1987,eu-central,marketplace,145.0,1700005223
5224,2336,us-west,compute,220.35,1700005224
5225,3359,eu-central,ads,131.93,1700005225
5226,4599,us-west,subscription,56.91,1700005226
5227,4861,eu-central,compute,105.61,1700005227
5228,4960,ap-south,subscription,247.09,1700005228
5229,4368,ap-northeast,compute,214.68,1700005229
5230,2209,us-east,subscription,40.27,1700005230
5231,66,ap-northeast,storage,33.14,1700005231
5232,1420,us-east,storage,190.66,1700005232
5233,3924,eu-central,marketplace,224.91,1700005233
5234,4249,eu-central,subscription,72.48,1700005234
5235,3382,eu-central,marketplace,118.68,1700005235
5236,4798,us-west,subscription,10.29,1700005236
5237,84,us-east,marketplace,70.26,1700005237
5238,3546,eu-central,storage,232.3,1700005238
5239,1216,ap-northeast,subscription,142.08,1700005239
5240,225,us-west,marketplace,27.55,1700005240
5241,941,us-west,storage,84.0,1700005241
5242,3224,eu-central,compute,177.04,1700005242
5243,3209,us-west,marketplace,146.01,1700005243
5244,3862,us-east,compute,235.04,1700005244
5245,647,ap-northeast,compute,55.38,1700005245
5246,564,eu-central,marketplace,138.59,1700005246
5247,1550,eu-central,marketplace,99.74,1700005247
5248,1813,us-east,ads,56.48,1700005248
5249,4441,ap-northeast,marketplace,12.97,1700005249
5250,1677,eu-central,subscription,48.43,1700005250
5251,3338,us-west,subscription,9.34,1700005251
5252,2038,us-west,marketplace,114.92,1700005252
5253,1501,eu-central,storage,52.77,1700005253
5254,883,us-east,marketplace,58.77,1700005254
5255,3693,ap-northeast,storage,126.6,1700005255
5256,3247,ap-northeast,ads,9.13,1700005256
5257,2571,us-west,compute,215.23,1700005257
5258,3125,ap-northeast,ads,39.09,1700005258
5259,735,ap-south,storage,222.43,1700005259
5260,528,ap-south,marketplace,47.89,1700005260
5261,308,eu-central,subscription,210.53,1700005261
5262,479,us-west,subscription,134.6,1700005262
5263,3004,us-east,subscription,41.33,1700005263
5264,4581,ap-northeast,marketplace,106.11,1700005264
5265,2772,us-west,storage,188.15,1700005265
5266,1307,us-west,subscription,34.24,1700005266
5267,1256,ap-northeast,subscription,3.32,1700005267
5268,134,us-west,marketplace,100.92,1700005268
5269,884,us-west,subscription,219.58,1700005269
5270,1882,us-east,subscription,50.12,1700005270
5271,3345,ap-south,storage,17.86,1700005271
5272,1007,ap-south,storage,91.93,1700005272
5273,88,ap-south,storage,36.36,1700005273
5274,3919,ap-northeast,compute,87.5,1700005274
5275,2583,us-west,ads,44.22,1700005275
5276,3033,us-west,ads,20.48,1700005276
5277,1418,us-west,compute,139.48,1700005277
5278,2117,ap-south,subscription,59.51,1700005278
5279,1776,eu-central,subscription,12.62,1700005279
5280,4426,eu-central,storage,17.96,1700005280
5281,4764,us-east,ads,114.1,1700005281
5282,1336,us-west,subscription,73.88,1700005282
5283,3059,us-east,storage,203.77,1700005283
5284,3389,eu-central,compute,116.18,1700005284
5285,833,ap-south,storage,80.96,1700005285
5286,2134,ap-south,ads,155.95,1700005286
5287,4922,us-west,marketplace,13.46,1700005287
5288,2948,ap-northeast,subscription,134.67,1700005288
5289,3611,us-west,storage,157.6,1700005289
5290,2782,ap-northeast,ads,45.79,1700005290
5291,2595,ap-northeast,ads,200.86,1700005291
5292,4792,eu-central,storage,99.16,1700005292
5293,4373,eu-central,marketplace,228.8,1700005293
5294,1208,us-west,storage,63.03,1700005294
5295,1538,ap-south,compute,192.59,1700005295
5296,626,us-west,ads,33.37,1700005296
5297,705,us-east,ads,133.2,1700005297
5298,4207,us-east,subscription,174.53,1700005298
5299,4529,ap-south,compute,13.45,1700005299
5300,606,ap-south,ads,215.88,1700005300
5301,3971,eu-central,ads,199.69,1700005301
5302,1848,ap-northeast,subscription,88.78,1700005302
5303,4815,ap-northeast,compute,63.7,1700005303
5304,2908,us-west,compute,80.27,1700005304
5305,897,ap-south,ads,43.99,1700005305
5306,1165,ap-south,storage,187.36,1700005306
5307,2047,us-west,compute,114.15,1700005307
5308,1340,us-east,marketplace,214.43,1700005308
5309,1226,us-west,ads,94.54,1700005309
5310,3088,eu-central,marketplace,148.18,1700005310
5311,3134,us-west,subscription,185.27,1700005311
5312,13,ap-northeast,subscription,51.39,1700005312
5313,2375,eu-central,marketplace,111.26,1700005313
5314,152,eu-central,compute,210.31,1700005314
5315,4089,ap-northeast,compute,145.45,1700005315
5316,2709,us-east,marketplace,116.69,1700005316
5317,1362,us-east,marketplace,153.85,1700005317
5318,3093,ap-northeast,marketplace,18.77,1700005318
5319,2566,us-west,storage,124.71,1700005319
5320,1489,ap-south,storage,159.03,1700005320
5321,1714,us-west,compute,185.53,1700005321
5322,3393,us-west,marketplace,47.06,1700005322
5323,4080,ap-south,marketplace,198.9,1700005323
5324,1311,eu-central,compute,39.25,1700005324
5325,3428,us-east,storage,87.97,1700005325
5326,686,us-west,compute,34.32,1700005326
5327,3022,ap-northeast,subscription,38.58,1700005327
5328,2342,us-east,ads,81.32,1700005328
5329,3363,us-west,ads,38.76,1700005329
5330,2603,eu-central,compute,101.15,1700005330
5331,3571,us-west,storage,167.43,1700005331
5332,1263,ap-south,subscription,206.84,1700005332
5333,2431,us-west,ads,108.43,1700005333
5334,623,eu-central,marketplace,156.25,1700005334
5335,222,ap-northeast,marketplace,25.18,1700005335
5336,1678,us-east,subscription,164.02,1700005336
5337,332,us-east,marketplace,143.9,1700005337
5338,1839,us-west,ads,204.91,1700005338
5339,686,us-west,subscription,24.5,1700005339
5340,1417,us-east,marketplace,187.55,1700005340
5341,4190,us-east,marketplace,135.04,1700005341
5342,3568,ap-northeast,storage,134.41,1700005342
5343,3289,eu-central,ads,26.89,1700005343
5344,4775,us-east,compute,82.35,1700005344
5345,4557,ap-northeast,ads,97.98,1700005345
5346,2504,us-west,ads,11.6,1700005346
5347,3181,us-west,compute,232.09,1700005347
5348,4079,ap-south,compute,120.63,1700005348
5349,2570,ap-northeast,marketplace,194.21,1700005349
5350,3177,ap-south,marketplace,236.49,1700005350
5351,3272,eu-central,ads,149.35,1700005351
5352,1060,us-west,marketplace,164.97,1700005352
5353,916,ap-northeast,subscription,179.0,1700005353
5354,3573,us-west,subscription,19.7,1700005354
5355,1500,us-east,marketplace,172.85,1700005355
5356,373,eu-central,subscription,153.32,1700005356
5357,4358,us-west,ads,71.07,1700005357
5358,3979,ap-northeast,compute,193.35,1700005358
5359,917,us-east,storage,215.81,1700005359
5360,3658,us-west,storage,147.44,1700005360
5361,4867,ap-northeast,marketplace,144.27,1700005361
5362,4316,us-east,subscription,128.91,1700005362
5363,1632,us-east,compute,5.96,1700005363
5364,1797,ap-south,storage,103.05,1700005364
5365,1378,us-east,ads,2.34,1700005365
5366,1612,us-west,compute,84.83,1700005366
5367,4457,ap-south,subscription,218.37,1700005367
5368,32,eu-central,ads,82.33,1700005368
5369,1471,eu-central,subscription,221.69,1700005369
5370,1925,ap-northeast,ads,233.89,1700005370
5371,4532,us-west,storage,210.77,1700005371
5372,1401,ap-northeast,compute,16.55,1700005372
5373,3696,ap-south,compute,174.68,1700005373
5374,1344,ap-south,storage,233.46,1700005374
5375,1861,us-west,compute,248.24,1700005375
5376,1695,ap-northeast,compute,223.35,1700005376
5377,1670,us-west,storage,102.47,1700005377
5378,683,ap-northeast,marketplace,159.11,1700005378
5379,4443,ap-south,subscription,100.01,1700005379
5380,859,us-west,storage,138.49,1700005380
5381,891,us-east,ads,48.28,1700005381
5382,4144,us-west,subscription,225.12,1700005382
5383,4988,us-west,ads,168.58,1700005383
5384,4163,us-west,marketplace,224.53,1700005384
5385,3778,ap-northeast,ads,132.56,1700005385
5386,2666,us-east,storage,238.21,1700005386
5387,3951,ap-south,storage,24.65,1700005387
5388,356,ap-south,marketplace,206.55,1700005388
5389,1369,us-east,compute,131.14,1700005389
5390,2183,us-west,ads,155.67,1700005390
5391,3827,ap-northeast,storage,239.17,1700005391
5392,957,ap-south,compute,174.0,1700005392
5393,2887,ap-northeast,storage,145.31,1700005393
5394,4369,us-west,compute,173.5,1700005394
5395,2867,ap-south,subscription,183.87,1700005395
5396,137,us-west,storage,94.84,1700005396
5397,3271,ap-northeast,storage,191.17,1700005397
5398,2900,ap-northeast,ads,35.45,1700005398
5399,3672,us-west,marketplace,154.57,1700005399
5400,4860,ap-northeast,subscription,86.51,1700005400
5401,1832,ap-northeast,marketplace,168.12,1700005401
5402,74,ap-south,marketplace,221.76,1700005402
5403,4746,ap-northeast,ads,111.82,1700005403
5404,3893,us-west,compute,103.59,1700005404
5405,4836,eu-central,ads,191.35,1700005405
5406,4703,ap-northeast,storage,121.62,1700005406
5407,4608,us-east,compute,195.68,1700005407
5408,3747,eu-central,storage,64.47,1700005408
5409,2884,ap-northeast,compute,71.77,1700005409
5410,2260,us-east,compute,49.19,1700005410
5411,4983,ap-northeast,marketplace,29.02,1700005411
5412,3786,us-west,marketplace,209.89,1700005412
5413,4252,eu-central,subscription,100.27,1700005413
5414,4764,ap-northeast,compute,27.6,1700005414
5415,3120,eu-central,compute,133.89,1700005415
5416,2173,eu-central,marketplace,3.46,1700005416
5417,4956,us-west,compute,201.74,1700005417
5418,82,eu-central,subscription,30.45,1700005418
5419,258,us-west,storage,35.75,1700005419
5420,3758,us-east,storage,100.65,1700005420
5421,4530,ap-northeast,ads,5.5,1700005421
5422,4460,us-west,marketplace,134.13,1700005422
5423,2070,eu-central,compute,26.99,1700005423
5424,1815,us-east,compute,219.44,1700005424
5425,4696,ap-northeast,subscription,218.86,1700005425
5426,338,eu-central,storage,76.98,1700005426
5427,4431,ap-northeast,subscription,155.09,1700005427
5428,3881,eu-central,ads,138.78,1700005428
5429,3408,us-west,ads,38.19,1700005429
5430,3663,eu-central,ads,12.76,1700005430
5431,1744,us-east,marketplace,180.33,1700005431
5432,3304,us-east,compute,222.26,1700005432
5433,4887,eu-central,subscription,5.3,1700005433
5434,2929,ap-south,marketplace,25.18,1700005434
5435,2139,ap-northeast,subscription,206.54,1700005435
5436,4435,eu-central,storage,112.76,1700005436
5437,425,ap-northeast,storage,228.58,1700005437
5438,160,us-east,compute,118.55,1700005438
5439,3396,us-east,ads,29.14,1700005439
5440,1672,ap-south,marketplace,222.25,1700005440
5441,1007,us-east,subscription,68.57,1700005441
5442,2422,eu-central,marketplace,33.75,1700005442
5443,4877,us-east,storage,121.5,1700005443
5444,2810,ap-south,compute,225.69,1700005444
5445,3284,eu-central,subscription,75.92,1700005445
5446,317,ap-south,subscription,197.06,1700005446
5447,1033,us-east,marketplace,227.63,1700005447
5448,4894,ap-south,storage,35.09,1700005448
5449,3486,us-west,subscription,234.8,1700005449
5450,1482,us-east,compute,2.97,1700005450
5451,1933,us-west,marketplace,110.45,1700005451
5452,241,eu-central,storage,77.52,1700005452
5453,3186,eu-central,compute,72.85,1700005453
5454,2668,eu-central,compute,56.49,1700005454
5455,3581,eu-central,subscription,25.0,1700005455
5456,1899,ap-northeast,subscription,78.82,1700005456
5457,4007,us-east,subscription,72.58,1700005457
5458,2849,us-west,ads,42.39,1700005458
5459,4882,us-east,ads,185.51,1700005459
5460,3231,us-west,subscription,236.68,1700005460
5461,557,ap-south,subscription,230.86,1700005461
5462,1173,ap-south,storage,40.11,1700005462
5463,2218,ap-northeast,compute,183.15,1700005463
5464,2839,ap-northeast,marketplace,178.38,1700005464
5465,2632,ap-northeast,marketplace,43.57,1700005465
5466,4788,eu-central,subscription,170.64,1700005466
5467,2837,us-west,marketplace,26.25,1700005467
5468,948,ap-northeast,marketplace,122.82,1700005468
5469,689,ap-south,ads,14.63,1700005469
5470,428,ap-northeast,ads,91.45,1700005470
5471,4910,us-east,marketplace,112.61,1700005471
5472,2518,eu-central,storage,58.35,1700005472
5473,3000,us-west,marketplace,193.32,1700005473
5474,2438,ap-south,compute,183.22,1700005474
5475,2424,us-east,storage,30.65,1700005475
5476,4757,eu-central,compute,115.41,1700005476
5477,2130,eu-central,compute,51.59,1700005477
5478,2731,us-west,storage,128.13,1700005478
5479,249,us-west,subscription,32.08,1700005479
5480,1784,ap-south,ads,218.59,1700005480
5481,563,us-west,subscription,206.55,1700005481
5482,4270,ap-northeast,subscription,107.35,1700005482
5483,307,ap-northeast,storage,127.0,1700005483
5484,1435,ap-northeast,ads,88.8,1700005484
5485,1427,ap-south,compute,119.33,1700005485
5486,79,eu-central,compute,109.26,1700005486
5487,2589,us-east,marketplace,46.2,1700005487
5488,3647,eu-central,storage,82.35,1700005488
5489,1743,eu-central,subscription,121.18,1700005489
5490,4194,us-east,ads,128.46,1700005490
5491,880,eu-central,storage,171.7,1700005491
5492,1541,eu-central,marketplace,217.47,1700005492
5493,4068,us-east,storage,111.23,1700005493
5494,3104,us-west,compute,202.46,1700005494
5495,4824,us-east,marketplace,56.9,1700005495
5496,3245,us-west,compute,151.55,1700005496
5497,2105,ap-south,storage,66.24,1700005497
5498,2798,us-east,compute,147.3,1700005498
5499,4800,us-east,ads,28.93,1700005499
5500,4361,ap-northeast,compute,85.73,1700005500
5501,1867,ap-northeast,ads,133.29,1700005501
5502,1917,eu-central,subscription,24.7,1700005502
5503,697,ap-northeast,compute,102.99,1700005503
5504,4277,eu-central,marketplace,43.38,1700005504
5505,2416,ap-south,marketplace,184.29,1700005505
5506,4216,ap-northeast,marketplace,155.19,1700005506
5507,3751,ap-northeast,marketplace,110.07,1700005507
5508,4597,eu-central,storage,82.82,1700005508
5509,4678,eu-central,compute,32.48,1700005509
5510,4247,us-east,compute,13.78,1700005510
5511,1176,us-east,storage,186.55,1700005511
5512,3791,ap-northeast,compute,165.42,1700005512
5513,607,us-west,marketplace,132.68,1700005513
5514,1537,ap-northeast,storage,224.78,1700005514
5515,3786,us-east,marketplace,187.9,1700005515
5516,4335,eu-central,marketplace,231.43,1700005516
5517,811,eu-central,subscription,106.94,1700005517
5518,1310,ap-northeast,storage,245.53,1700005518
5519,859,us-east,subscription,181.8,1700005519
5520,244,us-west,compute,126.19,1700005520
5521,3559,ap-northeast,ads,194.06,1700005521
5522,4736,us-west,compute,246.53,1700005522
5523,4028,ap-northeast,ads,69.5,1700005523
5524,2758,ap-northeast,ads,221.99,1700005524
5525,186,ap-northeast,compute,157.94,1700005525
5526,1368,us-east,storage,117.53,1700005526
5527,385,eu-central,marketplace,37.8,1700005527
5528,3484,ap-south,compute,52.72,1700005528
5529,3062,us-east,marketplace,186.38,1700005529
5530,4412,us-east,storage,240.34,1700005530
5531,98,eu-central,subscription,32.51,1700005531
5532,3233,us-east,ads,31.34,1700005532
5533,1976,ap-northeast,ads,3.6,1700005533
5534,4364,us-west,compute,246.2,1700005534
5535,2519,us-west,marketplace,88.04,1700005535
5536,1994,ap-south,ads,143.92,1700005536
5537,4351,eu-central,compute,199.6,1700005537
5538,4115,us-east,ads,71.57,1700005538
5539,500,us-west,marketplace,53.83,1700005539
5540,3777,us-west,storage,18.35,1700005540
5541,2812,ap-northeast,storage,52.2,1700005541
5542,3294,us-west,storage,20.64,1700005542
5543,2857,ap-northeast,compute,100.83,1700005543
5544,2010,us-west,marketplace,61.26,1700005544
5545,495,us-east,marketplace,136.59,1700005545
5546,3525,us-east,marketplace,158.58,1700005546
5547,2392,ap-south,subscription,22.4,1700005547
5548,2739,ap-south,storage,60.61,1700005548
5549,3993,ap-northeast,subscription,89.91,1700005549
5550,948,us-east,storage,73.25,1700005550
5551,3219,ap-northeast,ads,165.35,1700005551
5552,4163,us-west,storage,122.05,1700005552
5553,3744,us-east,subscription,136.63,1700005553
5554,3456,ap-south,storage,2.17,1700005554
5555,2043,eu-central,subscription,130.79,1700005555
5556,3095,eu-central,marketplace,18.1,1700005556
5557,3377,us-east,ads,223.43,1700005557
5558,3784,eu-central,subscription,84.36,1700005558
5559,2455,ap-south,marketplace,11.67,1700005559
5560,3059,us-east,ads,48.04,1700005560
5561,4590,ap-northeast,ads,34.71,1700005561
5562,1754,us-east,marketplace,36.53,1700005562
5563,3439,us-west,storage,34.45,1700005563
5564,4171,us-east,marketplace,158.81,1700005564
5565,2217,ap-south,ads,132.69,1700005565
5566,4744,us-west,compute,79.93,1700005566
5567,1732,us-east,compute,103.53,1700005567
5568,368,ap-south,storage,101.13,1700005568
5569,4972,us-east,compute,44.25,1700005569
5570,4143,ap-northeast,marketplace,234.68,1700005570
5571,4171,ap-south,marketplace,217.92,1700005571
5572,2873,us-east,subscription,207.96,1700005572
5573,2693,ap-northeast,storage,34.81,1700005573
5574,4022,us-east,storage,67.2,1700005574
5575,1611,us-east,storage,201.7,1700005575
5576,4588,us-east,ads,189.63,1700005576
5577,2220,us-east,subscription,76.96,1700005577
5578,1707,ap-northeast,compute,190.24,1700005578
5579,533,ap-northeast,storage,52.18,1700005579
5580,3850,ap-south,marketplace,240.49,1700005580
5581,1823,us-west,subscription,101.77,1700005581
5582,3891,ap-south,ads,207.52,1700005582
5583,773,us-west,ads,151.66,1700005583
5584,924,eu-central,subscription,128.65,1700005584
5585,3434,us-east,subscription,136.69,1700005585
5586,3244,us-west,marketplace,66.86,1700005586
5587,1367,us-east,marketplace,17.89,1700005587
5588,1396,us-west,ads,153.19,1700005588
5589,2918,ap-south,storage,34.35,1700005589
5590,2200,eu-central,ads,5.9,1700005590
5591,4053,ap-northeast,marketplace,25.83,1700005591
5592,1763,us-west,marketplace,93.44,1700005592
5593,1968,ap-northeast,ads,15.81,1700005593
5594,3955,ap-northeast,marketplace,25.6,1700005594
5595,1184,us-west,marketplace,136.45,1700005595
5596,3815,us-east,compute,182.82,1700005596
5597,4572,ap-south,subscription,186.36,1700005597
5598,2096,ap-northeast,storage,51.97,1700005598
5599,1454,eu-central,ads,247.97,1700005599
5600,2446,us-west,subscription,73.11,1700005600
5601,2172,us-west,subscription,105.38,1700005601
5602,884,ap-northeast,compute,13.85,1700005602
5603,1577,eu-central,storage,131.93,1700005603
5604,813,ap-south,subscription,13.51,1700005604
5605,99,us-west,compute,100.44,1700005605
5606,1392,us-east,subscription,194.98,1700005606
5607,261,ap-northeast,marketplace,195.08,1700005607
5608,1937,ap-south,storage,180.64,1700005608
5609,575,ap-northeast,marketplace,49.95,1700005609
5610,4455,ap-northeast,ads,3.48,1700005610
5611,3809,ap-south,compute,78.93,1700005611
5612,491,us-east,storage,61.61,1700005612
5613,2733,ap-northeast,ads,7.47,1700005613
5614,3780,us-west,compute,115.91,1700005614
5615,1553,us-east,storage,43.74,1700005615
5616,767,us-east,subscription,135.59,1700005616
5617,3119,ap-northeast,ads,186.07,1700005617
5618,3872,us-east,storage,124.41,1700005618
5619,1521,us-east,ads,201.26,1700005619
5620,2080,eu-central,marketplace,186.13,1700005620
5621,917,ap-south,ads,142.8,1700005621
5622,4483,us-east,storage,208.72,1700005622
5623,3726,eu-central,marketplace,61.97,1700005623
5624,441,us-west,subscription,190.13,1700005624
5625,2402,us-west,subscription,90.78,1700005625
5626,761,ap-south,ads,36.87,1700005626
5627,1484,us-west,compute,68.2,1700005627
5628,675,us-west,ads,146.25,1700005628
5629,2500,ap-south,storage,220.94,1700005629
5630,3079,ap-northeast,ads,52.85,1700005630
5631,1497,ap-south,marketplace,79.64,1700005631
5632,1841,us-west,storage,102.83,1700005632
5633,3815,ap-northeast,marketplace,180.33,1700005633
5634,198,us-west,marketplace,237.06,1700005634
5635,2942,ap-northeast,compute,88.34,1700005635
5636,3132,us-east,subscription,27.34,1700005636
5637,4711,us-east,marketplace,238.82,1700005637
5638,4400,ap-northeast,ads,43.51,1700005638
5639,3522,ap-northeast,storage,248.35,1700005639
5640,2340,ap-northeast,compute,221.34,1700005640
5641,2092,ap-south,compute,107.56,1700005641
5642,4209,ap-south,subscription,54.26,1700005642
5643,3108,us-east,ads,125.55,1700005643
5644,2206,eu-central,storage,65.45,1700005644
5645,4188,us-west,storage,205.4,1700005645
5646,4567,us-east,compute,28.27,1700005646
5647,267,ap-south,marketplace,155.31,1700005647
5648,4647,us-west,ads,109.86,1700005648
5649,358,us-east,storage,143.25,1700005649
5650,4335,us-west,storage,152.37,1700005650
5651,1048,us-west,marketplace,244.93,1700005651
5652,2283,ap-northeast,marketplace,127.96,1700005652
5653,2216,ap-south,ads,126.54,1700005653
5654,961,us-west,compute,241.4,1700005654
5655,3361,eu-central,marketplace,108.49,1700005655
5656,1213,us-east,subscription,17.41,1700005656
5657,1364,us-west,storage,171.89,1700005657
5658,1216,us-east,marketplace,225.76,1700005658
5659,13,us-west,subscription,1.49,1700005659
5660,169,us-east,compute,130.23,1700005660
5661,2038,eu-central,storage,113.91,1700005661
5662,4864,us-east,compute,2.2,1700005662
5663,4229,ap-northeast,compute,192.26,1700005663
5664,4655,us-east,ads,63.78,1700005664
5665,3328,us-east,ads,145.33,1700005665
5666,757,ap-south,compute,188.49,1700005666
5667,1248,us-west,subscription,171.69,1700005667
5668,1652,ap-south,compute,168.64,1700005668
5669,4729,ap-south,compute,12.14,1700005669
5670,73,ap-northeast,marketplace,75.75,1700005670
5671,674,ap-northeast,storage,120.53,1700005671
5672,2114,ap-south,subscription,11.12,1700005672
5673,189,ap-northeast,compute,129.25,1700005673
5674,1796,us-west,storage,30.57,1700005674
5675,793,us-west,storage,21.54,1700005675
5676,788,ap-northeast,ads,80.27,1700005676
5677,4950,ap-northeast,marketplace,173.88,1700005677
5678,2702,ap-northeast,subscription,190.05,1700005678
5679,2532,us-west,ads,48.09,1700005679
5680,2129,us-east,ads,91.39,1700005680
5681,2654,us-west,marketplace,103.81,1700005681
5682,246,ap-south,marketplace,94.39,1700005682
5683,4709,ap-northeast,compute,63.35,1700005683
5684,4768,eu-central,storage,108.55,1700005684
5685,1215,us-east,ads,15.58,1700005685
5686,1131,eu-central,ads,202.72,1700005686
5687,4417,us-east,compute,38.9,1700005687
5688,1129,us-west,compute,112.24,1700005688
5689,2368,us-east,subscription,240.28,1700005689
5690,3204,us-west,ads,133.19,1700005690
5691,4103,us-east,storage,66.26,1700005691
5692,2661,us-west,storage,57.62,1700005692
5693,2937,us-west,storage,78.58,1700005693
5694,1821,eu-central,storage,5.33,1700005694
5695,2414,us-east,subscription,155.32,1700005695
5696,4588,us-west,compute,175.6,1700005696
5697,879,ap-northeast,ads,171.97,1700005697
5698,569,us-west,marketplace,87.14,1700005698
5699,147,eu-central,storage,29.49,1700005699
5700,260,us-east,storage,150.8,1700005700
5701,1795,us-east,marketplace,107.19,1700005701
5702,193,us-east,ads,32.82,1700005702
5703,1985,ap-northeast,subscription,115.11,1700005703
5704,243,us-east,subscription,50.93,1700005704
5705,1042,ap-northeast,storage,18.09,1700005705
5706,734,us-west,ads,164.06,1700005706
5707,2167,ap-northeast,marketplace,3.87,1700005707
5708,3518,ap-south,marketplace,56.87,1700005708
5709,2119,eu-central,storage,181.63,1700005709
5710,2503,us-west,subscription,244.64,1700005710
5711,3433,us-west,marketplace,96.32,1700005711
5712,207,us-east,compute,22.94,1700005712
5713,1939,us-east,marketplace,125.31,1700005713
5714,1680,eu-central,storage,211.49,1700005714
5715,2126,us-west,marketplace,140.03,1700005715
5716,3456,us-east,storage,249.79,1700005716
5717,4381,us-west,subscription,235.11,1700005717
5718,832,us-west,storage,167.38,1700005718
5719,1502,ap-south,storage,246.73,1700005719
5720,4173,ap-south,storage,176.19,1700005720
5721,3174,eu-central,storage,238.22,1700005721
5722,1066,eu-central,ads,239.14,1700005722
5723,3621,ap-south,compute,111.06,1700005723
5724,2209,ap-northeast,marketplace,118.85,1700005724
5725,660,us-west,compute,15.96,1700005725
5726,1702,eu-central,ads,10.09,1700005726
5727,892,ap-northeast,marketplace,125.65,1700005727
5728,3960,eu-central,subscription,32.26,1700005728
5729,2566,eu-central,subscription,77.59,1700005729
5730,2517,ap-south,storage,137.37,1700005730
5731,905,us-west,ads,84.73,1700005731
5732,3546,eu-central,compute,184.83,1700005732
5733,2919,us-west,marketplace,64.94,1700005733
5734,1410,us-east,storage,165.32,1700005734
5735,2265,eu-central,ads,191.84,1700005735
5736,829,ap-northeast,storage,193.75,1700005736
5737,4479,ap-northeast,ads,133.27,1700005737
5738,3798,us-west,ads,214.44,1700005738
5739,3515,us-west,marketplace,57.11,1700005739
5740,4807,eu-central,compute,218.73,1700005740
5741,4119,us-west,ads,132.53,1700005741
5742,2272,ap-northeast,storage,134.67,1700005742
5743,3320,ap-south,marketplace,216.68,1700005743
5744,150,eu-central,ads,204.32,1700005744
5745,359,us-west,ads,41.09,1700005745
5746,3040,eu-central,subscription,164.47,1700005746
5747,2286,us-east,subscription,62.54,1700005747
5748,241,us-east,storage,13.69,1700005748
5749,4325,ap-south,ads,206.13,1700005749
5750,1964,ap-south,subscription,26.02,1700005750
5751,4139,ap-south,ads,246.88,1700005751
5752,1660,us-west,ads,249.88,1700005752
5753,1652,us-east,compute,112.23,1700005753
5754,4852,ap-northeast,compute,228.19,1700005754
5755,406,us-east,ads,202.09,1700005755
5756,266,us-east,subscription,75.16,1700005756
5757,3890,us-east,subscription,27.63,1700005757
5758,4067,us-east,compute,205.84,1700005758
5759,4545,ap-south,ads,195.39,1700005759
5760,860,ap-south,subscription,190.38,1700005760
5761,2907,ap-northeast,ads,180.72,1700005761
5762,2117,us-east,compute,162.36,1700005762
5763,3823,ap-northeast,marketplace,216.97,1700005763
5764,78,us-east,ads,52.3,1700005764
5765,3585,eu-central,subscription,85.09,1700005765
5766,1357,us-east,ads,118.66,1700005766
5767,1364,ap-northeast,compute,169.32,1700005767
5768,3635,ap-northeast,ads,118.45,1700005768
5769,3834,ap-northeast,ads,179.05,1700005769
5770,3834,us-east,storage,27.34,1700005770
5771,226,ap-northeast,compute,28.66,1700005771
5772,3851,us-west,subscription,223.55,1700005772
5773,4881,ap-northeast,storage,63.58,1700005773
5774,4018,us-east,compute,50.29,1700005774
5775,2776,us-west,ads,112.4,1700005775
5776,3435,ap-northeast,ads,225.02,1700005776
5777,58,us-west,marketplace,137.21,1700005777
5778,4498,eu-central,marketplace,116.91,1700005778
5779,4101,us-east,ads,43.26,1700005779
5780,2105,eu-central,subscription,199.8,1700005780
5781,1106,us-west,storage,241.04,1700005781
5782,1330,us-east,storage,146.68,1700005782
5783,3150,ap-northeast,storage,138.32,1700005783
5784,3735,eu-central,storage,166.93,1700005784
5785,164,ap-south,storage,170.88,1700005785
5786,2921,us-east,storage,155.32,1700005786
5787,970,us-west,compute,212.58,1700005787
5788,2988,us-west,ads,81.14,1700005788
5789,946,ap-south,marketplace,206.04,1700005789
5790,3182,us-east,ads,120.61,1700005790
5791,80,us-west,subscription,91.63,1700005791
5792,4282,eu-central,subscription,71.24,1700005792
5793,1736,us-east,compute,135.01,1700005793
5794,1820,ap-northeast,subscription,72.85,1700005794
5795,2399,ap-northeast,ads,55.88,1700005795
5796,84,eu-central,ads,184.91,1700005796
5797,4921,us-east,ads,79.78,1700005797
5798,1873,us-east,subscription,26.13,1700005798
5799,584,ap-south,storage,180.2,1700005799
5800,4507,ap-south,marketplace,101.67,1700005800
5801,2008,us-west,compute,215.76,1700005801
5802,1907,eu-central,compute,23.59,1700005802
5803,26,eu-central,ads,205.23,1700005803
5804,2263,ap-south,storage,65.63,1700005804
5805,1274,ap-south,compute,205.25,1700005805
5806,4795,ap-south,ads,80.69,1700005806
5807,2022,ap-northeast,marketplace,80.92,1700005807
5808,911,us-west,compute,192.84,1700005808
5809,3679,ap-south,marketplace,201.99,1700005809
5810,1098,us-west,compute,93.66,1700005810
5811,4611,ap-south,compute,25.52,1700005811
5812,2968,eu-central,subscription,94.72,1700005812
5813,374,ap-northeast,storage,41.03,1700005813
5814,3141,us-east,subscription,74.61,1700005814
5815,2398,ap-south,marketplace,193.15,1700005815
5816,3464,ap-south,storage,36.2,1700005816
5817,2934,us-east,storage,26.33,1700005817
5818,3774,us-west,ads,206.9,1700005818
5819,3800,us-east,marketplace,96.68,1700005819
5820,2160,ap-south,compute,248.73,1700005820
5821,1884,ap-south,ads,54.91,1700005821
5822,3987,eu-central,marketplace,244.7,1700005822
5823,4343,us-east,subscription,222.28,1700005823
5824,2429,us-east,marketplace,126.31,1700005824
5825,2657,ap-south,subscription,96.45,1700005825
5826,1328,ap-northeast,subscription,83.75,1700005826
5827,3232,ap-northeast,storage,245.34,1700005827
5828,3694,us-west,compute,129.53,1700005828
5829,2460,us-east,storage,104.74,1700005829
5830,2054,us-west,ads,111.88,1700005830
5831,3091,us-west,subscription,120.08,1700005831
5832,554,us-west,marketplace,52.85,1700005832
5833,4494,ap-south,storage,104.97,1700005833
5834,1134,eu-central,compute,32.22,1700005834
5835,4334,ap-south,compute,209.14,1700005835
5836,4976,us-east,storage,224.08,1700005836
5837,248,eu-central,compute,229.71,1700005837
5838,4288,ap-south,compute,170.18,1700005838
5839,1445,us-east,marketplace,195.26,1700005839
5840,1928,eu-central,ads,87.37,1700005840
5841,209,ap-northeast,compute,193.23,1700005841
5842,3886,us-west,compute,105.11,1700005842
5843,687,eu-central,compute,213.58,1700005843
5844,3515,eu-central,ads,79.25,1700005844
5845,2636,ap-south,storage,15.39,1700005845
5846,3881,ap-northeast,compute,220.58,1700005846
5847,4095,eu-central,marketplace,64.42,1700005847
5848,3575,us-east,compute,176.41,1700005848
5849,227,us-west,compute,65.66,1700005849
5850,1483,ap-south,subscription,215.22,1700005850
5851,1067,ap-south,subscription,45.89,1700005851
5852,1443,us-west,subscription,121.05,1700005852
5853,872,us-east,storage,207.7,1700005853
5854,4015,ap-south,compute,31.05,1700005854
5855,4029,us-east,storage,41.93,1700005855
5856,2413,us-west,compute,220.88,1700005856
5857,3048,us-east,marketplace,67.78,1700005857
5858,4526,ap-south,compute,138.81,1700005858
5859,266,eu-central,subscription,235.06,1700005859
5860,3481,ap-northeast,ads,52.63,1700005860
5861,1468,us-west,ads,224.72,1700005861
5862,3386,ap-northeast,compute,4.46,1700005862
5863,2181,us-west,storage,67.89,1700005863
5864,635,us-east,storage,137.05,1700005864
5865,586,ap-south,storage,221.0,1700005865
5866,159,us-west,ads,100.62,1700005866
5867,1590,ap-south,ads,222.15,1700005867
5868,89,us-east,marketplace,146.24,1700005868
5869,1710,us-west,storage,208.95,1700005869
5870,1504,eu-central,marketplace,94.81,1700005870
5871,1834,us-east,storage,40.82,1700005871
5872,2283,ap-south,storage,244.74,1700005872
5873,4549,us-east,compute,56.35,1700005873
5874,4611,us-east,storage,189.3,1700005874
5875,2664,eu-central,ads,39.91,1700005875
5876,2866,ap-northeast,compute,204.59,1700005876
5877,4506,eu-central,ads,175.02,1700005877
5878,1794,ap-northeast,subscription,32.68,1700005878
5879,1295,ap-south,subscription,135.69,1700005879
5880,713,us-west,compute,30.35,1700005880
5881,3176,us-west,marketplace,163.4,1700005881
5882,2446,ap-northeast,storage,15.82,1700005882
5883,3527,ap-south,storage,99.39,1700005883
5884,2713,us-west,storage,215.89,1700005884
5885,4530,eu-central,marketplace,244.33,1700005885
5886,4818,ap-south,marketplace,156.23,1700005886
5887,4804,eu-central,ads,113.71,1700005887
5888,5,ap-northeast,compute,109.28,1700005888
5889,23,ap-south,storage,248.44,1700005889
5890,3382,us-east,subscription,12.1,1700005890
5891,84,us-east,compute,240.0,1700005891
5892,1408,ap-northeast,ads,42.31,1700005892
5893,637,eu-central,marketplace,220.65,1700005893
5894,1952,ap-northeast,ads,70.59,1700005894
5895,4442,ap-northeast,ads,146.61,1700005895
5896,1421,us-west,marketplace,239.32,1700005896
5897,2026,us-west,subscription,2.63,1700005897
5898,1375,us-west,marketplace,17.74,1700005898
5899,1262,eu-central,marketplace,86.67,1700005899
5900,487,us-east,compute,221.3,1700005900
5901,1854,eu-central,marketplace,82.81,1700005901
5902,274,us-west,storage,145.64,1700005902
5903,4542,ap-northeast,marketplace,174.09,1700005903
5904,1706,ap-northeast,subscription,189.01,1700005904
5905,2012,us-west,subscription,74.34,1700005905
5906,2018,ap-south,subscription,148.43,1700005906
5907,1084,us-east,compute,7.64,1700005907
5908,4623,ap-northeast,subscription,31.49,1700005908
5909,2208,eu-central,ads,41.26,1700005909
5910,4750,us-east,storage,195.24,1700005910
5911,4903,ap-south,marketplace,227.01,1700005911
5912,4925,ap-northeast,subscription,237.89,1700005912
5913,966,us-west,subscription,241.78,1700005913
5914,3289,us-west,ads,120.8,1700005914
5915,2532,ap-northeast,marketplace,70.19,1700005915
5916,538,us-east,storage,46.38,1700005916
5917,2198,us-east,compute,51.58,1700005917
5918,3672,eu-central,compute,246.51,1700005918
5919,802,ap-northeast,subscription,46.02,1700005919
5920,3657,us-east,subscription,25.87,1700005920
5921,3051,us-west,storage,32.9,1700005921
5922,3470,eu-central,storage,80.31,1700005922
5923,4168,ap-south,marketplace,96.39,1700005923
5924,1163,us-east,compute,107.01,1700005924
5925,3675,us-west,ads,2.12,1700005925
5926,4859,us-west,compute,225.69,1700005926
5927,2584,us-west,marketplace,16.21,1700005927
5928,1362,us-east,ads,89.1,1700005928
5929,1887,eu-central,marketplace,3.47,1700005929
5930,771,eu-central,subscription,180.23,1700005930
5931,1144,us-east,compute,160.32,1700005931
5932,2454,us-west,ads,129.84,1700005932
5933,3618,ap-south,compute,115.79,1700005933
5934,1145,eu-central,storage,151.76,1700005934
5935,1040,eu-central,marketplace,215.13,1700005935
5936,1257,us-east,compute,136.77,1700005936
5937,2084,eu-central,compute,198.01,1700005937
5938,4840,us-west,ads,76.33,1700005938
5939,4447,ap-south,storage,11.32,1700005939
5940,4037,ap-south,compute,50.37,1700005940
5941,1712,us-west,subscription,147.64,1700005941
5942,4573,ap-south,marketplace,24.72,1700005942
5943,469,us-west,marketplace,117.35,1700005943
5944,4448,eu-central,storage,69.46,1700005944
5945,4258,eu-central,compute,196.62,1700005945
5946,2944,ap-northeast,compute,48.83,1700005946
5947,4436,us-west,marketplace,175.17,1700005947
5948,3915,us-west,storage,197.35,1700005948
5949,148,ap-northeast,marketplace,100.08,1700005949
5950,1027,ap-northeast,subscription,91.24,1700005950
5951,1776,eu-central,marketplace,20.96,1700005951
5952,4798,ap-south,subscription,139.31,1700005952
5953,1415,us-west,marketplace,3.15,1700005953
5954,871,ap-northeast,subscription,88.81,1700005954
5955,3324,us-west,marketplace,112.36,1700005955
5956,4526,ap-south,subscription,147.66,1700005956
5957,2064,us-west,ads,23.57,1700005957
5958,1389,us-west,subscription,230.59,1700005958
5959,715,eu-central,compute,143.78,1700005959
5960,4867,us-east,ads,151.77,1700005960
5961,3421,ap-south,subscription,208.04,1700005961
5962,3633,us-east,subscription,103.07,1700005962
5963,3,eu-central,marketplace,207.18,1700005963
5964,432,ap-northeast,marketplace,108.15,1700005964
5965,1517,us-east,storage,209.15,1700005965
5966,323,us-east,subscription,154.02,1700005966
5967,409,us-east,compute,55.68,1700005967
5968,3038,us-west,compute,155.18,1700005968
5969,1102,us-west,marketplace,209.25,1700005969
5970,768,us-east,compute,56.33,1700005970
5971,48,us-east,storage,241.31,1700005971
5972,4333,us-west,storage,121.98,1700005972
5973,306,eu-central,storage,70.97,1700005973
5974,909,ap-south,ads,119.03,1700005974
5975,3572,us-west,storage,71.06,1700005975
5976,4307,eu-central,ads,4.67,1700005976
5977,2668,us-west,storage,44.19,1700005977
5978,2224,ap-south,ads,111.73,1700005978
5979,3487,us-west,subscription,168.65,1700005979
5980,1685,us-west,storage,29.55,1700005980
5981,2122,eu-central,ads,241.28,1700005981
5982,2455,us-west,subscription,179.14,1700005982
5983,3188,eu-central,marketplace,225.08,1700005983
5984,2357,us-east,subscription,115.48,1700005984
5985,3801,ap-south,storage,131.32,1700005985
5986,3905,ap-south,ads,106.08,1700005986
5987,1708,eu-central,compute,73.79,1700005987
5988,369,eu-central,storage,202.4,1700005988
5989,3878,eu-central,marketplace,25.92,1700005989
5990,4510,ap-south,ads,249.5,1700005990
5991,4051,ap-northeast,compute,141.59,1700005991
5992,1413,eu-central,subscription,11.25,1700005992
5993,1382,eu-central,compute,55.58,1700005993
5994,2521,eu-central,marketplace,20.36,1700005994
5995,4065,us-west,subscription,67.9,1700005995
5996,3510,eu-central,subscription,125.74,1700005996
5997,3185,ap-northeast,marketplace,112.71,1700005997
5998,89,us-west,marketplace,218.66,1700005998
5999,4392,eu-central,subscription,95.25,1700005999
6000,1121,ap-south,compute,142.39,1700006000
6001,2301,ap-south,subscription,50.27,1700006001
6002,3555,eu-central,ads,163.56,1700006002
6003,27,ap-northeast,marketplace,57.56,1700006003
6004,2763,eu-central,storage,185.74,1700006004
6005,2195,us-west,ads,98.31,1700006005
6006,2282,us-west,marketplace,195.28,1700006006
6007,4944,us-east,ads,145.81,1700006007
6008,1806,ap-south,compute,20.34,1700006008
6009,3501,us-east,marketplace,122.69,1700006009
6010,3364,us-east,marketplace,56.31,1700006010
6011,4139,ap-northeast,marketplace,69.68,1700006011
6012,3745,us-east,storage,182.21,1700006012
6013,675,ap-northeast,storage,210.97,1700006013
6014,2879,ap-south,marketplace,224.13,1700006014
6015,3829,us-west,storage,189.0,1700006015
6016,3311,ap-northeast,ads,92.57,1700006016
6017,2433,us-east,compute,93.82,1700006017
6018,4240,ap-northeast,compute,9.36,1700006018
6019,490,us-west,storage,119.37,1700006019
6020,1368,ap-northeast,ads,3.76,1700006020
6021,4236,eu-central,marketplace,11.21,1700006021
6022,3723,ap-northeast,storage,6.09,1700006022
6023,1935,eu-central,storage,188.47,1700006023
6024,3510,us-east,marketplace,224.96,1700006024
6025,1867,us-west,storage,67.49,1700006025
6026,3481,ap-northeast,compute,62.17,1700006026
6027,222,ap-south,storage,161.51,1700006027
6028,1729,us-east,storage,118.28,1700006028
6029,986,ap-northeast,subscription,46.58,1700006029
6030,1503,ap-south,storage,222.08,1700006030
6031,3895,ap-northeast,marketplace,194.25,1700006031
6032,133,ap-northeast,storage,127.51,1700006032
6033,4154,ap-south,marketplace,55.29,1700006033
6034,2700,ap-northeast,ads,97.42,1700006034
6035,1682,ap-northeast,storage,51.88,1700006035
6036,1386,ap-northeast,compute,217.25,1700006036
6037,4127,ap-south,storage,6.99,1700006037
6038,2580,eu-central,ads,211.12,1700006038
6039,2480,ap-northeast,subscription,35.61,1700006039
6040,967,ap-south,ads,66.33,1700006040
6041,4596,ap-south,ads,136.72,1700006041
6042,3289,ap-south,ads,102.38,1700006042
6043,1688,us-west,ads,190.87,1700006043
6044,3295,us-west,compute,232.8,1700006044
6045,122,ap-south,subscription,235.93,1700006045
6046,4754,ap-northeast,subscription,191.92,1700006046
6047,4170,ap-northeast,ads,168.55,1700006047
6048,4642,ap-northeast,subscription,123.14,1700006048
6049,4603,us-west,storage,175.9,1700006049
6050,1672,us-west,storage,23.52,1700006050
6051,50,ap-northeast,storage,205.77,1700006051
6052,2523,ap-northeast,marketplace,43.73,1700006052
6053,4812,eu-central,subscription,8.52,1700006053
6054,4845,ap-northeast,subscription,243.15,1700006054
6055,714,us-west,marketplace,76.32,1700006055
6056,4928,us-east,ads,71.29,1700006056
6057,4634,ap-northeast,storage,112.96,1700006057
6058,3117,ap-northeast,subscription,16.81,1700006058
6059,2786,ap-northeast,storage,48.27,1700006059
6060,3014,eu-central,compute,133.09,1700006060
6061,2225,us-west,compute,228.2,1700006061
6062,2277,us-west,ads,174.65,1700006062
6063,618,ap-south,compute,28.8,1700006063
6064,3863,ap-northeast,ads,97.2,1700006064
6065,3088,eu-central,subscription,169.77,1700006065
6066,2816,ap-northeast,compute,216.06,1700006066
6067,425,us-east,storage,162.97,1700006067
6068,2070,ap-northeast,subscription,225.41,1700006068
6069,4187,us-east,marketplace,1.37,1700006069
6070,3677,us-east,ads,119.51,1700006070
6071,4908,us-west,storage,158.07,1700006071
6072,349,ap-south,ads,51.69,1700006072
6073,4204,ap-northeast,ads,129.88,1700006073
6074,538,ap-south,subscription,101.13,1700006074
6075,4332,us-west,compute,236.52,1700006075
6076,4508,us-west,marketplace,208.4,1700006076
6077,4314,eu-central,ads,165.47,1700006077
6078,158,ap-south,subscription,129.57,1700006078
6079,4747,eu-central,compute,46.78,1700006079
6080,3826,eu-central,ads,19.74,1700006080
6081,4423,us-east,storage,234.33,1700006081
6082,921,ap-northeast,storage,214.79,1700006082
6083,1405,ap-south,storage,98.59,1700006083
6084,128,ap-northeast,ads,133.07,1700006084
6085,138,us-west,compute,30.89,1700006085
6086,466,us-west,storage,49.46,1700006086
6087,2168,eu-central,marketplace,55.37,1700006087
6088,4874,ap-south,subscription,160.84,1700006088
6089,2737,ap-northeast,storage,225.1,1700006089
6090,666,us-west,ads,184.21,1700006090
6091,2419,us-west,marketplace,41.41,1700006091
6092,3064,us-west,storage,149.57,1700006092
6093,4797,us-east,subscription,239.25,1700006093
6094,3757,eu-central,subscription,3.23,1700006094
6095,4517,eu-central,compute,113.39,1700006095
6096,482,us-west,compute,94.8,1700006096
6097,3678,us-east,subscription,229.65,1700006097
6098,2406,us-west,storage,80.24,1700006098
6099,2526,us-east,marketplace,89.36,1700006099
6100,3481,eu-central,compute,188.72,1700006100
6101,4365,ap-south,marketplace,194.94,1700006101
6102,2281,us-east,subscription,218.55,1700006102
6103,2229,ap-northeast,compute,37.57,1700006103
6104,2886,ap-northeast,storage,249.52,1700006104
6105,2038,ap-northeast,marketplace,69.83,1700006105
6106,3278,ap-south,subscription,249.77,1700006106
6107,1042,us-west,storage,10.57,1700006107
6108,3304,ap-south,compute,194.09,1700006108
6109,4334,ap-south,marketplace,146.74,1700006109
6110,1060,eu-central,compute,78.29,1700006110
6111,3970,us-west,subscription,187.38,1700006111
6112,2102,us-west,compute,131.58,1700006112
6113,1512,us-west,storage,141.36,1700006113
6114,1056,us-east,storage,104.82,1700006114
6115,596,ap-south,compute,146.27,1700006115
6116,1450,us-west,marketplace,94.86,1700006116
6117,4834,ap-northeast,subscription,147.41,1700006117
6118,4942,ap-northeast,subscription,54.62,1700006118
6119,4529,ap-south,storage,139.44,1700006119
6120,3802,ap-south,storage,153.12,1700006120
6121,3049,ap-south,ads,75.98,1700006121
6122,2024,eu-central,compute,43.99,1700006122
6123,4287,eu-central,compute,203.46,1700006123
6124,784,eu-central,subscription,151.18,1700006124
6125,1554,ap-northeast,ads,39.53,1700006125
6126,1033,ap-south,ads,8.3,1700006126
6127,545,eu-central,marketplace,13.37,1700006127
6128,3821,ap-south,subscription,210.18,1700006128
6129,552,eu-central,subscription,213.37,1700006129
6130,2329,ap-northeast,ads,55.21,1700006130
6131,969,us-east,subscription,129.63,1700006131
6132,4710,ap-south,marketplace,38.92,1700006132
6133,4453,ap-south,subscription,9.26,1700006133
6134,4425,ap-south,marketplace,208.37,1700006134
6135,3144,eu-central,subscription,185.83,1700006135
6136,1110,eu-central,ads,83.05,1700006136
6137,1240,us-east,compute,46.48,1700006137
6138,2760,us-west,ads,142.99,1700006138
6139,3969,ap-south,storage,152.55,1700006139
6140,839,ap-northeast,marketplace,140.12,1700006140
6141,3283,us-west,compute,235.1,1700006141
6142,4467,us-east,marketplace,101.17,1700006142
6143,1079,us-east,ads,118.99,1700006143
6144,2986,us-west,ads,112.69,1700006144
6145,3347,ap-south,ads,234.18,1700006145
6146,3528,ap-northeast,marketplace,244.56,1700006146
6147,1253,eu-central,ads,78.1,1700006147
6148,2518,ap-south,marketplace,31.01,1700006148
6149,1339,eu-central,subscription,241.13,1700006149
6150,1591,ap-south,compute,79.62,1700006150
6151,3316,us-east,ads,13.91,1700006151
6152,4016,ap-south,subscription,160.95,1700006152
6153,601,ap-south,marketplace,16.47,1700006153
6154,3433,us-east,compute,190.69,1700006154
6155,1470,us-east,subscription,174.06,1700006155
6156,4783,ap-northeast,ads,148.11,1700006156
6157,4225,ap-south,subscription,53.28,1700006157
6158,331,us-west,marketplace,183.21,1700006158
6159,2408,eu-central,marketplace,211.81,1700006159
6160,2348,ap-northeast,compute,1.02,1700006160
6161,2220,ap-south,storage,7.39,1700006161
6162,4379,ap-south,subscription,193.84,1700006162
6163,2583,us-east,ads,173.27,1700006163
6164,3854,ap-south,marketplace,19.98,1700006164
6165,4984,us-east,storage,157.84,1700006165
6166,4566,eu-central,ads,121.35,1700006166
6167,1958,us-west,compute,148.68,1700006167
6168,643,eu-central,marketplace,96.5,1700006168
6169,2096,us-east,compute,203.67,1700006169
6170,4574,eu-central,compute,1.36,1700006170
6171,2838,ap-northeast,ads,182.5,1700006171
6172,782,eu-central,storage,65.88,1700006172
6173,3215,eu-central,subscription,150.97,1700006173
6174,959,ap-south,ads,162.01,1700006174
6175,3874,us-east,ads,71.98,1700006175
6176,4816,us-west,ads,179.49,1700006176
6177,2613,eu-central,ads,135.35,1700006177
6178,151,us-west,compute,230.86,1700006178
6179,4473,us-west,subscription,21.28,1700006179
6180,4421,us-east,subscription,147.55,1700006180
6181,3225,us-west,ads,60.4,1700006181
6182,3046,ap-northeast,compute,100.44,1700006182
6183,2284,us-east,storage,134.01,1700006183
6184,102,us-west,storage,81.1,1700006184
6185,4982,eu-central,ads,242.74,1700006185
6186,3131,eu-central,storage,177.61,1700006186
6187,1693,us-west,subscription,86.29,1700006187
6188,3421,us-west,subscription,14.82,1700006188
6189,1556,ap-northeast,storage,75.7,1700006189
6190,170,ap-northeast,compute,225.1,1700006190
6191,3539,ap-south,ads,126.89,1700006191
6192,4958,ap-northeast,storage,248.11,1700006192
6193,349,ap-northeast,subscription,11.22,1700006193
6194,963,ap-northeast,compute,24.07,1700006194
6195,2312,us-west,ads,23.88,1700006195
6196,1190,ap-south,storage,25.96,1700006196
6197,2747,ap-northeast,marketplace,138.83,1700006197
6198,4595,us-east,marketplace,41.59,1700006198
6199,3272,us-west,subscription,164.88,1700006199
6200,913,ap-northeast,storage,9.05,1700006200
6201,3726,us-west,subscription,5.5,1700006201
6202,1851,ap-northeast,storage,169.85,1700006202
6203,3900,ap-south,marketplace,91.48,1700006203
6204,2282,eu-central,storage,181.88,1700006204
6205,465,ap-northeast,subscription,229.71,1700006205
6206,1612,us-east,storage,187.93,1700006206
6207,2370,ap-south,ads,205.9,1700006207
6208,4689,eu-central,subscription,144.57,1700006208
6209,3451,ap-south,storage,249.45,1700006209
6210,1084,ap-south,subscription,62.8,1700006210
6211,4721,ap-south,ads,91.46,1700006211
6212,112,us-west,storage,19.34,1700006212
6213,4380,eu-central,ads,33.31,1700006213
6214,3983,ap-northeast,storage,2.48,1700006214
6215,3181,ap-northeast,storage,13.06,1700006215
6216,425,ap-south,subscription,11.34,1700006216
6217,3243,us-west,storage,207.48,1700006217
6218,3039,us-east,subscription,183.0,1700006218
6219,719,ap-south,marketplace,209.52,1700006219
6220,4465,ap-northeast,ads,3.73,1700006220
6221,1773,ap-northeast,ads,148.5,1700006221
6222,1351,us-east,subscription,160.13,1700006222
6223,1173,eu-central,subscription,6.8,1700006223
6224,2149,eu-central,subscription,172.45,1700006224
6225,3769,eu-central,compute,117.41,1700006225
6226,4895,eu-central,subscription,214.51,1700006226
6227,4707,us-west,storage,11.37,1700006227
6228,4370,ap-south,ads,34.13,1700006228
6229,3797,eu-central,storage,233.68,1700006229
6230,2636,eu-central,marketplace,245.39,1700006230
6231,4838,us-west,ads,80.44,1700006231
6232,4562,ap-northeast,marketplace,173.68,1700006232
6233,2699,us-west,compute,23.55,1700006233
6234,4567,us-east,compute,31.07,1700006234
6235,4490,ap-northeast,storage,87.62,1700006235
6236,2871,ap-northeast,subscription,71.56,1700006236
6237,2319,eu-central,storage,245.11,1700006237
6238,1286,us-west,compute,198.76,1700006238
6239,3040,us-west,ads,123.84,1700006239
6240,4056,us-east,marketplace,175.15,1700006240
6241,3113,us-east,subscription,242.41,1700006241
6242,3346,us-east,storage,210.25,1700006242
6243,2537,ap-northeast,storage,8.59,1700006243
6244,86,eu-central,storage,216.06,1700006244
6245,1264,ap-south,storage,4.99,1700006245
6246,1612,eu-central,ads,92.13,1700006246
6247,2992,us-east,ads,94.24,1700006247
6248,1631,us-east,ads,110.86,1700006248
6249,739,ap-south,storage,202.43,1700006249
6250,2589,ap-south,ads,87.37,1700006250
6251,3605,ap-northeast,ads,93.98,1700006251
6252,1469,eu-central,marketplace,19.69,1700006252
6253,2010,ap-northeast,marketplace,77.59,1700006253
6254,4647,eu-central,ads,177.7,1700006254
6255,2165,eu-central,subscription,25.17,1700006255
6256,2621,ap-south,compute,14.55,1700006256
6257,3771,us-east,compute,233.46,1700006257
6258,655,ap-northeast,compute,133.35,1700006258
6259,3562,eu-central,storage,145.6,1700006259
6260,3520,eu-central,storage,221.41,1700006260
6261,4537,us-west,subscription,220.4,1700006261
6262,4975,ap-south,marketplace,157.17,1700006262
6263,4584,ap-south,storage,137.19,1700006263
6264,57,eu-central,storage,13.24,1700006264
6265,1522,us-west,storage,212.04,1700006265
6266,727,ap-northeast,marketplace,61.85,1700006266
6267,49,us-east,compute,47.22,1700006267
6268,210,ap-northeast,marketplace,108.69,1700006268
6269,1982,us-west,subscription,212.73,1700006269
6270,1177,ap-northeast,storage,53.96,1700006270
6271,1092,us-west,compute,249.57,1700006271
6272,3317,eu-central,marketplace,10.94,1700006272
6273,4594,us-west,marketplace,60.78,1700006273
6274,1343,ap-south,storage,94.64,1700006274
6275,4864,us-west,marketplace,42.17,1700006275
6276,3879,us-west,compute,233.33,1700006276
6277,1307,us-west,compute,217.0,1700006277
6278,1153,us-east,subscription,60.34,1700006278
6279,1494,us-east,compute,24.39,1700006279
6280,2,us-east,storage,154.59,1700006280
6281,1868,us-west,compute,70.45,1700006281
6282,1133,us-west,marketplace,124.17,1700006282
6283,579,ap-northeast,compute,131.79,1700006283
6284,4982,us-east,storage,83.52,1700006284
6285,2631,us-east,marketplace,210.84,1700006285
6286,2803,us-west,storage,15.34,1700006286
6287,3626,eu-central,storage,142.53,1700006287
6288,4992,ap-northeast,ads,51.23,1700006288
6289,1812,us-east,ads,1.94,1700006289
6290,3223,eu-central,subscription,54.15,1700006290
6291,1268,us-west,storage,248.23,1700006291
6292,1234,us-west,storage,112.9,1700006292
6293,3825,us-west,subscription,234.87,1700006293
6294,3393,ap-northeast,ads,238.78,1700006294
6295,3292,eu-central,storage,8.04,1700006295
6296,3629,us-east,subscription,140.07,1700006296
6297,429,us-west,storage,199.6,1700006297
6298,2745,ap-northeast,marketplace,43.2,1700006298
6299,4125,eu-central,subscription,157.91,1700006299
6300,695,us-east,storage,197.98,1700006300
6301,2438,us-east,subscription,224.55,1700006301
6302,2214,us-east,storage,118.84,1700006302
6303,3006,ap-northeast,subscription,107.58,1700006303
6304,3443,us-west,marketplace,142.72,1700006304
6305,20,ap-south,subscription,4.43,1700006305
6306,328,us-west,storage,48.54,1700006306
6307,4165,eu-central,storage,220.88,1700006307
6308,2150,ap-south,ads,71.4,1700006308
6309,3669,eu-central,marketplace,149.16,1700006309
6310,4803,us-west,ads,131.16,1700006310
6311,1783,ap-northeast,compute,170.17,1700006311
6312,4705,ap-northeast,marketplace,210.69,1700006312
6313,4901,us-east,marketplace,150.09,1700006313
6314,4146,ap-south,ads,147.73,1700006314
6315,2581,eu-central,ads,216.83,1700006315
6316,4893,us-west,subscription,206.06,1700006316
6317,3576,eu-central,subscription,32.76,1700006317
6318,1823,ap-northeast,marketplace,223.4,1700006318
6319,831,us-west,ads,40.08,1700006319
6320,4490,ap-northeast,compute,201.59,1700006320
6321,612,us-east,marketplace,154.36,1700006321
6322,4608,eu-central,subscription,63.62,1700006322
6323,34,us-east,subscription,171.58,1700006323
6324,3580,us-west,subscription,227.5,1700006324
6325,4847,ap-northeast,marketplace,234.82,1700006325
6326,2460,us-west,subscription,85.91,1700006326
6327,3778,ap-northeast,storage,16.99,1700006327
6328,4206,ap-northeast,compute,36.19,1700006328
6329,1055,us-west,storage,131.94,1700006329
6330,4474,ap-south,ads,83.13,1700006330
6331,4479,eu-central,ads,97.6,1700006331
6332,406,ap-south,ads,246.87,1700006332
6333,1638,eu-central,compute,160.97,1700006333
6334,3284,eu-central,storage,187.15,1700006334
6335,4711,ap-northeast,compute,243.14,1700006335
6336,2221,ap-south,ads,188.51,1700006336
6337,2659,ap-northeast,storage,171.99,1700006337
6338,2207,ap-northeast,storage,49.01,1700006338
6339,4437,us-west,ads,214.22,1700006339
6340,3644,us-west,subscription,99.35,1700006340
6341,978,us-east,compute,15.78,1700006341
6342,1153,ap-south,ads,96.66,1700006342
6343,1085,us-east,ads,105.25,1700006343
6344,2920,eu-central,storage,171.41,1700006344
6345,3329,eu-central,marketplace,125.32,1700006345
6346,4283,ap-south,marketplace,82.62,1700006346
6347,2937,ap-south,marketplace,25.87,1700006347
6348,1411,eu-central,storage,108.31,1700006348
6349,47,us-east,ads,97.22,1700006349
6350,3657,eu-central,compute,196.94,1700006350
6351,3400,ap-northeast,subscription,73.5,1700006351
6352,471,eu-central,ads,104.27,1700006352
6353,2891,eu-central,marketplace,27.52,1700006353
6354,1435,eu-central,marketplace,65.74,1700006354
6355,4197,ap-northeast,compute,118.61,1700006355
6356,2426,us-east,subscription,200.62,1700006356
6357,1653,us-west,compute,102.23,1700006357
6358,4378,ap-south,ads,128.63,1700006358
6359,1912,eu-central,storage,216.95,1700006359
6360,521,ap-south,ads,239.62,1700006360
6361,3345,us-west,ads,220.59,1700006361
6362,2444,eu-central,subscription,229.16,1700006362
6363,4200,ap-south,ads,44.17,1700006363
6364,2727,us-east,compute,153.25,1700006364
6365,4381,us-west,ads,245.8,1700006365
6366,2278,us-east,subscription,68.01,1700006366
6367,4739,us-east,compute,192.77,1700006367
6368,543,ap-northeast,storage,149.5,1700006368
6369,4718,ap-south,subscription,210.33,1700006369
6370,2758,us-west,compute,67.91,1700006370
6371,1719,eu-central,storage,152.74,1700006371
6372,4315,us-east,marketplace,80.13,1700006372
6373,347,ap-south,subscription,89.13,1700006373
6374,3094,ap-south,marketplace,246.98,1700006374
6375,117,ap-northeast,marketplace,125.07,1700006375
6376,1825,ap-northeast,marketplace,169.53,1700006376
6377,2759,ap-northeast,compute,12.24,1700006377
6378,3541,us-east,subscription,179.59,1700006378
6379,2056,eu-central,subscription,163.02,1700006379
6380,363,us-west,ads,89.09,1700006380
6381,4346,ap-northeast,subscription,83.7,1700006381
6382,2297,ap-northeast,ads,117.69,1700006382
6383,2558,us-west,ads,57.61,1700006383
6384,4617,ap-south,storage,118.32,1700006384
6385,4363,ap-south,storage,91.28,1700006385
6386,2993,us-east,marketplace,17.61,1700006386
6387,3485,eu-central,compute,180.69,1700006387
6388,1651,us-east,compute,130.97,1700006388
6389,1058,ap-northeast,marketplace,196.89,1700006389
6390,4260,ap-south,compute,201.69,1700006390
6391,2265,us-east,compute,105.65,1700006391
6392,2005,us-west,subscription,242.8,1700006392
6393,3518,us-east,marketplace,180.92,1700006393
6394,3087,ap-northeast,marketplace,42.27,1700006394
6395,3441,ap-south,marketplace,232.09,1700006395
6396,1719,us-east,storage,48.92,1700006396
6397,21,ap-south,storage,46.27,1700006397
6398,4837,us-west,ads,93.51,1700006398
6399,4339,us-east,storage,135.68,1700006399
6400,1226,eu-central,subscription,221.7,1700006400
6401,2964,eu-central,compute,78.79,1700006401
6402,4496,ap-northeast,ads,233.46,1700006402
6403,1252,us-west,subscription,115.58,1700006403
6404,1184,us-west,storage,30.64,1700006404
6405,4118,ap-northeast,ads,245.19,1700006405
6406,1403,us-west,storage,170.15,1700006406
6407,4696,us-east,ads,177.4,1700006407
6408,3510,eu-central,marketplace,218.36,1700006408
6409,4442,ap-south,ads,168.1,1700006409
6410,4524,eu-central,storage,246.12,1700006410
6411,4759,eu-central,marketplace,18.58,1700006411
6412,3647,ap-south,storage,79.18,1700006412
6413,1660,ap-northeast,compute,20.27,1700006413
6414,4462,ap-northeast,compute,171.69,1700006414
6415,3707,us-west,storage,129.03,1700006415
6416,2890,ap-northeast,ads,80.78,1700006416
6417,4936,us-east,compute,145.68,1700006417
6418,3028,ap-northeast,compute,190.76,1700006418
6419,3200,us-west,storage,206.87,1700006419
6420,1722,ap-northeast,marketplace,138.07,1700006420
6421,3632,ap-south,subscription,131.76,1700006421
6422,1275,us-east,storage,100.25,1700006422
6423,1237,us-west,compute,100.39,1700006423
6424,892,us-west,ads,233.98,1700006424
6425,4937,us-east,marketplace,184.82,1700006425
6426,4483,ap-northeast,ads,39.52,1700006426
6427,4646,ap-northeast,compute,161.25,1700006427
6428,806,ap-northeast,subscription,204.05,1700006428
6429,218,ap-south,ads,228.94,1700006429
6430,3179,ap-northeast,ads,218.4,1700006430
6431,386,ap-south,compute,33.86,1700006431
6432,3941,us-west,compute,139.15,1700006432
6433,3176,ap-northeast,compute,223.47,1700006433
6434,1835,eu-central,compute,166.03,1700006434
6435,3578,eu-central,compute,225.63,1700006435
6436,379,us-west,marketplace,12.02,1700006436
6437,4021,eu-central,storage,128.25,1700006437
6438,3390,ap-northeast,subscription,249.14,1700006438
6439,1565,eu-central,marketplace,172.94,1700006439
6440,109,ap-south,storage,59.8,1700006440
6441,832,us-west,subscription,25.94,1700006441
6442,2698,eu-central,ads,170.66,1700006442
6443,2608,ap-south,ads,90.01,1700006443
6444,767,ap-northeast,storage,154.85,1700006444
6445,1824,ap-northeast,marketplace,178.02,1700006445
6446,2296,eu-central,ads,78.48,1700006446
6447,4171,ap-northeast,subscription,27.06,1700006447
6448,626,eu-central,ads,77.83,1700006448
6449,3960,us-east,ads,188.38,1700006449
6450,1859,eu-central,ads,50.41,1700006450
6451,4389,ap-south,ads,81.75,1700006451
6452,3224,ap-northeast,compute,19.59,1700006452
6453,307,ap-northeast,storage,219.71,1700006453
6454,3690,ap-northeast,storage,134.89,1700006454
6455,1165,us-west,marketplace,201.27,1700006455
6456,2188,eu-central,storage,128.58,1700006456
6457,2158,ap-south,storage,144.05,1700006457
6458,2404,us-east,subscription,205.03,1700006458
6459,3468,ap-south,marketplace,203.79,1700006459
6460,544,ap-south,subscription,234.47,1700006460
6461,2616,ap-south,subscription,189.84,1700006461
6462,4146,us-west,ads,89.41,1700006462
6463,4082,eu-central,storage,176.9,1700006463
6464,1313,ap-northeast,subscription,165.97,1700006464
6465,1914,us-east,compute,98.98,1700006465
6466,4584,us-west,ads,35.04,1700006466
6467,727,eu-central,compute,92.7,1700006467
6468,2493,us-west,subscription,57.43,1700006468
6469,2459,us-east,storage,213.78,1700006469
6470,3055,us-east,compute,87.39,1700006470
6471,2084,ap-northeast,subscription,146.19,1700006471
6472,3188,us-east,storage,227.69,1700006472
6473,2457,eu-central,storage,211.79,1700006473
6474,2086,ap-south,subscription,182.06,1700006474
6475,2830,ap-northeast,marketplace,136.65,1700006475
6476,675,ap-south,marketplace,185.44,1700006476
6477,4996,us-east,storage,16.85,1700006477
6478,25,eu-central,ads,237.13,1700006478
6479,1357,us-east,compute,166.44,1700006479
6480,3314,ap-northeast,compute,18.88,1700006480
6481,2349,us-east,subscription,197.15,1700006481
6482,2457,eu-central,storage,97.26,1700006482
6483,480,ap-northeast,marketplace,204.51,1700006483
6484,1667,ap-south,storage,72.66,1700006484
6485,1053,ap-northeast,subscription,134.47,1700006485
6486,2365,us-west,subscription,192.89,1700006486
6487,235,us-west,storage,240.47,1700006487
6488,2850,us-east,compute,181.78,1700006488
6489,4794,ap-south,subscription,30.03,1700006489
6490,1546,ap-south,storage,113.65,1700006490
6491,1009,ap-northeast,storage,247.5,1700006491
6492,3391,ap-south,ads,1.37,1700006492
6493,2568,ap-south,subscription,70.19,1700006493
6494,263,us-west,subscription,34.28,1700006494
6495,1804,eu-central,compute,147.51,1700006495
6496,325,us-east,subscription,181.57,1700006496
6497,3469,ap-northeast,subscription,222.88,1700006497
6498,4000,eu-central,compute,185.35,1700006498
6499,769,ap-south,storage,153.95,1700006499
6500,2683,us-west,marketplace,69.74,1700006500
6501,3307,us-east,marketplace,74.15,1700006501
6502,1346,us-west,subscription,194.44,1700006502
6503,2871,us-east,storage,76.71,1700006503
6504,3240,eu-central,storage,220.54,1700006504
6505,1148,ap-south,ads,28.4,1700006505
6506,3144,us-west,storage,188.15,1700006506
6507,3110,us-west,ads,142.34,1700006507
6508,2923,ap-south,compute,158.79,1700006508
6509,2917,ap-northeast,subscription,160.2,1700006509
6510,3982,ap-south,storage,212.85,1700006510
6511,2153,us-east,marketplace,152.36,1700006511
6512,216,us-west,compute,81.52,1700006512
6513,1466,eu-central,marketplace,16.82,1700006513
6514,1707,eu-central,marketplace,231.41,1700006514
6515,2096,ap-northeast,storage,120.8,1700006515
6516,1480,ap-northeast,compute,57.94,1700006516
6517,7,eu-central,storage,189.0,1700006517
6518,1913,us-east,marketplace,231.36,1700006518
6519,2261,ap-south,ads,94.07,1700006519
6520,3951,eu-central,compute,207.54,1700006520
6521,1220,eu-central,ads,29.5,1700006521
6522,4820,ap-south,compute,129.75,1700006522
6523,4831,eu-central,subscription,16.82,1700006523
6524,67,eu-central,ads,146.21,1700006524
6525,2339,us-west,storage,124.39,1700006525
6526,3568,ap-south,ads,128.94,1700006526
6527,425,ap-northeast,marketplace,126.01,1700006527
6528,490,us-east,compute,120.63,1700006528
6529,1993,us-east,marketplace,52.33,1700006529
6530,691,eu-central,ads,234.64,1700006530
6531,2050,us-west,storage,120.86,1700006531
6532,3380,us-west,ads,236.38,1700006532
6533,122,ap-south,compute,20.33,1700006533
6534,3737,us-east,ads,154.17,1700006534
6535,3321,ap-northeast,marketplace,106.39,1700006535
6536,1056,eu-central,storage,209.9,1700006536
6537,3331,ap-northeast,ads,36.55,1700006537
6538,3505,ap-northeast,subscription,61.85,1700006538
6539,591,eu-central,marketplace,45.62,1700006539
6540,1608,us-east,storage,9.28,1700006540
6541,1513,us-west,ads,47.07,1700006541
6542,4115,ap-south,marketplace,244.22,1700006542
6543,2746,us-east,marketplace,228.96,1700006543
6544,1132,us-west,marketplace,185.48,1700006544
6545,786,eu-central,subscription,7.8,1700006545
6546,3350,ap-south,ads,26.67,1700006546
6547,618,eu-central,marketplace,184.9,1700006547
6548,4640,us-west,ads,24.77,1700006548
6549,3292,ap-south,subscription,52.25,1700006549
6550,4255,us-west,subscription,34.79,1700006550
6551,1120,eu-central,ads,8.85,1700006551
6552,2618,us-west,compute,33.49,1700006552
6553,1443,us-east,marketplace,95.07,1700006553
6554,226,us-east,compute,189.62,1700006554
6555,619,us-east,subscription,64.75,1700006555
6556,2513,us-west,subscription,144.39,1700006556
6557,1577,us-west,subscription,91.54,1700006557
6558,4236,ap-south,ads,199.36,1700006558
6559,1297,us-west,compute,64.29,1700006559
6560,3373,eu-central,marketplace,32.43,1700006560
6561,2493,us-west,compute,100.53,1700006561
6562,2441,ap-northeast,storage,107.62,1700006562
6563,41,us-west,marketplace,146.33,1700006563
6564,3523,ap-south,subscription,67.64,1700006564
6565,447,ap-northeast,marketplace,62.63,1700006565
6566,3718,ap-south,subscription,69.91,1700006566
6567,4693,ap-northeast,marketplace,45.16,1700006567
6568,3866,us-west,marketplace,101.79,1700006568
6569,755,eu-central,subscription,249.32,1700006569
6570,3312,eu-central,marketplace,141.12,1700006570
6571,544,eu-central,storage,191.24,1700006571
6572,3196,us-west,marketplace,197.1,1700006572
6573,4186,us-east,compute,229.11,1700006573
6574,3412,eu-central,ads,67.38,1700006574
6575,3027,us-west,subscription,101.68,1700006575
6576,4765,eu-central,subscription,72.85,1700006576
6577,3618,eu-central,storage,109.14,1700006577
6578,2604,us-west,marketplace,52.89,1700006578
6579,4756,ap-south,subscription,190.71,1700006579
6580,4724,ap-northeast,marketplace,187.24,1700006580
6581,1263,eu-central,subscription,219.48,1700006581
6582,3181,ap-south,compute,38.53,1700006582
6583,846,eu-central,storage,21.37,1700006583
6584,3750,ap-south,subscription,186.49,1700006584
6585,4482,us-west,marketplace,68.59,1700006585
6586,2348,ap-south,compute,82.8,1700006586
6587,3516,us-west,compute,7.51,1700006587
6588,830,ap-south,compute,37.63,1700006588
6589,4633,ap-south,compute,160.09,1700006589
6590,4985,ap-northeast,ads,104.4,1700006590
6591,2904,us-west,compute,21.74,1700006591
6592,3225,ap-northeast,subscription,173.96,1700006592
6593,725,us-east,subscription,6.76,1700006593
6594,1706,ap-south,subscription,95.51,1700006594
6595,3863,us-west,ads,235.8,1700006595
6596,2244,ap-northeast,compute,106.48,1700006596
6597,3949,ap-northeast,ads,139.43,1700006597
6598,1147,ap-south,marketplace,143.89,1700006598
6599,966,us-west,ads,244.78,1700006599
6600,3263,us-west,compute,192.29,1700006600
6601,3622,ap-south,subscription,81.51,1700006601
6602,2278,us-west,compute,247.88,1700006602
6603,1348,ap-south,marketplace,86.77,1700006603
6604,3322,us-west,subscription,149.86,1700006604
6605,3769,us-west,compute,215.28,1700006605
6606,4823,eu-central,ads,54.59,1700006606
6607,4692,eu-central,compute,211.77,1700006607
6608,655,us-east,subscription,160.87,1700006608
6609,3140,eu-central,compute,115.58,1700006609
6610,3359,ap-south,ads,103.51,1700006610
6611,4512,us-west,subscription,82.83,1700006611
6612,4916,us-east,ads,27.11,1700006612
6613,3192,us-east,subscription,88.13,1700006613
6614,4680,us-east,ads,100.94,1700006614
6615,2023,ap-northeast,compute,68.76,1700006615
6616,4794,us-east,ads,49.48,1700006616
6617,1898,eu-central,marketplace,54.65,1700006617
6618,3435,ap-south,subscription,239.29,1700006618
6619,2242,ap-northeast,ads,71.08,1700006619
6620,4615,ap-northeast,marketplace,23.06,1700006620
6621,509,us-east,storage,123.91,1700006621
6622,1774,us-east,ads,248.5,1700006622
6623,4460,us-east,ads,100.71,1700006623
6624,2318,ap-northeast,compute,166.07,1700006624
6625,681,us-east,ads,212.26,1700006625
6626,1324,us-east,subscription,132.88,1700006626
6627,3418,ap-south,ads,101.65,1700006627
6628,4459,us-east,ads,219.17,1700006628
6629,4934,us-east,subscription,73.7,1700006629
6630,1000,us-west,marketplace,125.98,1700006630
6631,2697,eu-central,compute,66.02,1700006631
6632,1278,us-east,subscription,80.49,1700006632
6633,612,ap-south,ads,174.14,1700006633
6634,4633,us-east,storage,209.5,1700006634
6635,4848,us-east,subscription,230.27,1700006635
6636,3131,us-east,ads,81.66,1700006636
6637,3937,us-east,ads,197.89,1700006637
6638,951,us-west,subscription,195.89,1700006638
6639,801,ap-northeast,marketplace,231.63,1700006639
6640,133,us-west,marketplace,226.65,1700006640
6641,36,us-west,compute,139.36,1700006641
6642,724,eu-central,ads,30.69,1700006642
6643,4372,ap-south,marketplace,79.96,1700006643
6644,3970,us-east,compute,54.07,1700006644
6645,3573,ap-south,compute,92.76,1700006645
6646,3118,eu-central,storage,47.69,1700006646
6647,588,us-west,compute,197.37,1700006647
6648,653,us-east,storage,76.11,1700006648
6649,911,ap-south,ads,195.83,1700006649
6650,2346,us-west,subscription,160.71,1700006650
6651,975,eu-central,marketplace,219.37,1700006651
6652,624,us-west,ads,230.1,1700006652
6653,1785,eu-central,ads,103.33,1700006653
6654,3550,us-west,storage,17.54,1700006654
6655,4489,eu-central,marketplace,84.95,1700006655
6656,2648,us-west,storage,185.16,1700006656
6657,615,us-east,subscription,158.62,1700006657
6658,2319,ap-south,ads,233.63,1700006658
6659,3822,ap-northeast,compute,149.71,1700006659
6660,2261,ap-northeast,compute,228.81,1700006660
6661,2941,ap-south,storage,151.52,1700006661
6662,4151,ap-northeast,compute,56.01,1700006662
6663,479,us-east,marketplace,27.39,1700006663
6664,2792,ap-south,storage,87.62,1700006664
6665,3293,us-west,marketplace,91.65,1700006665
6666,4136,eu-central,subscription,213.08,1700006666
6667,1510,ap-south,ads,114.47,1700006667
6668,3193,ap-south,subscription,190.34,1700006668
6669,2963,ap-south,marketplace,7.45,1700006669
6670,3136,us-east,storage,6.62,1700006670
6671,351,us-east,marketplace,214.9,1700006671
6672,2249,us-east,subscription,2.27,1700006672
6673,3098,ap-northeast,storage,215.43,1700006673
6674,2136,us-east,compute,111.82,1700006674
6675,841,us-east,ads,242.14,1700006675
6676,3374,ap-south,compute,150.28,1700006676
6677,2228,us-east,storage,34.76,1700006677
6678,1153,us-east,storage,102.5,1700006678
6679,1575,ap-northeast,ads,31.31,1700006679
6680,1322,us-west,subscription,36.56,1700006680
6681,1214,us-west,subscription,139.46,1700006681
6682,2326,us-east,compute,70.15,1700006682
6683,2677,us-west,compute,48.96,1700006683
6684,4965,ap-northeast,compute,74.99,1700006684
6685,11,eu-central,ads,10.71,1700006685
6686,4541,eu-central,storage,151.73,1700006686
6687,949,us-west,marketplace,222.59,1700006687
6688,834,us-east,subscription,87.41,1700006688
6689,244,eu-central,subscription,80.35,1700006689
6690,3630,us-west,subscription,191.77,1700006690
6691,4347,ap-northeast,subscription,230.96,1700006691
6692,63,ap-south,marketplace,30.3,1700006692
6693,2945,ap-south,compute,245.16,1700006693
6694,4906,ap-south,compute,60.83,1700006694
6695,1046,ap-northeast,ads,213.02,1700006695
6696,195,eu-central,ads,155.89,1700006696
6697,2699,us-west,marketplace,20.22,1700006697
6698,2728,us-west,compute,190.48,1700006698
6699,784,eu-central,marketplace,117.91,1700006699
6700,3359,ap-south,marketplace,183.46,1700006700
6701,1056,ap-northeast,ads,44.65,1700006701
6702,4178,ap-northeast,compute,56.59,1700006702
6703,3159,us-west,marketplace,124.93,1700006703
6704,4582,us-east,subscription,116.7,1700006704
6705,4794,us-east,subscription,25.24,1700006705
6706,3643,eu-central,subscription,205.68,1700006706
6707,3298,ap-northeast,compute,4.42,1700006707
6708,2720,ap-northeast,marketplace,239.5,1700006708
6709,4039,eu-central,compute,143.47,1700006709
6710,171,ap-northeast,marketplace,47.46,1700006710
6711,6,ap-south,compute,241.22,1700006711
6712,4641,us-east,marketplace,90.46,1700006712
6713,1256,ap-northeast,compute,200.45,1700006713
6714,3516,us-east,storage,17.6,1700006714
6715,398,ap-south,marketplace,105.67,1700006715
6716,1971,us-west,storage,189.28,1700006716
6717,3042,ap-south,ads,21.67,1700006717
6718,2608,us-west,storage,104.18,1700006718
6719,1825,ap-south,compute,18.21,1700006719
6720,4815,ap-northeast,ads,35.86,1700006720
6721,1802,us-east,compute,70.81,1700006721
6722,3924,ap-south,compute,153.83,1700006722
6723,3259,eu-central,marketplace,76.02,1700006723
6724,4087,us-west,marketplace,200.87,1700006724
6725,75,ap-northeast,marketplace,169.15,1700006725
6726,1970,us-west,marketplace,44.35,1700006726
6727,2470,ap-northeast,ads,191.93,1700006727
6728,2244,us-east,storage,177.65,1700006728
6729,2522,us-east,marketplace,86.16,1700006729
6730,3264,ap-northeast,ads,82.58,1700006730
6731,2770,eu-central,storage,71.17,1700006731
6732,4792,us-east,storage,44.36,1700006732
6733,4088,ap-northeast,storage,4.72,1700006733
6734,2274,us-west,marketplace,113.59,1700006734
6735,1960,us-west,subscription,164.63,1700006735
6736,2769,ap-northeast,marketplace,90.35,1700006736
6737,1821,us-east,marketplace,160.37,1700006737
6738,1142,ap-northeast,storage,57.36,1700006738
6739,2290,us-east,subscription,151.67,1700006739
6740,3214,us-west,compute,150.42,1700006740
6741,3626,us-west,ads,121.86,1700006741
6742,1286,ap-northeast,subscription,207.48,1700006742
6743,217,eu-central,ads,102.41,1700006743
6744,4437,us-west,ads,90.44,1700006744
6745,1973,ap-northeast,subscription,225.06,1700006745
6746,3134,ap-northeast,subscription,119.23,1700006746
6747,41,ap-south,subscription,246.56,1700006747
6748,2908,us-east,subscription,31.16,1700006748
6749,1890,ap-northeast,subscription,125.53,1700006749
6750,2475,ap-northeast,marketplace,2.89,1700006750
6751,1239,us-east,storage,24.71,1700006751
6752,4793,us-east,ads,144.54,1700006752
6753,1995,us-west,marketplace,155.13,1700006753
6754,4010,ap-northeast,storage,22.1,1700006754
6755,507,us-east,ads,161.89,1700006755
6756,1506,ap-northeast,marketplace,108.14,1700006756
6757,3087,us-west,subscription,210.58,1700006757
6758,3085,eu-central,storage,16.93,1700006758
6759,3019,eu-central,compute,77.97,1700006759
6760,3683,ap-northeast,compute,203.16,1700006760
6761,1169,us-west,ads,72.13,1700006761
6762,2820,us-west,subscription,185.98,1700006762
6763,679,ap-south,storage,116.9,1700006763
6764,4379,us-east,marketplace,83.54,1700006764
6765,2373,ap-south,marketplace,209.63,1700006765
6766,3637,us-east,ads,154.12,1700006766
6767,2890,us-west,compute,175.13,1700006767
6768,856,us-east,storage,243.53,1700006768
6769,3506,ap-south,storage,85.66,1700006769
6770,2823,us-west,storage,162.38,1700006770
6771,3425,us-east,subscription,7.6,1700006771
6772,4715,us-west,compute,22.55,1700006772
6773,2631,ap-south,compute,14.68,1700006773
6774,608,ap-northeast,ads,39.81,1700006774
6775,2015,us-east,ads,98.31,1700006775
6776,4482,ap-south,ads,97.21,1700006776
6777,3915,ap-south,subscription,84.49,1700006777
6778,1110,us-west,subscription,171.3,1700006778
6779,1009,ap-northeast,marketplace,146.86,1700006779
6780,587,us-west,storage,204.87,1700006780
6781,4234,eu-central,compute,92.54,1700006781
6782,1808,ap-south,ads,21.7,1700006782
6783,1248,ap-northeast,marketplace,48.95,1700006783
6784,329,us-east,subscription,113.94,1700006784
6785,2758,us-west,compute,188.33,1700006785
6786,4626,us-west,subscription,176.06,1700006786
6787,600,us-west,subscription,65.65,1700006787
6788,2823,ap-northeast,compute,213.01,1700006788
6789,3113,ap-northeast,subscription,32.58,1700006789
6790,3922,ap-northeast,marketplace,26.72,1700006790
6791,4537,us-west,storage,103.77,1700006791
6792,4671,us-east,marketplace,223.98,1700006792
6793,4291,us-west,ads,24.47,1700006793
6794,2252,us-east,storage,201.15,1700006794
6795,1341,ap-south,storage,73.92,1700006795
6796,3532,ap-south,subscription,218.0,1700006796
6797,3022,us-east,subscription,122.48,1700006797
6798,2291,eu-central,marketplace,55.93,1700006798
6799,2040,ap-south,marketplace,168.49,1700006799
6800,2573,ap-south,compute,117.85,1700006800
6801,3365,eu-central,compute,110.88,1700006801
6802,2405,ap-northeast,storage,40.78,1700006802
6803,2283,ap-northeast,marketplace,177.33,1700006803
6804,986,us-east,marketplace,102.29,1700006804
6805,1132,eu-central,ads,239.68,1700006805
6806,4740,us-west,compute,105.28,1700006806
6807,3139,ap-northeast,marketplace,214.83,1700006807
6808,1172,us-east,storage,191.71,1700006808
6809,3665,ap-south,storage,45.65,1700006809
6810,1896,eu-central,ads,153.86,1700006810
6811,4787,us-west,marketplace,171.52,1700006811
6812,2207,us-west,ads,33.62,1700006812
6813,904,eu-central,storage,217.3,1700006813
6814,3042,us-east,subscription,37.69,1700006814
6815,1605,eu-central,storage,115.91,1700006815
6816,52,eu-central,marketplace,243.14,1700006816
6817,4647,ap-south,subscription,94.02,1700006817
6818,4258,eu-central,ads,115.28,1700006818
6819,1668,us-west,compute,132.9,1700006819
6820,767,eu-central,storage,139.32,1700006820
6821,1180,us-west,subscription,111.73,1700006821
6822,1279,us-east,compute,174.98,1700006822
6823,2210,eu-central,ads,179.72,1700006823
6824,3234,ap-south,storage,191.72,1700006824
6825,3648,us-east,storage,50.09,1700006825
6826,1800,us-west,compute,107.16,1700006826
6827,36,us-east,ads,247.12,1700006827
6828,1242,us-east,ads,222.94,1700006828
6829,4244,eu-central,compute,229.61,1700006829
6830,1037,ap-south,marketplace,193.54,1700006830
6831,4450,us-west,subscription,248.22,1700006831
6832,1741,ap-south,storage,169.25,1700006832
6833,3122,us-east,compute,42.43,1700006833
6834,4426,ap-northeast,storage,125.19,1700006834
6835,703,us-west,storage,3.17,1700006835
6836,2749,eu-central,compute,229.42,1700006836
6837,3563,ap-northeast,subscription,6.98,1700006837
6838,3035,ap-south,marketplace,142.5,1700006838
6839,426,us-east,subscription,37.25,1700006839
6840,3028,us-east,compute,232.7,1700006840
6841,3066,us-east,ads,20.28,1700006841
6842,2719,eu-central,storage,28.32,1700006842
6843,2827,ap-northeast,ads,135.68,1700006843
6844,400,us-west,compute,183.7,1700006844
6845,4728,us-east,marketplace,64.56,1700006845
6846,559,us-east,marketplace,16.3,1700006846
6847,1983,us-east,marketplace,102.01,1700006847
6848,4170,eu-central,ads,172.09,1700006848
6849,2705,us-west,compute,158.94,1700006849
6850,845,eu-central,compute,161.79,1700006850
6851,3911,eu-central,storage,80.61,1700006851
6852,4143,us-east,subscription,11.47,1700006852
6853,99,us-east,storage,129.56,1700006853
6854,2604,ap-south,marketplace,112.4,1700006854
6855,3990,ap-south,compute,66.3,1700006855
6856,748,ap-northeast,ads,39.54,1700006856
6857,3790,us-east,storage,224.47,1700006857
6858,4319,ap-northeast,subscription,121.45,1700006858
6859,843,ap-south,ads,27.57,1700006859
6860,4227,ap-south,storage,245.26,1700006860
6861,4239,ap-south,ads,22.21,1700006861
6862,4680,ap-south,storage,110.2,1700006862
6863,4745,ap-northeast,subscription,166.33,1700006863
6864,1310,ap-south,ads,119.65,1700006864
6865,342,eu-central,ads,83.88,1700006865
6866,4394,us-west,marketplace,48.21,1700006866
6867,2921,ap-northeast,ads,147.43,1700006867
6868,3457,eu-central,storage,176.69,1700006868
6869,4469,eu-central,subscription,91.82,1700006869
6870,1962,us-west,compute,164.38,1700006870
6871,4172,us-west,marketplace,40.65,1700006871
6872,3279,us-west,ads,117.56,1700006872
6873,3949,eu-central,compute,11.79,1700006873
6874,2706,ap-northeast,marketplace,232.33,1700006874
6875,3505,ap-northeast,storage,151.58,1700006875
6876,1705,us-east,subscription,2.61,1700006876
6877,4223,eu-central,subscription,40.24,1700006877
6878,3785,us-west,storage,188.73,1700006878
6879,3523,ap-northeast,compute,202.97,1700006879
6880,1819,eu-central,marketplace,18.34,1700006880
6881,3040,us-east,subscription,80.66,1700006881
6882,4243,eu-central,marketplace,107.19,1700006882
6883,1955,us-east,compute,117.31,1700006883
6884,1561,us-east,compute,229.11,1700006884
6885,3866,us-west,ads,160.09,1700006885
6886,1834,ap-northeast,subscription,237.58,1700006886
6887,3893,ap-south,storage,230.04,1700006887
6888,950,us-east,compute,73.83,1700006888
6889,2614,us-west,storage,163.47,1700006889
6890,3195,us-west,ads,195.28,1700006890
6891,504,us-east,storage,226.94,1700006891
6892,1200,us-east,ads,206.99,1700006892
6893,2283,us-west,subscription,74.51,1700006893
6894,2378,ap-south,subscription,222.22,1700006894
6895,425,eu-central,storage,212.34,1700006895
6896,3663,ap-south,ads,189.59,1700006896
6897,3500,us-east,compute,146.06,1700006897
6898,3890,us-east,storage,91.83,1700006898
6899,4997,ap-south,marketplace,193.2,1700006899
6900,3299,ap-south,storage,74.7,1700006900
6901,4975,ap-northeast,storage,131.48,1700006901
6902,1922,us-west,marketplace,194.97,1700006902
6903,132,us-east,compute,178.64,1700006903
6904,1248,us-west,marketplace,236.3,1700006904
6905,3112,eu-central,subscription,195.3,1700006905
6906,1641,us-west,subscription,209.61,1700006906
6907,4747,us-east,marketplace,61.73,1700006907
6908,109,ap-south,ads,91.1,1700006908
6909,2331,ap-south,subscription,105.91,1700006909
6910,935,eu-central,storage,197.36,1700006910
6911,4807,us-east,ads,227.06,1700006911
6912,2694,us-east,ads,11.92,1700006912
6913,3252,us-west,storage,3.22,1700006913
6914,4129,us-east,subscription,100.93,1700006914
6915,4592,ap-northeast,subscription,167.69,1700006915
6916,3840,eu-central,compute,114.47,1700006916
6917,4558,us-west,subscription,80.34,1700006917
6918,4159,ap-northeast,subscription,90.18,1700006918
6919,732,ap-northeast,subscription,27.84,1700006919
6920,4674,ap-south,storage,142.96,1700006920
6921,2066,ap-south,subscription,242.6,1700006921
6922,4140,ap-south,storage,213.41,1700006922
6923,1967,us-west,ads,219.27,1700006923
6924,751,ap-south,subscription,204.5,1700006924
6925,3340,ap-south,marketplace,37.42,1700006925
6926,4248,us-west,marketplace,98.82,1700006926
6927,2729,eu-central,compute,225.51,1700006927
6928,4081,us-west,marketplace,1.65,1700006928
6929,282,us-west,ads,136.98,1700006929
6930,407,us-east,marketplace,166.97,1700006930
6931,3089,us-east,marketplace,22.42,1700006931
6932,198,ap-northeast,marketplace,70.67,1700006932
6933,1174,ap-south,ads,100.76,1700006933
6934,1663,us-east,subscription,247.1,1700006934
6935,2624,ap-south,subscription,95.97,1700006935
6936,1645,us-east,ads,226.86,1700006936
6937,466,us-east,compute,14.05,1700006937
6938,4876,ap-northeast,subscription,17.43,1700006938
6939,3633,ap-northeast,ads,182.05,1700006939
6940,2538,ap-northeast,ads,44.2,1700006940
6941,1890,eu-central,marketplace,17.05,1700006941
6942,4455,ap-northeast,subscription,156.62,1700006942
6943,415,ap-northeast,subscription,13.29,1700006943
6944,2151,us-west,storage,104.87,1700006944
6945,726,us-west,storage,99.08,1700006945
6946,4373,us-east,compute,197.43,1700006946
6947,675,us-west,subscription,168.92,1700006947
6948,3516,ap-northeast,ads,87.85,1700006948
6949,4687,eu-central,storage,223.64,1700006949
6950,2101,ap-south,ads,218.08,1700006950
6951,1805,us-east,ads,10.05,1700006951
6952,2858,ap-northeast,subscription,168.91,1700006952
6953,2004,us-east,compute,108.73,1700006953
6954,1662,ap-northeast,storage,155.06,1700006954
6955,2378,us-west,ads,139.87,1700006955
6956,1023,eu-central,subscription,167.15,1700006956
6957,4968,us-west,storage,249.68,1700006957
6958,2917,us-east,ads,101.98,1700006958
6959,3980,ap-south,storage,172.83,1700006959
6960,806,ap-northeast,storage,120.2,1700006960
6961,1027,ap-northeast,compute,202.81,1700006961
6962,1776,ap-south,subscription,108.68,1700006962
6963,4309,eu-central,ads,22.86,1700006963
6964,3249,us-west,storage,231.16,1700006964
6965,1409,ap-northeast,subscription,46.83,1700006965
6966,3542,ap-south,storage,129.17,1700006966
6967,4218,us-east,compute,175.11,1700006967
6968,1596,ap-south,storage,22.32,1700006968
6969,3238,eu-central,subscription,47.63,1700006969
6970,4934,ap-northeast,compute,1.17,1700006970
6971,2388,ap-northeast,compute,61.22,1700006971
6972,2605,ap-northeast,compute,27.44,1700006972
6973,2650,eu-central,compute,119.68,1700006973
6974,3809,us-west,storage,81.36,1700006974
6975,4942,ap-south,storage,74.8,1700006975
6976,4498,us-west,compute,92.97,1700006976
6977,4360,us-east,marketplace,8.3,1700006977
6978,594,eu-central,ads,193.53,1700006978
6979,896,ap-south,marketplace,121.23,1700006979
6980,4774,us-west,compute,18.42,1700006980
6981,1140,ap-northeast,marketplace,216.98,1700006981
6982,2875,us-east,compute,133.69,1700006982
6983,658,us-east,marketplace,131.87,1700006983
6984,323,us-east,marketplace,193.69,1700006984
6985,36,ap-northeast,subscription,66.21,1700006985
6986,4870,us-west,compute,237.03,1700006986
6987,4598,ap-south,marketplace,160.22,1700006987
6988,408,us-west,ads,193.71,1700006988
6989,4831,us-west,ads,31.75,1700006989
6990,1229,eu-central,ads,16.89,1700006990
6991,4155,ap-south,ads,123.86,1700006991
6992,1401,ap-northeast,ads,100.97,1700006992
6993,4922,eu-central,subscription,248.87,1700006993
6994,1328,us-west,subscription,102.61,1700006994
6995,1728,us-east,compute,4.9,1700006995
6996,1378,us-east,ads,195.83,1700006996
6997,4084,us-west,ads,235.16,1700006997
6998,2144,us-west,storage,163.15,1700006998
6999,3470,us-west,marketplace,175.74,1700006999
7000,4704,ap-south,marketplace,60.57,1700007000
7001,2362,us-east,marketplace,124.21,1700007001
7002,754,eu-central,marketplace,98.37,1700007002
7003,4896,eu-central,storage,169.89,1700007003
7004,4064,eu-central,ads,180.37,1700007004
7005,4447,ap-south,subscription,91.11,1700007005
7006,2490,eu-central,marketplace,55.5,1700007006
7007,2706,us-east,marketplace,95.82,1700007007
7008,3516,ap-northeast,compute,166.0,1700007008
7009,3432,eu-central,compute,50.46,1700007009
7010,2193,ap-northeast,subscription,196.85,1700007010
7011,4601,us-west,marketplace,164.07,1700007011
7012,3515,us-west,storage,208.2,1700007012
7013,1769,ap-south,storage,207.64,1700007013
7014,4241,eu-central,subscription,39.41,1700007014
7015,3775,ap-south,marketplace,131.61,1700007015
7016,38,ap-northeast,compute,73.39,1700007016
7017,1304,ap-south,compute,140.65,1700007017
7018,2063,eu-central,subscription,217.95,1700007018
7019,3528,ap-northeast,marketplace,216.76,1700007019
7020,260,eu-central,ads,191.03,1700007020
7021,2504,eu-central,ads,90.93,1700007021
7022,262,ap-northeast,subscription,133.47,1700007022
7023,3285,ap-south,subscription,183.47,1700007023
7024,68,us-east,storage,50.07,1700007024
7025,1411,ap-northeast,subscription,142.22,1700007025
7026,3830,ap-south,subscription,228.75,1700007026
7027,4015,us-west,compute,79.37,1700007027
7028,2830,us-east,subscription,140.99,1700007028
7029,235,us-east,storage,35.29,1700007029
7030,4581,eu-central,ads,89.23,1700007030
7031,1087,us-east,marketplace,248.12,1700007031
7032,190,us-west,compute,24.46,1700007032
7033,1719,eu-central,subscription,221.29,1700007033
7034,1141,ap-south,compute,66.94,1700007034
7035,1905,us-west,storage,155.49,1700007035
7036,2709,us-west,ads,199.57,1700007036
7037,824,us-east,subscription,60.51,1700007037
7038,2889,ap-northeast,ads,69.42,1700007038
7039,1367,ap-south,marketplace,46.98,1700007039
7040,3775,eu-central,subscription,138.29,1700007040
7041,3116,us-west,marketplace,28.64,1700007041
7042,419,ap-northeast,marketplace,124.48,1700007042
7043,4330,us-west,compute,179.01,1700007043
7044,2868,eu-central,marketplace,86.21,1700007044
7045,658,eu-central,storage,244.22,1700007045
7046,4945,us-east,compute,58.81,1700007046
7047,769,us-east,storage,166.72,1700007047
7048,2494,eu-central,marketplace,78.85,1700007048
7049,1802,ap-south,ads,231.03,1700007049
7050,3424,us-west,storage,47.43,1700007050
7051,882,ap-south,storage,50.75,1700007051
7052,3624,eu-central,storage,24.77,1700007052
7053,1151,us-east,marketplace,207.78,1700007053
7054,3069,ap-south,subscription,190.5,1700007054
7055,2109,us-east,subscription,188.56,1700007055
7056,236,ap-northeast,marketplace,131.9,1700007056
7057,4188,ap-south,storage,40.79,1700007057
7058,4827,ap-northeast,ads,106.55,1700007058
7059,1918,us-east,compute,208.23,1700007059
7060,1971,us-east,subscription,230.81,1700007060
7061,4897,eu-central,ads,109.52,1700007061
7062,4048,us-east,marketplace,84.56,1700007062
7063,2703,ap-northeast,compute,135.42,1700007063
7064,1025,ap-south,storage,57.66,1700007064
7065,819,us-west,subscription,70.82,1700007065
7066,1878,ap-northeast,compute,133.12,1700007066
7067,316,eu-central,compute,86.69,1700007067
7068,741,eu-central,subscription,15.24,1700007068
7069,3026,ap-northeast,subscription,100.78,1700007069
7070,3001,us-east,subscription,138.69,1700007070
7071,1946,us-east,subscription,64.58,1700007071
7072,3862,eu-central,marketplace,110.95,1700007072
7073,3823,us-west,compute,152.8,1700007073
7074,903,eu-central,marketplace,148.03,1700007074
7075,2337,eu-central,subscription,223.93,1700007075
7076,4271,us-west,marketplace,62.93,1700007076
7077,3052,us-west,ads,221.76,1700007077
7078,1285,ap-northeast,storage,121.43,1700007078
7079,879,eu-central,ads,102.59,1700007079
7080,4789,us-east,storage,151.63,1700007080
7081,3194,eu-central,ads,227.52,1700007081
7082,1751,us-west,compute,28.77,1700007082
7083,3501,us-west,compute,21.76,1700007083
7084,439,ap-northeast,storage,57.92,1700007084
7085,1275,us-west,ads,148.83,1700007085
7086,2017,ap-south,compute,225.07,1700007086
7087,2640,ap-south,subscription,170.17,1700007087
7088,3565,ap-south,ads,193.45,1700007088
7089,2941,us-west,compute,128.95,1700007089
7090,3697,ap-south,ads,111.08,1700007090
7091,2393,eu-central,compute,185.38,1700007091
7092,664,eu-central,subscription,15.06,1700007092
7093,2246,eu-central,ads,3.58,1700007093
7094,1455,us-east,subscription,194.25,1700007094
7095,3091,ap-northeast,subscription,140.55,1700007095
7096,4547,ap-northeast,ads,221.88,1700007096
7097,2537,eu-central,ads,43.36,1700007097
7098,2591,ap-northeast,storage,113.69,1700007098
7099,3249,us-east,subscription,162.49,1700007099
7100,390,eu-central,ads,151.54,1700007100
7101,1686,eu-central,storage,171.53,1700007101
7102,3763,eu-central,marketplace,156.73,1700007102
7103,4395,us-west,subscription,197.41,1700007103
7104,4438,ap-northeast,ads,12.12,1700007104
7105,1996,ap-northeast,subscription,112.16,1700007105
7106,588,us-east,marketplace,25.93,1700007106
7107,2004,eu-central,storage,15.97,1700007107
7108,4469,eu-central,subscription,38.08,1700007108
7109,808,us-west,compute,164.73,1700007109
7110,1385,eu-central,subscription,44.28,1700007110
7111,4508,us-west,ads,220.49,1700007111
7112,3169,ap-northeast,ads,181.19,1700007112
7113,3368,us-west,storage,210.43,1700007113
7114,1947,ap-northeast,compute,169.51,1700007114
7115,705,ap-south,subscription,184.83,1700007115
7116,4918,us-east,storage,187.52,1700007116
7117,4854,eu-central,storage,107.67,1700007117
7118,1509,us-east,ads,6.76,1700007118
7119,1061,us-east,marketplace,174.99,1700007119
7120,817,us-east,storage,228.42,1700007120
7121,3742,us-east,storage,61.12,1700007121
7122,4593,eu-central,ads,198.82,1700007122
7123,4368,ap-northeast,marketplace,26.95,1700007123
7124,1776,ap-south,ads,132.74,1700007124
7125,663,us-east,compute,188.62,1700007125
7126,2170,eu-central,marketplace,65.63,1700007126
7127,2977,ap-south,compute,118.68,1700007127
7128,3240,eu-central,marketplace,97.98,1700007128
7129,942,ap-northeast,subscription,113.93,1700007129
7130,4084,us-east,subscription,110.36,1700007130
7131,953,ap-northeast,compute,104.4,1700007131
7132,1159,ap-south,subscription,146.58,1700007132
7133,3284,us-east,subscription,185.8,1700007133
7134,3127,ap-south,compute,55.47,1700007134
7135,207,eu-central,marketplace,124.11,1700007135
7136,3759,us-east,subscription,136.57,1700007136
7137,4299,ap-south,marketplace,205.97,1700007137
7138,382,us-west,subscription,55.14,1700007138
7139,2365,ap-south,ads,76.18,1700007139
7140,3203,ap-south,subscription,124.07,1700007140
7141,1678,us-west,ads,74.92,1700007141
7142,905,us-east,storage,104.61,1700007142
7143,793,eu-central,subscription,156.93,1700007143
7144,838,eu-central,subscription,74.58,1700007144
7145,1858,us-east,compute,99.8,1700007145
7146,4358,ap-south,subscription,221.91,1700007146
7147,3406,eu-central,storage,7.78,1700007147
7148,2051,ap-south,marketplace,94.9,1700007148
7149,4632,ap-south,compute,128.12,1700007149
7150,3958,us-east,subscription,94.97,1700007150
7151,4578,us-west,ads,8.05,1700007151
7152,4435,us-west,storage,171.04,1700007152
7153,1867,ap-south,subscription,172.83,1700007153
7154,646,eu-central,compute,243.91,1700007154
7155,1188,ap-northeast,ads,165.67,1700007155
7156,1374,ap-south,ads,96.44,1700007156
7157,4902,us-west,marketplace,17.04,1700007157
7158,2165,us-east,storage,185.96,1700007158
7159,1190,ap-northeast,ads,21.41,1700007159
7160,3701,us-west,subscription,128.88,1700007160
7161,2301,ap-south,ads,130.13,1700007161
7162,168,us-east,compute,29.44,1700007162
7163,4780,ap-south,ads,212.15,1700007163
7164,3936,eu-central,storage,131.93,1700007164
7165,4266,eu-central,compute,119.79,1700007165
7166,2334,ap-northeast,compute,112.75,1700007166
7167,4918,us-east,marketplace,41.15,1700007167
7168,1105,us-east,storage,31.94,1700007168
7169,2287,ap-northeast,storage,197.84,1700007169
7170,3421,eu-central,compute,184.7,1700007170
7171,4530,ap-northeast,compute,166.06,1700007171
7172,78,ap-south,ads,123.64,1700007172
7173,2568,ap-south,subscription,24.58,1700007173
7174,3342,us-west,ads,42.87,1700007174
7175,3777,eu-central,marketplace,112.71,1700007175
7176,1459,ap-south,ads,105.22,1700007176
7177,2500,ap-northeast,storage,55.26,1700007177
7178,4593,ap-northeast,ads,23.08,1700007178
7179,1731,ap-northeast,compute,162.42,1700007179
7180,4795,us-east,storage,133.07,1700007180
7181,1366,us-east,ads,191.14,1700007181
7182,107,ap-south,ads,107.08,1700007182
7183,4045,eu-central,subscription,199.04,1700007183
7184,1407,us-east,storage,56.23,1700007184
7185,1594,ap-south,ads,200.78,1700007185
7186,1984,us-east,storage,153.87,1700007186
7187,4317,eu-central,marketplace,145.02,1700007187
7188,372,eu-central,compute,208.86,1700007188
7189,1988,ap-south,subscription,150.74,1700007189
7190,2424,eu-central,compute,194.35,1700007190
7191,4125,us-west,marketplace,174.02,1700007191
7192,1921,ap-northeast,compute,137.49,1700007192
7193,1014,us-west,storage,212.8,1700007193
7194,1785,ap-northeast,subscription,37.23,1700007194
7195,2640,eu-central,ads,110.05,1700007195
7196,2231,us-east,compute,175.44,1700007196
7197,1510,eu-central,compute,220.27,1700007197
7198,547,eu-central,storage,217.04,1700007198
7199,1471,us-east,subscription,176.96,1700007199
7200,3325,us-east,ads,174.36,1700007200
7201,3238,us-west,compute,149.96,1700007201
7202,2933,eu-central,ads,206.38,1700007202
7203,4546,eu-central,marketplace,59.2,1700007203
7204,2572,ap-south,subscription,194.22,1700007204
7205,4941,us-west,ads,223.79,1700007205
7206,3853,ap-northeast,storage,130.81,1700007206
7207,2767,ap-northeast,ads,163.0,1700007207
7208,3512,eu-central,marketplace,220.6,1700007208
7209,4746,ap-northeast,storage,34.77,1700007209
7210,2274,us-east,compute,246.33,1700007210
7211,4960,us-west,ads,115.76,1700007211
7212,1542,eu-central,ads,105.22,1700007212
7213,4164,us-east,ads,219.46,1700007213
7214,1768,ap-northeast,storage,48.84,1700007214
7215,3513,ap-south,ads,120.08,1700007215
7216,1115,us-east,storage,164.56,1700007216
7217,2407,us-east,subscription,77.1,1700007217
7218,1407,us-west,marketplace,24.42,1700007218
7219,4303,us-west,ads,103.54,1700007219
7220,2013,us-west,subscription,109.04,1700007220
7221,2528,us-east,ads,223.0,1700007221
7222,819,eu-central,marketplace,67.85,1700007222
7223,2430,ap-northeast,marketplace,39.67,1700007223
7224,253,us-west,marketplace,61.92,1700007224
7225,3014,us-east,compute,77.6,1700007225
7226,3370,eu-central,ads,30.39,1700007226
7227,4217,ap-south,ads,244.99,1700007227
7228,3413,eu-central,ads,153.56,1700007228
7229,4719,eu-central,ads,77.92,1700007229
7230,2880,us-west,compute,135.25,1700007230
7231,533,us-west,storage,10.69,1700007231
7232,2549,us-west,marketplace,209.85,1700007232
7233,765,ap-northeast,ads,127.63,1700007233
7234,1468,ap-south,ads,167.18,1700007234
7235,579,us-east,subscription,80.26,1700007235
7236,2618,ap-northeast,marketplace,46.13,1700007236
7237,4735,ap-northeast,subscription,9.77,1700007237
7238,1430,us-west,storage,96.18,1700007238
7239,3127,ap-south,compute,166.33,1700007239
7240,3469,ap-northeast,subscription,194.07,1700007240
7241,4669,eu-central,subscription,58.7,1700007241
7242,3144,us-east,compute,63.26,1700007242
7243,536,ap-northeast,subscription,152.6,1700007243
7244,134,ap-northeast,subscription,196.08,1700007244
7245,2504,us-west,marketplace,163.77,1700007245
7246,1219,eu-central,ads,95.26,1700007246
7247,1456,ap-northeast,subscription,68.27,1700007247
7248,1568,us-west,marketplace,168.96,1700007248
7249,4414,ap-northeast,subscription,238.12,1700007249
7250,2109,us-west,storage,93.36,1700007250
7251,4316,ap-south,storage,225.73,1700007251
7252,2085,us-east,compute,109.23,1700007252
7253,2966,eu-central,subscription,71.79,1700007253
7254,4605,us-west,storage,236.0,1700007254
7255,1095,ap-northeast,marketplace,86.54,1700007255
7256,3685,eu-central,subscription,85.67,1700007256
7257,178,ap-northeast,marketplace,41.61,1700007257
7258,4583,ap-northeast,compute,247.19,1700007258
7259,4988,eu-central,storage,211.04,1700007259
7260,68,us-west,compute,107.3,1700007260
7261,4957,ap-south,marketplace,82.36,1700007261
7262,2644,ap-northeast,ads,210.04,1700007262
7263,3853,ap-south,marketplace,12.16,1700007263
7264,3752,us-east,compute,131.24,1700007264
7265,38,us-east,compute,199.74,1700007265
7266,2788,eu-central,subscription,138.07,1700007266
7267,3731,us-west,marketplace,246.5,1700007267
7268,3293,ap-south,compute,240.75,1700007268
7269,3521,ap-south,compute,135.18,1700007269
7270,4747,eu-central,storage,5.08,1700007270
7271,873,ap-south,ads,218.17,1700007271
7272,3550,ap-northeast,ads,22.17,1700007272
7273,2137,ap-northeast,storage,227.14,1700007273
7274,662,us-east,subscription,199.81,1700007274
7275,2136,ap-south,ads,84.84,1700007275
7276,3936,eu-central,storage,108.6,1700007276
7277,2669,us-east,marketplace,20.07,1700007277
7278,4139,ap-south,ads,171.87,1700007278
7279,3149,ap-south,marketplace,65.93,1700007279
7280,1481,us-west,marketplace,173.88,1700007280
7281,3015,ap-northeast,storage,144.3,1700007281
7282,2685,us-east,marketplace,81.73,1700007282
7283,137,eu-central,storage,102.72,1700007283
7284,4724,us-west,storage,86.45,1700007284
7285,374,us-west,marketplace,225.41,1700007285
7286,4596,ap-south,ads,118.44,1700007286
7287,4400,ap-northeast,subscription,224.98,1700007287
7288,3652,us-east,marketplace,239.78,1700007288
7289,1066,eu-central,ads,245.1,1700007289
7290,1972,ap-northeast,marketplace,217.95,1700007290
7291,4019,ap-south,subscription,189.14,1700007291
7292,2465,ap-northeast,ads,157.67,1700007292
7293,2043,ap-northeast,marketplace,143.67,1700007293
7294,3336,ap-northeast,ads,168.12,1700007294
7295,1605,eu-central,compute,88.35,1700007295
7296,156,us-east,ads,192.68,1700007296
7297,1158,ap-south,compute,144.95,1700007297
7298,4925,eu-central,ads,241.74,1700007298
7299,1708,us-east,marketplace,161.03,1700007299
7300,4127,eu-central,subscription,226.73,1700007300
7301,4012,ap-south,marketplace,131.52,1700007301
7302,3890,us-east,subscription,97.44,1700007302
7303,3400,us-west,ads,236.39,1700007303
7304,3461,us-west,marketplace,76.71,1700007304
7305,2305,us-west,compute,65.28,1700007305
7306,4168,ap-northeast,storage,187.05,1700007306
7307,2004,us-west,ads,134.77,1700007307
7308,1234,us-west,subscription,93.33,1700007308
7309,3455,us-east,storage,178.8,1700007309
7310,392,ap-south,subscription,209.71,1700007310
7311,3658,eu-central,marketplace,216.73,1700007311
7312,3777,ap-south,storage,44.09,1700007312
7313,3388,us-west,storage,62.01,1700007313
7314,3215,ap-south,compute,78.98,1700007314
7315,338,ap-northeast,compute,225.53,1700007315
7316,4541,ap-northeast,storage,203.62,1700007316
7317,2171,ap-south,marketplace,153.71,1700007317
7318,2350,us-west,marketplace,209.99,1700007318
7319,2739,us-west,compute,89.18,1700007319
7320,1559,ap-south,storage,197.02,1700007320
7321,226,us-west,storage,97.93,1700007321
7322,3440,ap-northeast,storage,71.07,1700007322
7323,2173,us-west,ads,239.62,1700007323
7324,3933,ap-south,storage,89.32,1700007324
7325,2525,ap-northeast,storage,88.33,1700007325
7326,2442,us-east,ads,79.96,1700007326
7327,3860,us-west,subscription,15.79,1700007327
7328,4820,us-east,ads,161.19,1700007328
7329,382,ap-northeast,marketplace,184.88,1700007329
7330,3351,eu-central,storage,89.91,1700007330
7331,4148,us-west,subscription,186.47,1700007331
7332,2158,eu-central,subscription,131.81,1700007332
7333,2733,ap-south,marketplace,62.25,1700007333
7334,1477,us-west,subscription,235.43,1700007334
7335,3522,us-east,ads,215.56,1700007335
7336,302,eu-central,storage,8.2,1700007336
7337,4675,us-east,ads,15.92,1700007337
7338,2012,eu-central,compute,247.41,1700007338
7339,2963,ap-south,ads,20.59,1700007339
7340,4898,ap-northeast,compute,148.3,1700007340
7341,3270,eu-central,ads,22.6,1700007341
7342,834,eu-central,compute,54.54,1700007342
7343,3669,eu-central,storage,107.17,1700007343
7344,2556,eu-central,storage,112.72,1700007344
7345,762,ap-northeast,storage,128.27,1700007345
7346,1,eu-central,storage,183.54,1700007346
7347,3372,ap-south,storage,137.34,1700007347
7348,1207,ap-northeast,ads,185.35,1700007348
7349,1091,eu-central,storage,86.43,1700007349
7350,4919,ap-northeast,marketplace,5.18,1700007350
7351,556,eu-central,subscription,175.64,1700007351
7352,1897,us-east,subscription,143.99,1700007352
7353,1524,ap-south,storage,227.16,1700007353
7354,143,eu-central,marketplace,209.71,1700007354
7355,1983,ap-northeast,compute,106.16,1700007355
7356,1275,us-east,marketplace,14.64,1700007356
7357,551,us-west,ads,133.45,1700007357
7358,3081,us-east,marketplace,121.65,1700007358
7359,3696,us-west,subscription,138.39,1700007359
7360,740,eu-central,storage,183.57,1700007360
7361,4099,eu-central,subscription,66.03,1700007361
7362,2452,eu-central,subscription,1.66,1700007362
7363,2682,ap-northeast,marketplace,71.22,1700007363
7364,137,us-west,subscription,195.99,1700007364
7365,3940,us-west,marketplace,248.04,1700007365
7366,4402,ap-south,storage,78.21,1700007366
7367,4071,ap-south,marketplace,24.78,1700007367
7368,739,us-west,marketplace,20.01,1700007368
7369,1540,us-east,subscription,89.48,1700007369
7370,3063,us-west,marketplace,225.27,1700007370
7371,3428,eu-central,compute,203.86,1700007371
7372,2862,us-west,compute,233.98,1700007372
7373,4408,eu-central,subscription,173.75,1700007373
7374,4006,ap-northeast,compute,82.64,1700007374
7375,475,ap-northeast,compute,76.59,1700007375
7376,623,us-west,compute,244.82,1700007376
7377,2706,eu-central,compute,210.04,1700007377
7378,907,ap-south,storage,86.95,1700007378
7379,1457,us-west,compute,52.18,1700007379
7380,796,ap-northeast,subscription,78.45,1700007380
7381,4686,us-east,compute,222.99,1700007381
7382,337,us-east,subscription,240.17,1700007382
7383,533,eu-central,storage,48.08,1700007383
7384,1042,ap-northeast,subscription,78.63,1700007384
7385,1287,us-east,compute,219.2,1700007385
7386,4705,ap-south,subscription,244.54,1700007386
7387,427,ap-northeast,ads,44.17,1700007387
7388,4219,eu-central,subscription,118.57,1700007388
7389,1583,eu-central,ads,247.55,1700007389
7390,2423,ap-south,ads,49.96,1700007390
7391,687,eu-central,marketplace,91.25,1700007391
7392,443,us-east,marketplace,56.64,1700007392
7393,1555,us-east,marketplace,74.91,1700007393
7394,3685,ap-south,compute,22.9,1700007394
7395,818,us-east,compute,249.95,1700007395
7396,3337,eu-central,compute,137.71,1700007396
7397,2563,eu-central,storage,102.29,1700007397
7398,3541,us-west,marketplace,82.06,1700007398
7399,2487,us-east,compute,185.75,1700007399
7400,1506,ap-northeast,compute,25.47,1700007400
7401,3331,ap-northeast,compute,67.46,1700007401
7402,1251,us-east,storage,77.39,1700007402
7403,673,ap-northeast,ads,6.7,1700007403
7404,858,ap-south,storage,172.82,1700007404
7405,765,us-east,ads,223.9,1700007405
7406,4313,us-west,subscription,166.37,1700007406
7407,1098,us-east,storage,134.35,1700007407
7408,3420,ap-northeast,subscription,38.83,1700007408
7409,686,ap-south,marketplace,232.04,1700007409
7410,3295,us-west,storage,209.08,1700007410
7411,4657,ap-south,subscription,8.59,1700007411
7412,1586,eu-central,storage,143.66,1700007412
7413,708,us-east,ads,86.97,1700007413
7414,1888,us-west,marketplace,123.58,1700007414
7415,1087,ap-northeast,storage,13.24,1700007415
7416,1649,us-west,subscription,8.6,1700007416
7417,3796,eu-central,compute,85.56,1700007417
7418,4042,us-west,marketplace,201.46,1700007418
7419,4559,ap-south,ads,37.04,1700007419
7420,2865,us-east,marketplace,84.33,1700007420
7421,367,eu-central,compute,221.26,1700007421
7422,189,us-west,compute,100.46,1700007422
7423,3114,us-east,marketplace,138.55,1700007423
7424,1422,us-west,marketplace,4.19,1700007424
7425,2938,eu-central,storage,66.61,1700007425
7426,3270,ap-northeast,marketplace,11.37,1700007426
7427,4748,us-east,marketplace,217.79,1700007427
7428,4118,ap-northeast,compute,83.29,1700007428
7429,3213,eu-central,subscription,9.78,1700007429
7430,3187,eu-central,marketplace,108.42,1700007430
7431,1103,us-west,compute,140.16,1700007431
7432,4349,ap-northeast,compute,111.26,1700007432
7433,3121,eu-central,storage,174.62,1700007433
7434,1947,us-east,subscription,97.95,1700007434
7435,430,ap-south,subscription,221.38,1700007435
7436,1131,ap-northeast,ads,221.3,1700007436
7437,801,us-west,compute,96.17,1700007437
7438,2290,ap-south,compute,70.0,1700007438
7439,3664,us-east,compute,154.23,1700007439
7440,1756,ap-northeast,ads,52.62,1700007440
7441,994,eu-central,compute,147.13,1700007441
7442,2644,us-west,compute,42.95,1700007442
7443,4666,eu-central,marketplace,19.28,1700007443
7444,1000,eu-central,storage,202.41,1700007444
7445,392,eu-central,subscription,77.6,1700007445
7446,1050,ap-northeast,subscription,147.54,1700007446
7447,762,ap-south,storage,54.55,1700007447
7448,462,ap-northeast,marketplace,182.45,1700007448
7449,1033,ap-south,storage,2.95,1700007449
7450,4560,eu-central,compute,190.03,1700007450
7451,3310,ap-northeast,storage,208.84,1700007451
7452,2718,ap-south,subscription,148.66,1700007452
7453,1367,eu-central,compute,166.22,1700007453
7454,1302,ap-northeast,subscription,179.51,1700007454
7455,14,us-east,compute,55.37,1700007455
7456,2011,eu-central,subscription,11.39,1700007456
7457,4178,ap-northeast,marketplace,107.35,1700007457
7458,2442,ap-south,storage,226.76,1700007458
7459,4057,ap-northeast,ads,153.09,1700007459
7460,3271,eu-central,marketplace,200.63,1700007460
7461,1793,ap-south,marketplace,183.78,1700007461
7462,4707,eu-central,compute,119.26,1700007462
7463,1201,us-east,subscription,90.0,1700007463
7464,1644,us-east,storage,81.27,1700007464
7465,2824,eu-central,compute,157.5,1700007465
7466,4121,ap-northeast,storage,69.36,1700007466
7467,3747,eu-central,ads,241.78,1700007467
7468,528,eu-central,compute,97.06,1700007468
7469,1282,ap-south,storage,81.48,1700007469
7470,986,us-east,compute,155.09,1700007470
7471,3477,eu-central,marketplace,56.78,1700007471
7472,3329,eu-central,marketplace,18.91,1700007472
7473,2935,ap-south,marketplace,221.79,1700007473
7474,3304,ap-south,compute,150.11,1700007474
7475,1947,us-east,ads,141.87,1700007475
7476,1693,eu-central,compute,204.73,1700007476
7477,500,us-east,storage,196.29,1700007477
7478,309,us-east,marketplace,144.33,1700007478
7479,1272,us-west,marketplace,37.0,1700007479
7480,4296,eu-central,compute,198.18,1700007480
7481,1762,eu-central,compute,42.68,1700007481
7482,3126,ap-south,compute,13.16,1700007482
7483,4260,eu-central,storage,164.07,1700007483
7484,404,us-east,compute,242.74,1700007484
7485,2250,us-east,subscription,49.94,1700007485
7486,2458,ap-northeast,ads,18.93,1700007486
7487,2734,us-west,storage,187.19,1700007487
7488,3070,ap-northeast,storage,100.66,1700007488
7489,3982,us-east,marketplace,82.25,1700007489
7490,2233,ap-south,ads,86.92,1700007490
7491,4799,us-west,storage,11.18,1700007491
7492,3584,ap-south,marketplace,232.92,1700007492
7493,3301,us-west,storage,34.87,1700007493
7494,2726,us-west,storage,231.37,1700007494
7495,2449,ap-northeast,compute,16.68,1700007495
7496,4910,us-west,compute,205.43,1700007496
7497,2860,ap-south,storage,184.98,1700007497
7498,1258,ap-northeast,marketplace,184.73,1700007498
7499,1399,us-east,marketplace,242.49,1700007499
7500,1782,ap-northeast,subscription,215.36,1700007500
7501,4073,ap-south,marketplace,218.81,1700007501
7502,4498,us-west,ads,228.63,1700007502
7503,3165,us-west,storage,65.7,1700007503
7504,4976,eu-central,storage,119.95,1700007504
7505,4195,eu-central,marketplace,187.35,1700007505
7506,21,ap-south,compute,152.77,1700007506
7507,184,ap-south,marketplace,21.46,1700007507
7508,4609,ap-northeast,ads,152.18,1700007508
7509,530,ap-south,storage,94.29,1700007509
7510,562,us-west,compute,169.72,1700007510
7511,2272,eu-central,ads,198.57,1700007511
7512,4949,us-west,marketplace,52.3,1700007512
7513,822,ap-south,marketplace,155.36,1700007513
7514,1457,ap-northeast,subscription,129.82,1700007514
7515,2756,ap-northeast,storage,68.76,1700007515
7516,3645,ap-south,marketplace,95.43,1700007516
7517,2616,ap-northeast,ads,120.87,1700007517
7518,2963,eu-central,marketplace,181.6,1700007518
7519,2158,us-west,marketplace,56.44,1700007519
7520,3539,ap-northeast,storage,164.65,1700007520
7521,835,eu-central,storage,200.38,1700007521
7522,1432,us-west,ads,207.69,1700007522
7523,2177,ap-northeast,ads,122.23,1700007523
7524,1975,eu-central,ads,87.1,1700007524
7525,2949,ap-northeast,storage,117.19,1700007525
7526,418,us-east,ads,31.64,1700007526
7527,2729,eu-central,storage,114.26,1700007527
7528,1874,eu-central,compute,240.27,1700007528
7529,1970,us-east,marketplace,173.86,1700007529
7530,3963,us-west,subscription,88.75,1700007530
7531,2993,ap-south,compute,84.85,1700007531
7532,2086,us-east,subscription,86.31,1700007532
7533,3997,eu-central,ads,98.98,1700007533
7534,2694,eu-central,storage,54.29,1700007534
7535,2573,us-west,subscription,215.32,1700007535
7536,4395,eu-central,marketplace,88.03,1700007536
7537,145,ap-northeast,marketplace,122.01,1700007537
7538,4898,eu-central,storage,91.17,1700007538
7539,4109,us-east,storage,101.21,1700007539
7540,1273,ap-northeast,marketplace,157.39,1700007540
7541,964,us-west,storage,42.74,1700007541
7542,1749,eu-central,storage,1.47,1700007542
7543,150,ap-south,ads,63.65,1700007543
7544,4858,ap-south,ads,64.37,1700007544
7545,4037,ap-northeast,storage,180.37,1700007545
7546,2012,eu-central,ads,139.44,1700007546
7547,2617,ap-northeast,marketplace,248.68,1700007547
7548,4246,us-west,storage,234.77,1700007548
7549,3055,ap-south,ads,31.54,1700007549
7550,209,us-west,compute,206.34,1700007550
7551,826,us-east,ads,115.57,1700007551
7552,256,us-east,ads,110.14,1700007552
7553,289,ap-south,storage,143.62,1700007553
7554,2210,ap-northeast,ads,122.73,1700007554
7555,3543,ap-northeast,subscription,236.1,1700007555
7556,2561,eu-central,ads,100.07,1700007556
7557,1279,us-east,marketplace,145.0,1700007557
7558,1937,ap-northeast,compute,106.63,1700007558
7559,3292,us-west,marketplace,249.56,1700007559
7560,3510,ap-south,subscription,92.64,1700007560
7561,2917,ap-northeast,compute,102.47,1700007561
7562,4007,us-east,storage,32.89,1700007562
7563,4375,ap-northeast,subscription,68.25,1700007563
7564,700,us-west,subscription,200.41,1700007564
7565,873,us-west,compute,2.82,1700007565
7566,2230,us-west,ads,151.3,1700007566
7567,2539,us-west,storage,159.18,1700007567
7568,1858,ap-south,storage,212.92,1700007568
7569,1844,eu-central,storage,178.35,1700007569
7570,4652,ap-south,storage,192.39,1700007570
7571,513,eu-central,compute,240.85,1700007571
7572,1606,us-east,ads,228.63,1700007572
7573,1871,eu-central,storage,211.03,1700007573
7574,4594,us-west,storage,206.27,1700007574
7575,4208,us-west,marketplace,46.19,1700007575
7576,3401,us-west,storage,202.63,1700007576
7577,2167,us-east,subscription,221.7,1700007577
7578,4286,ap-south,storage,234.8,1700007578
7579,850,us-east,subscription,168.38,1700007579
7580,1607,us-west,ads,66.7,1700007580
7581,1364,eu-central,subscription,201.47,1700007581
7582,677,us-east,compute,122.82,1700007582
7583,4478,ap-northeast,subscription,210.88,1700007583
7584,2508,ap-south,marketplace,113.42,1700007584
7585,2164,eu-central,storage,228.76,1700007585
7586,1760,us-west,marketplace,171.92,1700007586
7587,2598,eu-central,marketplace,231.21,1700007587
7588,897,ap-northeast,ads,199.53,1700007588
7589,4361,eu-central,ads,54.24,1700007589
7590,3688,us-west,compute,241.63,1700007590
7591,2770,us-west,ads,52.31,1700007591
7592,4423,us-east,compute,54.88,1700007592
7593,3514,ap-northeast,marketplace,195.3,1700007593
7594,4400,eu-central,storage,234.84,1700007594
7595,2132,ap-south,subscription,42.29,1700007595
7596,611,eu-central,compute,61.71,1700007596
7597,1991,eu-central,marketplace,243.72,1700007597
7598,799,us-east,subscription,111.29,1700007598
7599,4438,us-west,storage,3.84,1700007599
7600,14,ap-northeast,storage,219.73,1700007600
7601,3235,eu-central,storage,227.08,1700007601
7602,379,ap-northeast,ads,247.85,1700007602
7603,3959,ap-south,ads,242.86,1700007603
7604,1944,ap-south,storage,36.95,1700007604
7605,4946,eu-central,ads,121.31,1700007605
7606,3955,us-east,storage,47.2,1700007606
7607,769,ap-south,subscription,11.41,1700007607
7608,4470,ap-northeast,compute,99.29,1700007608
7609,405,eu-central,ads,125.75,1700007609
7610,4705,us-west,ads,57.32,1700007610
7611,1326,ap-south,marketplace,163.93,1700007611
7612,3282,eu-central,compute,107.92,1700007612
7613,2446,us-east,compute,153.61,1700007613
7614,3288,us-east,marketplace,179.76,1700007614
7615,1890,ap-northeast,ads,97.34,1700007615
7616,2050,ap-northeast,ads,241.35,1700007616
7617,3986,us-east,subscription,75.29,1700007617
7618,2755,us-east,compute,113.21,1700007618
7619,435,us-east,compute,18.22,1700007619
7620,3062,ap-northeast,compute,25.86,1700007620
7621,3254,ap-northeast,subscription,145.31,1700007621
7622,3806,us-east,storage,70.04,1700007622
7623,966,eu-central,subscription,17.68,1700007623
7624,2040,ap-south,subscription,195.46,1700007624
7625,2793,us-west,storage,199.18,1700007625
7626,1152,us-west,ads,106.44,1700007626
7627,206,ap-northeast,compute,114.42,1700007627
7628,2264,ap-northeast,ads,36.25,1700007628
7629,4944,us-west,subscription,193.4,1700007629
7630,3016,ap-northeast,subscription,189.25,1700007630
7631,2442,us-west,compute,160.06,1700007631
7632,35,ap-south,marketplace,112.71,1700007632
7633,2673,us-east,storage,78.56,1700007633
7634,2079,ap-south,compute,55.2,1700007634
7635,2828,us-east,ads,219.14,1700007635
7636,668,eu-central,ads,226.93,1700007636
7637,725,us-west,compute,61.89,1700007637
7638,711,ap-northeast,marketplace,92.54,1700007638
7639,4776,ap-south,compute,144.97,1700007639
7640,1807,eu-central,compute,114.0,1700007640
7641,4037,ap-south,ads,214.4,1700007641
7642,220,us-west,ads,87.0,1700007642
7643,4099,ap-south,ads,223.42,1700007643
7644,2486,us-east,subscription,64.16,1700007644
7645,3130,us-east,marketplace,24.21,1700007645
7646,3213,eu-central,compute,202.48,1700007646
7647,4549,ap-northeast,marketplace,53.0,1700007647
7648,3672,ap-south,compute,65.46,1700007648
7649,4566,ap-south,storage,114.92,1700007649
7650,3569,us-east,ads,97.56,1700007650
7651,1839,eu-central,marketplace,235.49,1700007651
7652,4810,ap-south,subscription,210.85,1700007652
7653,3871,us-west,ads,57.68,1700007653
7654,1451,eu-central,compute,198.02,1700007654
7655,3697,eu-central,storage,224.14,1700007655
7656,2163,eu-central,ads,195.09,1700007656
7657,2476,ap-northeast,marketplace,224.33,1700007657
7658,354,ap-northeast,marketplace,175.53,1700007658
7659,3595,us-west,ads,135.81,1700007659
7660,2822,ap-south,ads,214.25,1700007660
7661,2372,us-west,storage,13.81,1700007661
7662,4869,ap-northeast,marketplace,204.59,1700007662
7663,2449,ap-south,storage,208.16,1700007663
7664,862,us-east,ads,121.55,1700007664
7665,4720,ap-south,storage,77.36,1700007665
7666,3683,eu-central,marketplace,168.73,1700007666
7667,2877,ap-south,marketplace,115.87,1700007667
7668,4193,ap-northeast,storage,38.77,1700007668
7669,3174,ap-northeast,subscription,74.71,1700007669
7670,2768,eu-central,ads,189.79,1700007670
7671,4752,us-east,compute,127.36,1700007671
7672,3115,ap-northeast,marketplace,185.67,1700007672
7673,94,ap-south,storage,181.17,1700007673
7674,4895,us-west,storage,17.85,1700007674
7675,4255,us-west,storage,195.67,1700007675
7676,3903,us-east,compute,192.11,1700007676
7677,3628,ap-south,storage,110.32,1700007677
7678,3069,ap-south,ads,189.46,1700007678
7679,1681,ap-northeast,compute,223.38,1700007679
7680,3329,us-west,storage,56.48,1700007680
7681,3838,ap-northeast,subscription,219.96,1700007681
7682,3638,us-east,ads,14.74,1700007682
7683,3587,us-west,marketplace,31.68,1700007683
7684,4538,ap-northeast,storage,43.93,1700007684
7685,267,ap-south,compute,241.74,1700007685
7686,1376,eu-central,subscription,41.83,1700007686
7687,1578,us-west,ads,197.16,1700007687
7688,1767,ap-northeast,compute,232.34,1700007688
7689,2067,eu-central,storage,6.62,1700007689
7690,3287,us-east,storage,141.93,1700007690
7691,2119,us-west,ads,100.31,1700007691
7692,2817,us-west,subscription,85.91,1700007692
7693,4405,ap-south,marketplace,194.85,1700007693
7694,4906,eu-central,ads,35.0,1700007694
7695,2816,us-west,storage,179.14,1700007695
7696,398,us-east,storage,215.51,1700007696
7697,2171,eu-central,compute,221.56,1700007697
7698,4553,eu-central,marketplace,133.4,1700007698
7699,2791,us-west,ads,30.0,1700007699
7700,4741,ap-northeast,ads,64.73,1700007700
7701,2967,eu-central,marketplace,226.22,1700007701
7702,4337,us-east,marketplace,62.65,1700007702
7703,3638,ap-south,marketplace,242.69,1700007703
7704,2992,eu-central,ads,120.44,1700007704
7705,3476,ap-northeast,compute,159.75,1700007705
7706,3659,ap-northeast,storage,7.83,1700007706
7707,1479,us-east,subscription,180.8,1700007707
7708,1066,us-west,ads,63.03,1700007708
7709,616,ap-south,ads,225.59,1700007709
7710,763,ap-northeast,marketplace,140.49,1700007710
7711,3398,us-west,compute,194.15,1700007711
7712,1080,ap-northeast,storage,141.9,1700007712
7713,3966,us-west,compute,124.77,1700007713
7714,625,eu-central,subscription,201.59,1700007714
7715,4649,eu-central,storage,44.25,1700007715
7716,927,ap-south,compute,98.68,1700007716
7717,2462,us-east,storage,3.08,1700007717
7718,1595,us-west,compute,139.62,1700007718
7719,55,ap-south,ads,5.83,1700007719
7720,644,us-east,subscription,132.24,1700007720
7721,2558,eu-central,ads,38.37,1700007721
7722,174,us-west,subscription,182.93,1700007722
7723,30,us-east,storage,90.85,1700007723
7724,3003,eu-central,ads,100.19,1700007724
7725,4341,ap-south,compute,35.23,1700007725
7726,559,us-east,marketplace,102.04,1700007726
7727,1079,ap-south,marketplace,162.91,1700007727
7728,147,us-east,marketplace,43.61,1700007728
7729,4679,ap-south,marketplace,69.67,1700007729
7730,417,us-west,storage,14.8,1700007730
7731,4380,eu-central,marketplace,184.0,1700007731
7732,1546,us-west,ads,143.64,1700007732
7733,3052,ap-northeast,storage,36.3,1700007733
7734,1949,ap-northeast,subscription,100.08,1700007734
7735,86,ap-south,ads,199.11,1700007735
7736,2127,eu-central,storage,244.48,1700007736
7737,1258,us-west,subscription,100.93,1700007737
7738,619,eu-central,compute,86.22,1700007738
7739,817,ap-northeast,storage,2.73,1700007739
7740,2990,us-east,ads,141.81,1700007740
7741,4067,ap-northeast,storage,167.66,1700007741
7742,227,ap-northeast,subscription,88.25,1700007742
7743,4682,us-west,ads,30.67,1700007743
7744,4607,us-west,compute,181.23,1700007744
7745,2891,us-west,subscription,57.48,1700007745
7746,1224,ap-northeast,storage,210.6,1700007746
7747,2201,ap-northeast,subscription,188.73,1700007747
7748,4797,eu-central,compute,41.22,1700007748
7749,845,eu-central,compute,241.2,1700007749
7750,3048,eu-central,ads,20.25,1700007750
7751,1729,ap-northeast,storage,21.74,1700007751
7752,4928,us-west,ads,226.11,1700007752
7753,3823,eu-central,storage,76.37,1700007753
7754,907,eu-central,subscription,75.46,1700007754
7755,3832,us-west,compute,103.6,1700007755
7756,3158,us-west,marketplace,150.72,1700007756
7757,4237,ap-northeast,subscription,173.58,1700007757
7758,1457,eu-central,compute,238.16,1700007758
7759,3849,ap-south,subscription,190.17,1700007759
7760,3558,ap-south,storage,43.79,1700007760
7761,2113,eu-central,subscription,159.2,1700007761
7762,1619,eu-central,marketplace,156.04,1700007762
7763,3789,ap-northeast,storage,42.03,1700007763
7764,3084,eu-central,storage,28.47,1700007764
7765,3327,eu-central,subscription,223.69,1700007765
7766,353,us-west,compute,229.03,1700007766
7767,385,us-west,marketplace,232.1,1700007767
7768,154,eu-central,subscription,73.96,1700007768
7769,4762,ap-south,ads,156.99,1700007769
7770,409,ap-northeast,marketplace,3.36,1700007770
7771,540,ap-south,marketplace,121.25,1700007771
7772,3915,ap-south,subscription,72.71,1700007772
7773,1375,ap-south,storage,173.94,1700007773
7774,1134,us-west,marketplace,66.16,1700007774
7775,1260,us-east,subscription,103.74,1700007775
7776,4912,us-west,ads,149.26,1700007776
7777,693,eu-central,ads,228.18,1700007777
7778,2721,us-west,storage,61.19,1700007778
7779,932,ap-south,subscription,205.08,1700007779
7780,3245,eu-central,ads,65.4,1700007780
7781,2690,ap-south,compute,242.44,1700007781
7782,105,us-east,ads,130.9,1700007782
7783,1032,ap-northeast,subscription,55.14,1700007783
7784,2704,ap-northeast,compute,246.28,1700007784
7785,2236,ap-south,marketplace,41.73,1700007785
7786,4713,ap-northeast,subscription,208.68,1700007786
7787,2647,ap-northeast,storage,171.41,1700007787
7788,3943,ap-south,ads,245.75,1700007788
7789,2042,ap-northeast,ads,197.62,1700007789
7790,1362,ap-south,subscription,185.7,1700007790
7791,3810,us-west,storage,81.79,1700007791
7792,350,us-west,subscription,151.67,1700007792
7793,131,ap-northeast,ads,176.09,1700007793
7794,456,ap-south,marketplace,210.76,1700007794
7795,3331,us-east,marketplace,75.98,1700007795
7796,3700,ap-northeast,storage,63.11,1700007796
7797,2662,eu-central,marketplace,165.01,1700007797
7798,431,eu-central,subscription,160.68,1700007798
7799,1024,ap-south,compute,123.68,1700007799
7800,1177,us-east,storage,111.28,1700007800
7801,2980,eu-central,compute,56.93,1700007801
7802,1610,eu-central,subscription,171.29,1700007802
7803,3279,ap-northeast,ads,70.02,1700007803
7804,1737,ap-northeast,subscription,198.0,1700007804
7805,2841,us-west,compute,117.73,1700007805
7806,1823,eu-central,storage,50.33,1700007806
7807,4186,us-east,subscription,62.32,1700007807
7808,3944,us-west,marketplace,85.76,1700007808
7809,1706,us-east,subscription,246.45,1700007809
7810,3467,eu-central,ads,211.44,1700007810
7811,1250,eu-central,storage,233.42,1700007811
7812,178,ap-northeast,compute,94.2,1700007812
7813,3758,us-west,ads,61.19,1700007813
7814,2842,us-east,marketplace,229.05,1700007814
7815,3275,us-east,subscription,62.89,1700007815
7816,1082,eu-central,ads,204.89,1700007816
7817,3994,us-east,marketplace,236.86,1700007817
7818,2657,ap-northeast,storage,14.48,1700007818
7819,4815,eu-central,ads,69.07,1700007819
7820,1248,eu-central,marketplace,98.92,1700007820
7821,584,us-east,compute,155.54,1700007821
7822,3042,eu-central,ads,33.77,1700007822
7823,1906,ap-northeast,ads,235.4,1700007823
7824,4235,us-east,compute,23.69,1700007824
7825,2044,eu-central,ads,87.97,1700007825
7826,1829,eu-central,compute,240.29,1700007826
7827,561,ap-northeast,storage,28.41,1700007827
7828,4074,eu-central,marketplace,124.55,1700007828
7829,994,ap-south,storage,199.59,1700007829
7830,1423,ap-northeast,subscription,245.18,1700007830
7831,3356,us-west,ads,210.13,1700007831
7832,3528,us-east,storage,34.4,1700007832
7833,610,ap-northeast,marketplace,223.05,1700007833
7834,3544,us-west,marketplace,33.72,1700007834
7835,7,ap-south,storage,234.95,1700007835
7836,2562,us-east,marketplace,39.31,1700007836
7837,2576,ap-northeast,compute,165.22,1700007837
7838,4104,eu-central,storage,149.32,1700007838
7839,3774,us-east,marketplace,48.27,1700007839
7840,1768,ap-south,ads,228.31,1700007840
7841,4139,us-east,compute,10.45,1700007841
7842,362,us-east,marketplace,191.56,1700007842
7843,3421,us-east,ads,183.44,1700007843
7844,4915,us-west,storage,207.93,1700007844
7845,4297,ap-northeast,compute,25.44,1700007845
7846,4866,us-west,ads,70.98,1700007846
7847,3201,us-east,storage,234.63,1700007847
7848,4546,ap-northeast,ads,102.5,1700007848
7849,4164,ap-south,compute,183.73,1700007849
7850,726,ap-northeast,marketplace,233.22,1700007850
7851,4882,us-east,marketplace,157.3,1700007851
7852,4844,ap-south,marketplace,248.32,1700007852
7853,4562,ap-northeast,subscription,95.67,1700007853
7854,1443,ap-northeast,ads,4.0,1700007854
7855,1279,ap-south,subscription,206.21,1700007855
7856,4539,us-east,marketplace,112.41,1700007856
7857,1583,ap-south,subscription,88.57,1700007857
7858,2317,us-east,storage,129.43,1700007858
7859,236,ap-northeast,subscription,13.38,1700007859
7860,3280,ap-northeast,storage,238.12,1700007860
7861,4264,ap-northeast,compute,157.57,1700007861
7862,4667,eu-central,ads,160.74,1700007862
7863,2840,eu-central,compute,137.61,1700007863
7864,3373,ap-south,ads,65.79,1700007864
7865,3939,eu-central,compute,9.79,1700007865
7866,3562,ap-south,compute,129.26,1700007866
7867,3424,ap-south,marketplace,18.03,1700007867
7868,4598,eu-central,storage,223.41,1700007868
7869,689,ap-south,marketplace,89.23,1700007869
7870,373,eu-central,compute,199.11,1700007870
7871,3295,us-west,marketplace,62.99,1700007871
7872,733,ap-northeast,ads,229.11,1700007872
7873,3596,us-west,compute,233.07,1700007873
7874,134,us-east,subscription,88.02,1700007874
7875,2836,ap-south,marketplace,189.85,1700007875
7876,1753,us-west,storage,176.17,1700007876
7877,3950,us-west,ads,169.57,1700007877
7878,815,ap-south,storage,172.19,1700007878
7879,3941,us-east,compute,195.91,1700007879
7880,3406,us-east,marketplace,71.51,1700007880
7881,3937,us-west,ads,213.18,1700007881
7882,1177,eu-central,ads,35.49,1700007882
7883,3072,eu-central,marketplace,80.99,1700007883
7884,474,eu-central,marketplace,147.87,1700007884
7885,257,ap-northeast,ads,166.79,1700007885
7886,4802,ap-northeast,subscription,142.44,1700007886
7887,4064,ap-south,storage,59.99,1700007887
7888,4178,ap-south,subscription,78.15,1700007888
7889,798,ap-south,subscription,4.28,1700007889
7890,2311,us-west,compute,55.72,1700007890
7891,487,us-east,ads,145.49,1700007891
7892,2385,us-west,marketplace,40.19,1700007892
7893,2517,ap-northeast,subscription,246.49,1700007893
7894,4029,eu-central,ads,109.98,1700007894
7895,4655,ap-northeast,storage,79.21,1700007895
7896,2224,ap-south,storage,39.0,1700007896
7897,4068,us-west,marketplace,25.84,1700007897
7898,4962,ap-south,subscription,37.17,1700007898
7899,1272,ap-south,marketplace,158.33,1700007899
7900,457,us-east,subscription,32.72,1700007900
7901,307,us-west,subscription,224.26,1700007901
7902,2351,us-east,marketplace,96.18,1700007902
7903,3835,ap-south,ads,46.93,1700007903
7904,646,eu-central,compute,141.4,1700007904
7905,357,eu-central,ads,230.83,1700007905
7906,1360,ap-northeast,ads,84.87,1700007906
7907,3382,ap-south,storage,11.82,1700007907
7908,4443,us-east,subscription,55.16,1700007908
7909,1042,ap-south,compute,138.78,1700007909
7910,2257,ap-south,compute,9.38,1700007910
7911,4562,ap-south,subscription,104.65,1700007911
7912,2674,us-west,storage,98.34,1700007912
7913,2646,ap-northeast,marketplace,76.38,1700007913
7914,1273,us-east,subscription,40.86,1700007914
7915,2127,ap-northeast,subscription,63.51,1700007915
7916,4459,ap-south,subscription,181.32,1700007916
7917,2002,ap-south,subscription,116.04,1700007917
7918,2460,eu-central,ads,57.36,1700007918
7919,604,us-east,compute,8.86,1700007919
7920,1250,ap-south,storage,158.19,1700007920
7921,998,eu-central,ads,151.47,1700007921
7922,2037,ap-northeast,storage,2.59,1700007922
7923,699,us-east,marketplace,114.1,1700007923
7924,758,ap-northeast,compute,208.49,1700007924
7925,1017,us-east,compute,201.26,1700007925
7926,1026,eu-central,storage,239.15,1700007926
7927,4910,us-west,marketplace,181.84,1700007927
7928,3353,ap-northeast,compute,167.6,1700007928
7929,1732,eu-central,ads,242.24,1700007929
7930,1806,eu-central,ads,70.95,1700007930
7931,1623,us-east,compute,26.81,1700007931
7932,4607,us-east,marketplace,3.42,1700007932
7933,2801,us-east,subscription,39.99,1700007933
7934,949,ap-south,compute,167.46,1700007934
7935,2538,eu-central,storage,10.6,1700007935
7936,2959,ap-south,ads,143.56,1700007936
7937,2252,us-east,storage,113.86,1700007937
7938,2425,ap-northeast,storage,132.12,1700007938
7939,567,us-east,subscription,27.04,1700007939
7940,2898,ap-south,marketplace,79.36,1700007940
7941,1026,us-west,storage,82.7,1700007941
7942,3870,ap-northeast,marketplace,197.85,1700007942
7943,3728,eu-central,ads,56.4,1700007943
7944,3685,eu-central,marketplace,154.94,1700007944
7945,4757,ap-northeast,compute,112.99,1700007945
7946,4951,us-west,subscription,152.51,1700007946
7947,1874,ap-south,compute,72.94,1700007947
7948,1523,ap-south,marketplace,18.63,1700007948
7949,3157,us-east,subscription,42.79,1700007949
7950,3694,eu-central,subscription,235.14,1700007950
7951,4560,us-east,marketplace,122.74,1700007951
7952,3249,us-west,ads,171.68,1700007952
7953,297,us-east,ads,249.12,1700007953
7954,4937,ap-south,marketplace,74.54,1700007954
7955,776,us-west,marketplace,57.24,1700007955
7956,307,ap-south,marketplace,6.31,1700007956
7957,2302,ap-south,marketplace,237.7,1700007957
7958,3277,ap-south,compute,75.78,1700007958
7959,4600,ap-south,compute,204.26,1700007959
7960,4841,eu-central,compute,63.83,1700007960
7961,569,ap-south,ads,224.65,1700007961
7962,2019,ap-south,ads,7.31,1700007962
7963,439,ap-south,storage,1.98,1700007963
7964,589,ap-south,storage,237.47,1700007964
7965,1818,ap-south,marketplace,143.96,1700007965
7966,2540,ap-northeast,subscription,202.43,1700007966
7967,303,ap-south,compute,26.71,1700007967
7968,606,ap-south,ads,143.86,1700007968
7969,3467,us-east,ads,70.23,1700007969
7970,194,us-west,ads,67.74,1700007970
7971,2407,us-east,marketplace,84.21,1700007971
7972,4849,ap-south,storage,70.55,1700007972
7973,1904,us-west,compute,76.46,1700007973
7974,4626,ap-south,marketplace,94.13,1700007974
7975,1326,us-west,compute,246.42,1700007975
7976,3933,us-east,subscription,182.0,1700007976
7977,2951,us-west,ads,219.23,1700007977
7978,454,eu-central,compute,173.99,1700007978
7979,4798,ap-northeast,subscription,96.8,1700007979
7980,3312,eu-central,subscription,180.12,1700007980
7981,915,ap-northeast,storage,162.25,1700007981
7982,3739,us-west,ads,248.62,1700007982
7983,1774,ap-northeast,marketplace,191.07,1700007983
7984,1268,eu-central,compute,124.33,1700007984
7985,1248,us-west,compute,205.85,1700007985
7986,4310,ap-south,marketplace,242.47,1700007986
7987,1996,ap-northeast,subscription,216.57,1700007987
7988,3179,ap-northeast,storage,166.28,1700007988
7989,2137,us-east,subscription,69.1,1700007989
7990,1645,us-east,storage,229.44,1700007990
7991,3200,ap-south,ads,108.17,1700007991
7992,2993,eu-central,compute,160.63,1700007992
7993,3914,us-west,marketplace,116.16,1700007993
7994,1027,us-east,ads,97.76,1700007994
7995,2778,us-east,storage,174.67,1700007995
7996,4813,ap-northeast,compute,47.81,1700007996
7997,3040,eu-central,storage,76.26,1700007997
7998,1710,ap-northeast,compute,173.8,1700007998
7999,3669,us-east,ads,234.73,1700007999
8000,2685,eu-central,storage,2.22,1700008000
